time=2026-09-24T20:42:21.908+03:00 level=INFO msg="page fetched" url=https://go.dev status=200
time=2026-09-24T20:42:22.303+03:00 level=WARN msg="fetch failed" url=https://go.dev/doc status=301 error="unexpected status 301"
time=2026-09-24T20:42:22.303+03:00 level=WARN msg="fetch failed" url=https://go.dev/security/ status=301 error="unexpected status 301"
time=2026-09-24T20:42:22.303+03:00 level=INFO msg="page fetched" url=https://go.dev/ status=200
time=2026-09-24T20:42:22.347+03:00 level=INFO msg="page fetched" url=https://go.dev/doc/devel/release status=200
time=2026-09-24T20:42:22.431+03:00 level=INFO msg="page fetched" url=https://go.dev/doc/effective_go status=200
time=2026-09-24T20:42:22.431+03:00 level=INFO msg="page fetched" url=https://go.dev/talks/ status=200
time=2026-09-24T20:42:22.458+03:00 level=INFO msg="page fetched" url=https://go.dev/solutions/case-studies status=200
time=2026-09-24T20:42:22.498+03:00 level=INFO msg="page fetched" url=https://go.dev/solutions/use-cases status=200
time=2026-09-24T20:42:22.498+03:00 level=INFO msg="page fetched" url=https://go.dev/ref/spec status=200
time=2026-09-24T20:42:22.533+03:00 level=WARN msg="fetch failed" url=https://go.dev/blog status=301 error="unexpected status 301"
time=2026-09-24T20:42:22.533+03:00 level=INFO msg="page fetched" url=https://go.dev/learn/ status=200
time=2026-09-24T20:42:22.544+03:00 level=INFO msg="page fetched" url=https://go.dev/help status=200
time=2026-09-24T20:42:22.555+03:00 level=INFO msg="page fetched" url=https://go.dev/wiki/Conferences status=200
time=2026-09-24T20:42:22.555+03:00 level=WARN msg="fetch failed" url=https://go.dev/dl status=302 error="unexpected status 302"
time=2026-09-24T20:42:22.722+03:00 level=INFO msg="page fetched" url=https://go.dev/solutions/google/ status=200
time=2026-09-24T20:42:22.729+03:00 level=INFO msg="page fetched" url=https://go.dev/solutions/ status=200
time=2026-09-24T20:42:22.731+03:00 level=WARN msg="fetch failed" url=https://go.dev/solutions/cloud/ status=301 error="unexpected status 301"
time=2026-09-24T20:42:22.738+03:00 level=WARN msg="fetch failed" url=https://go.dev/solutions/clis/ status=301 error="unexpected status 301"
time=2026-09-24T20:42:22.746+03:00 level=INFO msg="page fetched" url=https://go.dev/tour/ status=200
time=2026-09-24T20:42:22.752+03:00 level=INFO msg="page fetched" url=https://go.dev/solutions/paypal status=200
time=2026-09-24T20:42:22.752+03:00 level=WARN msg="fetch failed" url=https://go.dev/pkg/net/http/ status=307 error="unexpected status 307"
time=2026-09-24T20:42:22.764+03:00 level=INFO msg="page fetched" url=https://go.dev/solutions/mercadolibre status=200
time=2026-09-24T20:42:22.764+03:00 level=INFO msg="page fetched" url=https://go.dev/solutions/americanexpress status=200
time=2026-09-24T20:42:22.914+03:00 level=WARN msg="fetch failed" url=https://go.dev/pkg/html/template/ status=307 error="unexpected status 307"
time=2026-09-24T20:42:22.915+03:00 level=WARN msg="fetch failed" url=https://go.dev/pkg/database/sql/ status=307 error="unexpected status 307"
time=2026-09-24T20:42:22.915+03:00 level=WARN msg="fetch failed" url=https://go.dev/solutions/webdev/ status=301 error="unexpected status 301"
time=2026-09-24T20:42:22.915+03:00 level=WARN msg="fetch failed" url=https://go.dev/solutions/devops/ status=301 error="unexpected status 301"
time=2026-09-24T20:42:22.915+03:00 level=WARN msg="fetch failed" url=https://go.dev/learn status=301 error="unexpected status 301"
time=2026-09-24T20:42:22.915+03:00 level=WARN msg="fetch failed" url=https://go.dev/doc/install/ status=301 error="unexpected status 301"
time=2026-09-24T20:42:22.915+03:00 level=WARN msg="fetch failed" url=https://go.dev/play status=307 error="unexpected status 307"
time=2026-09-24T20:42:22.927+03:00 level=WARN msg="fetch failed" url=https://go.dev/pkg/ status=307 error="unexpected status 307"
time=2026-09-24T20:42:22.927+03:00 level=WARN msg="fetch failed" url=https://go.dev/help/ status=301 error="unexpected status 301"
time=2026-09-24T20:42:23.119+03:00 level=WARN msg="fetch failed" url=https://go.dev/change status=301 error="unexpected status 301"
time=2026-09-24T20:42:23.121+03:00 level=INFO msg="page fetched" url=https://go.dev/tos status=200
time=2026-09-24T20:42:23.126+03:00 level=INFO msg="page fetched" url=https://go.dev/project status=200
time=2026-09-24T20:42:23.129+03:00 level=INFO msg="page fetched" url=https://go.dev/brand status=200
time=2026-09-24T20:42:23.148+03:00 level=INFO msg="page fetched" url=https://go.dev/wiki/ status=200
time=2026-09-24T20:42:23.176+03:00 level=INFO msg="page fetched" url=https://go.dev/blog/ status=200
time=2026-09-24T20:42:23.670+03:00 level=WARN msg="fetch failed" url=https://go.dev/s/website-issue status=302 error="unexpected status 302"
time=2026-09-24T20:42:23.703+03:00 level=INFO msg="page fetched" url=https://go.dev/copyright status=200
time=2026-09-24T20:42:23.759+03:00 level=INFO msg="page fetched" url=https://go.dev/doc/go1.27 status=200
time=2026-09-24T20:42:23.778+03:00 level=INFO msg="page fetched" url=https://go.dev/doc/go1.26 status=200
time=2026-09-24T20:42:23.789+03:00 level=INFO msg="page fetched" url=https://go.dev/doc/go1.25 status=200
time=2026-09-24T20:42:23.818+03:00 level=INFO msg="page fetched" url=https://go.dev/conduct status=200
time=2026-09-24T20:42:23.829+03:00 level=INFO msg="page fetched" url=https://go.dev/doc/go1.23 status=200
time=2026-09-24T20:42:23.843+03:00 level=WARN msg="fetch failed" url=https://go.dev/security status=307 error="unexpected status 307"
time=2026-09-24T20:42:23.843+03:00 level=INFO msg="page fetched" url=https://go.dev/doc/go1.24 status=200
time=2026-09-24T20:42:24.051+03:00 level=INFO msg="page fetched" url=https://go.dev/doc/go1.22 status=200
time=2026-09-24T20:42:24.316+03:00 level=INFO msg="page fetched" url=https://go.dev/doc/go1.21 status=200
time=2026-09-24T20:42:24.404+03:00 level=INFO msg="page fetched" url=https://go.dev/doc/go1.19 status=200
time=2026-09-24T20:42:24.440+03:00 level=INFO msg="page fetched" url=https://go.dev/doc/go1.20 status=200
time=2026-09-24T20:42:24.446+03:00 level=INFO msg="page fetched" url=https://go.dev/doc/go1.18 status=200
time=2026-09-24T20:42:24.449+03:00 level=INFO msg="page fetched" url=https://go.dev/dl/ status=200
time=2026-09-24T20:42:24.466+03:00 level=INFO msg="page fetched" url=https://go.dev/doc/go1.14 status=200
time=2026-09-24T20:42:24.476+03:00 level=INFO msg="page fetched" url=https://go.dev/doc/go1.15 status=200
time=2026-09-24T20:42:24.499+03:00 level=INFO msg="page fetched" url=https://go.dev/doc/go1.16 status=200
time=2026-09-24T20:42:24.515+03:00 level=INFO msg="page fetched" url=https://go.dev/doc/go1.17 status=200
time=2026-09-24T20:42:24.530+03:00 level=WARN msg="fetch failed" url=https://go.dev/issue/34986 status=302 error="unexpected status 302"
time=2026-09-24T20:42:24.530+03:00 level=INFO msg="page fetched" url=https://go.dev/doc/go1.13 status=200
time=2026-09-24T20:42:24.759+03:00 level=WARN msg="fetch failed" url=https://go.dev/issues/31293 status=302 error="unexpected status 302"
time=2026-09-24T20:42:24.771+03:00 level=INFO msg="page fetched" url=https://go.dev/doc/go1.11 status=200
time=2026-09-24T20:42:24.796+03:00 level=INFO msg="page fetched" url=https://go.dev/doc/go1.12 status=200
time=2026-09-24T20:42:24.830+03:00 level=INFO msg="page fetched" url=https://go.dev/doc/go1.9 status=200
time=2026-09-24T20:42:24.844+03:00 level=INFO msg="page fetched" url=https://go.dev/doc/go1.6 status=200
time=2026-09-24T20:42:24.845+03:00 level=INFO msg="page fetched" url=https://go.dev/doc/go1.8 status=200
time=2026-09-24T20:42:24.845+03:00 level=INFO msg="page fetched" url=https://go.dev/doc/go1.7 status=200
time=2026-09-24T20:42:24.876+03:00 level=INFO msg="page fetched" url=https://go.dev/doc/go1.10 status=200
time=2026-09-24T20:42:24.897+03:00 level=WARN msg="fetch failed" url=https://go.dev/s/go153announce status=302 error="unexpected status 302"
time=2026-09-24T20:42:24.898+03:00 level=INFO msg="page fetched" url=https://go.dev/doc/go1.5 status=200
time=2026-09-24T20:42:24.978+03:00 level=INFO msg="page fetched" url=https://go.dev/doc/go1.4 status=200
time=2026-09-24T20:42:24.979+03:00 level=INFO msg="page fetched" url=https://go.dev/doc/go1.3 status=200
time=2026-09-24T20:42:25.005+03:00 level=WARN msg="fetch failed" url=https://go.dev/doc/go1.html status=301 error="unexpected status 301"
time=2026-09-24T20:42:25.019+03:00 level=WARN msg="fetch failed" url=https://go.dev/issue/5949 status=302 error="unexpected status 302"
time=2026-09-24T20:42:25.020+03:00 level=INFO msg="page fetched" url=https://go.dev/doc/go1.1 status=200
time=2026-09-24T20:42:25.042+03:00 level=INFO msg="page fetched" url=https://go.dev/doc/go1.2 status=200
time=2026-09-24T20:42:25.048+03:00 level=WARN msg="fetch failed" url=https://go.dev/doc/go1compat.html status=301 error="unexpected status 301"
time=2026-09-24T20:42:25.065+03:00 level=WARN msg="fetch failed" url=https://go.dev/doc/devel/weekly.html status=301 error="unexpected status 301"
time=2026-09-24T20:42:25.168+03:00 level=WARN msg="fetch failed" url=https://go.dev/issue/3545 status=302 error="unexpected status 302"
time=2026-09-24T20:42:25.168+03:00 level=WARN msg="fetch failed" url=https://go.dev/issue/3695 status=302 error="unexpected status 302"
time=2026-09-24T20:42:25.168+03:00 level=WARN msg="fetch failed" url=https://go.dev/issue/3573 status=302 error="unexpected status 302"
time=2026-09-24T20:42:25.169+03:00 level=WARN msg="fetch failed" url=https://go.dev/doc/devel/pre_go1.html status=301 error="unexpected status 301"
time=2026-09-24T20:42:25.177+03:00 level=WARN msg="fetch failed" url=https://go.dev/talks/2009 status=302 error="unexpected status 302"
time=2026-09-24T20:42:25.196+03:00 level=WARN msg="fetch failed" url=https://go.dev/talks/2010 status=302 error="unexpected status 302"
time=2026-09-24T20:42:25.208+03:00 level=WARN msg="fetch failed" url=https://go.dev/talks/2011 status=302 error="unexpected status 302"
time=2026-09-24T20:42:25.216+03:00 level=WARN msg="fetch failed" url=https://go.dev/talks/2012 status=302 error="unexpected status 302"
time=2026-09-24T20:42:25.243+03:00 level=WARN msg="fetch failed" url=https://go.dev/cl/11803043 status=302 error="unexpected status 302"
time=2026-09-24T20:42:25.289+03:00 level=WARN msg="fetch failed" url=https://go.dev/cl/6061043 status=302 error="unexpected status 302"
time=2026-09-24T20:42:25.372+03:00 level=WARN msg="fetch failed" url=https://go.dev/talks/2015 status=302 error="unexpected status 302"
time=2026-09-24T20:42:25.372+03:00 level=WARN msg="fetch failed" url=https://go.dev/talks/2016 status=302 error="unexpected status 302"
time=2026-09-24T20:42:25.372+03:00 level=WARN msg="fetch failed" url=https://go.dev/talks/2014 status=302 error="unexpected status 302"
time=2026-09-24T20:42:25.372+03:00 level=WARN msg="fetch failed" url=https://go.dev/talks/2017 status=302 error="unexpected status 302"
time=2026-09-24T20:42:25.372+03:00 level=WARN msg="fetch failed" url=https://go.dev/talks/2013 status=302 error="unexpected status 302"
time=2026-09-24T20:42:25.380+03:00 level=INFO msg="page fetched" url=https://go.dev/doc/ status=200
time=2026-09-24T20:42:25.391+03:00 level=WARN msg="fetch failed" url=https://go.dev/issue/28782 status=302 error="unexpected status 302"
time=2026-09-24T20:42:25.474+03:00 level=WARN msg="fetch failed" url=https://go.dev/talks/2019 status=302 error="unexpected status 302"
time=2026-09-24T20:42:25.474+03:00 level=WARN msg="fetch failed" url=https://go.dev/doc/code.html status=301 error="unexpected status 301"
time=2026-09-24T20:42:25.474+03:00 level=WARN msg="fetch failed" url=https://go.dev/talks/static status=302 error="unexpected status 302"
time=2026-09-24T20:42:25.575+03:00 level=WARN msg="fetch failed" url=https://go.dev/pkg/encoding/json/ status=307 error="unexpected status 307"
time=2026-09-24T20:42:25.578+03:00 level=WARN msg="fetch failed" url=https://go.dev/pkg/strings/ status=307 error="unexpected status 307"
time=2026-09-24T20:42:25.580+03:00 level=WARN msg="fetch failed" url=https://go.dev/pkg/net/http/pprof/ status=307 error="unexpected status 307"
time=2026-09-24T20:42:25.580+03:00 level=INFO msg="page fetched" url=https://go.dev/src/ status=200
time=2026-09-24T20:42:25.583+03:00 level=WARN msg="fetch failed" url=https://go.dev/pkg/runtime status=301 error="unexpected status 301"
time=2026-09-24T20:42:25.584+03:00 level=INFO msg="page fetched" url=https://go.dev/wiki/LoopvarExperiment status=200
time=2026-09-24T20:42:25.585+03:00 level=INFO msg="page fetched" url=https://go.dev/doc/comment status=200
time=2026-09-24T20:42:25.657+03:00 level=WARN msg="fetch failed" url=https://go.dev/blog/concurrency-is-not-parallelism status=301 error="unexpected status 301"
time=2026-09-24T20:42:25.661+03:00 level=INFO msg="page fetched" url=https://go.dev/solutions/clis status=200
time=2026-09-24T20:42:25.661+03:00 level=INFO msg="page fetched" url=https://go.dev/solutions/cloud status=200
time=2026-09-24T20:42:25.783+03:00 level=WARN msg="fetch failed" url=https://go.dev/pkg/unsafe status=301 error="unexpected status 301"
time=2026-09-24T20:42:25.783+03:00 level=WARN msg="fetch failed" url=https://go.dev/pkg/unicode/utf8 status=301 error="unexpected status 301"
time=2026-09-24T20:42:25.783+03:00 level=WARN msg="fetch failed" url=https://go.dev/pkg/reflect/ status=307 error="unexpected status 307"
time=2026-09-24T20:42:25.783+03:00 level=INFO msg="page fetched" url=https://go.dev/solutions/webdev status=200
time=2026-09-24T20:42:25.785+03:00 level=WARN msg="fetch failed" url=https://go.dev/pkg/cmd/vet status=301 error="unexpected status 301"
time=2026-09-24T20:42:25.786+03:00 level=INFO msg="page fetched" url=https://go.dev/doc/go1compat status=200
time=2026-09-24T20:42:25.786+03:00 level=INFO msg="page fetched" url=https://go.dev/solutions/devops status=200
time=2026-09-24T20:42:25.823+03:00 level=INFO msg="page fetched" url=https://go.dev/doc/tutorial/getting-started status=200
time=2026-09-24T20:42:25.843+03:00 level=INFO msg="page fetched" url=https://go.dev/doc/install status=200
time=2026-09-24T20:42:25.987+03:00 level=WARN msg="fetch failed" url=https://go.dev/doc/go_faq.html status=301 error="unexpected status 301"
time=2026-09-24T20:42:25.987+03:00 level=WARN msg="fetch failed" url=https://go.dev/solutions/google/coredata/ status=301 error="unexpected status 301"
time=2026-09-24T20:42:25.987+03:00 level=WARN msg="fetch failed" url=https://go.dev/solutions/google/firebase/ status=301 error="unexpected status 301"
time=2026-09-24T20:42:25.987+03:00 level=WARN msg="fetch failed" url=https://go.dev/solutions/google/chrome/ status=301 error="unexpected status 301"
time=2026-09-24T20:42:25.988+03:00 level=INFO msg="page fetched" url=https://go.dev/wiki/GoUserGroups status=200
time=2026-09-24T20:42:25.993+03:00 level=INFO msg="page fetched" url=https://go.dev/doc/tutorial/create-module status=200
time=2026-09-24T20:42:25.995+03:00 level=WARN msg="fetch failed" url=https://go.dev/solutions/google/sitereliability/ status=301 error="unexpected status 301"
time=2026-09-24T20:42:26.088+03:00 level=WARN msg="fetch failed" url=https://go.dev/wiki status=301 error="unexpected status 301"
time=2026-09-24T20:42:26.092+03:00 level=WARN msg="fetch failed" url=https://go.dev/security/policy status=301 error="unexpected status 301"
time=2026-09-24T20:42:26.114+03:00 level=INFO msg="page fetched" url=https://go.dev/doc/faq status=200
time=2026-09-24T20:42:26.147+03:00 level=WARN msg="fetch failed" url=https://go.dev/doc/devel/release.html status=301 error="unexpected status 301"
time=2026-09-24T20:42:26.147+03:00 level=WARN msg="fetch failed" url=https://go.dev/doc/effective_go.html status=301 error="unexpected status 301"
time=2026-09-24T20:42:26.147+03:00 level=WARN msg="fetch failed" url=https://go.dev/issue status=301 error="unexpected status 301"
time=2026-09-24T20:42:26.149+03:00 level=WARN msg="fetch failed" url=https://go.dev/doc/contribute.html status=301 error="unexpected status 301"
time=2026-09-24T20:42:26.149+03:00 level=INFO msg="page fetched" url=https://go.dev/tour/list status=200
time=2026-09-24T20:42:26.152+03:00 level=WARN msg="fetch failed" url=https://go.dev/issue/new status=302 error="unexpected status 302"
time=2026-09-24T20:42:26.153+03:00 level=INFO msg="page fetched" url=https://go.dev/LICENSE status=200
time=2026-09-24T20:42:26.297+03:00 level=INFO msg="page fetched" url=https://go.dev/wiki/All status=200
time=2026-09-24T20:42:26.309+03:00 level=INFO msg="page fetched" url=https://go.dev/wiki/Contributing status=200
time=2026-09-24T20:42:26.314+03:00 level=INFO msg="page fetched" url=https://go.dev/wiki/FromXToGo status=200
time=2026-09-24T20:42:26.320+03:00 level=INFO msg="page fetched" url=https://go.dev/wiki/SuccessStories status=200
time=2026-09-24T20:42:26.323+03:00 level=INFO msg="page fetched" url=https://go.dev/wiki/WhyGo status=200
time=2026-09-24T20:42:26.364+03:00 level=INFO msg="page fetched" url=https://go.dev/doc/install/source status=200
time=2026-09-24T20:42:26.365+03:00 level=INFO msg="page fetched" url=https://go.dev/wiki/Questions status=200
time=2026-09-24T20:42:26.367+03:00 level=INFO msg="page fetched" url=https://go.dev/blog/go-brand status=200
time=2026-09-24T20:42:26.387+03:00 level=WARN msg="fetch failed" url="https://go.dev/issues/new?title=wiki:" status=302 error="unexpected status 302"
time=2026-09-24T20:42:26.408+03:00 level=INFO msg="page fetched" url=https://go.dev/wiki/GoUsers status=200
time=2026-09-24T20:42:26.724+03:00 level=INFO msg="page fetched" url=https://go.dev/wiki/InstallTroubleshooting status=200
time=2026-09-24T20:42:26.725+03:00 level=INFO msg="page fetched" url=https://go.dev/wiki/InstallFromSource status=200
time=2026-09-24T20:42:26.732+03:00 level=INFO msg="page fetched" url=https://go.dev/wiki/GOPATH status=200
time=2026-09-24T20:42:26.732+03:00 level=INFO msg="page fetched" url=https://go.dev/wiki/CodeTools status=200
time=2026-09-24T20:42:26.747+03:00 level=INFO msg="page fetched" url=https://go.dev/wiki/IDEsAndTextEditorPlugins status=200
time=2026-09-24T20:42:26.747+03:00 level=INFO msg="page fetched" url=https://go.dev/wiki/Projects status=200
time=2026-09-24T20:42:26.783+03:00 level=INFO msg="page fetched" url=https://go.dev/wiki/PackagePublishing status=200
time=2026-09-24T20:42:26.786+03:00 level=INFO msg="page fetched" url=https://go.dev/wiki/Learn status=200
time=2026-09-24T20:42:26.788+03:00 level=INFO msg="page fetched" url=https://go.dev/wiki/LearnServerProgramming status=200
time=2026-09-24T20:42:26.853+03:00 level=INFO msg="page fetched" url=https://go.dev/wiki/Modules status=200
time=2026-09-24T20:42:27.010+03:00 level=INFO msg="page fetched" url=https://go.dev/wiki/Blogs status=200
time=2026-09-24T20:42:27.012+03:00 level=INFO msg="page fetched" url=https://go.dev/wiki/Mobile status=200
time=2026-09-24T20:42:27.013+03:00 level=INFO msg="page fetched" url=https://go.dev/wiki/LearnTesting status=200
time=2026-09-24T20:42:27.065+03:00 level=INFO msg="page fetched" url=https://go.dev/wiki/Books status=200
time=2026-09-24T20:42:27.066+03:00 level=INFO msg="page fetched" url=https://go.dev/wiki/LearnConcurrency status=200
time=2026-09-24T20:42:27.076+03:00 level=INFO msg="page fetched" url=https://go.dev/wiki/LearnErrorHandling status=200
time=2026-09-24T20:42:27.083+03:00 level=INFO msg="page fetched" url=https://go.dev/wiki/Podcasts status=200
time=2026-09-24T20:42:27.115+03:00 level=INFO msg="page fetched" url=https://go.dev/wiki/Screencasts status=200
time=2026-09-24T20:42:27.115+03:00 level=INFO msg="page fetched" url=https://go.dev/wiki/Livestreams status=200
time=2026-09-24T20:42:27.339+03:00 level=INFO msg="page fetched" url=https://go.dev/wiki/GoTalks status=200
time=2026-09-24T20:42:27.345+03:00 level=INFO msg="page fetched" url=https://go.dev/wiki/Training status=200
time=2026-09-24T20:42:27.357+03:00 level=INFO msg="page fetched" url=https://go.dev/wiki/HowToAsk status=200
time=2026-09-24T20:42:27.362+03:00 level=INFO msg="page fetched" url=https://go.dev/wiki/Courses status=200
time=2026-09-24T20:42:27.363+03:00 level=INFO msg="page fetched" url=https://go.dev/wiki/NonEnglish status=200
time=2026-09-24T20:42:27.389+03:00 level=INFO msg="page fetched" url=https://go.dev/wiki/Articles status=200
time=2026-09-24T20:42:27.390+03:00 level=INFO msg="page fetched" url=https://go.dev/wiki/GoGetTools status=200
time=2026-09-24T20:42:27.395+03:00 level=INFO msg="page fetched" url=https://go.dev/wiki/cgo status=200
time=2026-09-24T20:42:27.641+03:00 level=INFO msg="page fetched" url=https://go.dev/wiki/GccgoCrossCompilation status=200
time=2026-09-24T20:42:27.647+03:00 level=INFO msg="page fetched" url=https://go.dev/wiki/GoGenerateTools status=200
time=2026-09-24T20:42:27.650+03:00 level=INFO msg="page fetched" url=https://go.dev/wiki/LockOSThread status=200
time=2026-09-24T20:42:27.656+03:00 level=INFO msg="page fetched" url=https://go.dev/wiki/GcToolchainTricks status=200
time=2026-09-24T20:42:27.658+03:00 level=INFO msg="page fetched" url=https://go.dev/wiki/MutexOrChannel status=200
time=2026-09-24T20:42:27.676+03:00 level=INFO msg="page fetched" url=https://go.dev/wiki/AI status=200
time=2026-09-24T20:42:27.678+03:00 level=INFO msg="page fetched" url=https://go.dev/wiki/Gopher status=200
time=2026-09-24T20:42:27.680+03:00 level=INFO msg="page fetched" url=https://go.dev/wiki/CompilerOptimizations status=200
time=2026-09-24T20:42:27.682+03:00 level=INFO msg="page fetched" url=https://go.dev/wiki/Timeouts status=200
time=2026-09-24T20:42:27.974+03:00 level=INFO msg="page fetched" url=https://go.dev/doc/articles/race_detector status=200
time=2026-09-24T20:42:27.978+03:00 level=INFO msg="page fetched" url=https://go.dev/wiki/SQLInterface status=200
time=2026-09-24T20:42:27.979+03:00 level=INFO msg="page fetched" url=https://go.dev/wiki/GoStrings status=200
time=2026-09-24T20:42:27.987+03:00 level=INFO msg="page fetched" url=https://go.dev/wiki/Comments status=200
time=2026-09-24T20:42:27.987+03:00 level=INFO msg="page fetched" url=https://go.dev/wiki/Errors status=200
time=2026-09-24T20:42:27.989+03:00 level=INFO msg="page fetched" url=https://go.dev/wiki/Iota status=200
time=2026-09-24T20:42:28.019+03:00 level=INFO msg="page fetched" url=https://go.dev/wiki/GoForCPPProgrammers status=200
time=2026-09-24T20:42:28.024+03:00 level=INFO msg="page fetched" url=https://go.dev/wiki/GoGetProxyConfig status=200
time=2026-09-24T20:42:28.025+03:00 level=INFO msg="page fetched" url=https://go.dev/wiki/InterfaceSlice status=200
time=2026-09-24T20:42:28.078+03:00 level=INFO msg="page fetched" url=https://go.dev/wiki/SQLDrivers status=200
time=2026-09-24T20:42:28.143+03:00 level=INFO msg="page fetched" url=https://go.dev/wiki/MethodSets status=200
time=2026-09-24T20:42:28.144+03:00 level=INFO msg="page fetched" url=https://go.dev/wiki/PanicAndRecover status=200
time=2026-09-24T20:42:28.146+03:00 level=INFO msg="page fetched" url=https://go.dev/wiki/Range status=200
time=2026-09-24T20:42:28.660+03:00 level=INFO msg="page fetched" url=https://go.dev/wiki/RateLimiting status=200
time=2026-09-24T20:42:28.660+03:00 level=INFO msg="page fetched" url=https://go.dev/wiki/SimultaneousAssignment status=200
time=2026-09-24T20:42:28.660+03:00 level=INFO msg="page fetched" url=https://go.dev/wiki/TableDrivenTests status=200
time=2026-09-24T20:42:28.660+03:00 level=INFO msg="page fetched" url=https://go.dev/wiki/Switch status=200
time=2026-09-24T20:42:28.662+03:00 level=WARN msg="fetch failed" url=https://go.dev/blog/profiling-go-programs status=301 error="unexpected status 301"
time=2026-09-24T20:42:28.663+03:00 level=INFO msg="page fetched" url=https://go.dev/wiki/SliceTricks status=200
time=2026-09-24T20:42:28.663+03:00 level=INFO msg="page fetched" url=https://go.dev/wiki/HostedContinuousIntegration status=200
time=2026-09-24T20:42:28.663+03:00 level=INFO msg="page fetched" url=https://go.dev/wiki/ProviderIntegration status=200
time=2026-09-24T20:42:28.683+03:00 level=INFO msg="page fetched" url=https://go.dev/wiki/heapdump13 status=200
time=2026-09-24T20:42:28.683+03:00 level=INFO msg="page fetched" url=https://go.dev/wiki/SignalHandling status=200
time=2026-09-24T20:42:28.963+03:00 level=INFO msg="page fetched" url=https://go.dev/wiki/CodeReview status=200
time=2026-09-24T20:42:28.963+03:00 level=INFO msg="page fetched" url=https://go.dev/wiki/heapdump14 status=200
time=2026-09-24T20:42:28.964+03:00 level=INFO msg="page fetched" url=https://go.dev/wiki/Go-Release-Cycle status=200
time=2026-09-24T20:42:28.965+03:00 level=INFO msg="page fetched" url=https://go.dev/wiki/X-Repositories status=200
time=2026-09-24T20:42:28.965+03:00 level=INFO msg="page fetched" url=https://go.dev/wiki/DesignDocuments status=200
time=2026-09-24T20:42:28.981+03:00 level=INFO msg="page fetched" url=https://go.dev/doc/contribute status=200
time=2026-09-24T20:42:28.986+03:00 level=INFO msg="page fetched" url=https://go.dev/wiki/HandlingIssues status=200
time=2026-09-24T20:42:28.992+03:00 level=INFO msg="page fetched" url=https://go.dev/wiki/DashboardBuilders status=200
time=2026-09-24T20:42:29.003+03:00 level=INFO msg="page fetched" url=https://go.dev/wiki/CodeReviewComments status=200
time=2026-09-24T20:42:29.164+03:00 level=INFO msg="page fetched" url=https://go.dev/wiki/DragonFly-BSD status=200
time=2026-09-24T20:42:29.164+03:00 level=INFO msg="page fetched" url=https://go.dev/wiki/PortingPolicy status=200
time=2026-09-24T20:42:29.171+03:00 level=INFO msg="page fetched" url=https://go.dev/wiki/FreeBSD status=200
time=2026-09-24T20:42:29.171+03:00 level=INFO msg="page fetched" url=https://go.dev/wiki/Darwin status=200
time=2026-09-24T20:42:29.178+03:00 level=INFO msg="page fetched" url=https://go.dev/wiki/ChromeOS status=200
time=2026-09-24T20:42:29.185+03:00 level=INFO msg="page fetched" url=https://go.dev/wiki/Download-build-farm-failed-logs-and-debugging status=200
time=2026-09-24T20:42:29.218+03:00 level=INFO msg="page fetched" url=https://go.dev/wiki/GoArm status=200
time=2026-09-24T20:42:29.242+03:00 level=INFO msg="page fetched" url=https://go.dev/wiki/PerformanceMonitoring status=200
time=2026-09-24T20:42:29.273+03:00 level=INFO msg="page fetched" url=https://go.dev/wiki/heapdump15-through-heapdump17 status=200
time=2026-09-24T20:42:29.403+03:00 level=INFO msg="page fetched" url=https://go.dev/wiki/Ubuntu status=200
time=2026-09-24T20:42:29.403+03:00 level=INFO msg="page fetched" url=https://go.dev/wiki/Windows status=200
time=2026-09-24T20:42:29.404+03:00 level=INFO msg="page fetched" url=https://go.dev/wiki/Solaris status=200
time=2026-09-24T20:42:29.404+03:00 level=INFO msg="page fetched" url=https://go.dev/wiki/Linux status=200
time=2026-09-24T20:42:29.418+03:00 level=INFO msg="page fetched" url=https://go.dev/wiki/OpenBSD status=200
time=2026-09-24T20:42:29.474+03:00 level=INFO msg="page fetched" url=https://go.dev/wiki/Plan9 status=200
time=2026-09-24T20:42:29.474+03:00 level=INFO msg="page fetched" url=https://go.dev/wiki/NetBSD status=200
time=2026-09-24T20:42:29.477+03:00 level=INFO msg="page fetched" url=https://go.dev/wiki/WindowsCrossCompiling status=200
time=2026-09-24T20:42:29.787+03:00 level=INFO msg="page fetched" url=https://go.dev/blog/size-specialized-allocations status=200
time=2026-09-24T20:42:29.789+03:00 level=INFO msg="page fetched" url=https://go.dev/blog/generic-methods status=200
time=2026-09-24T20:42:29.795+03:00 level=INFO msg="page fetched" url=https://go.dev/blog/go1.27 status=200
time=2026-09-24T20:42:29.796+03:00 level=INFO msg="page fetched" url=https://go.dev/blog/goroutine-leak-profiles status=200
time=2026-09-24T20:42:29.812+03:00 level=INFO msg="page fetched" url=https://go.dev/wiki/WindowsDLLs status=200
time=2026-09-24T20:42:29.868+03:00 level=INFO msg="page fetched" url=https://go.dev/blog/pkgsite-api status=200
time=2026-09-24T20:42:29.869+03:00 level=INFO msg="page fetched" url=https://go.dev/blog/inliner status=200
time=2026-09-24T20:42:29.869+03:00 level=INFO msg="page fetched" url=https://go.dev/blog/type-construction-and-cycle-detection status=200
time=2026-09-24T20:42:29.900+03:00 level=INFO msg="page fetched" url=https://go.dev/wiki/MinimumRequirements status=200
time=2026-09-24T20:42:29.980+03:00 level=INFO msg="page fetched" url=https://go.dev/blog/allocation-optimizations status=200
time=2026-09-24T20:42:29.980+03:00 level=INFO msg="page fetched" url=https://go.dev/blog/go1.26 status=200
time=2026-09-24T20:42:29.992+03:00 level=INFO msg="page fetched" url=https://go.dev/blog/gofix status=200
time=2026-09-24T20:42:30.002+03:00 level=INFO msg="page fetched" url=https://go.dev/wiki/WindowsBuild status=200
time=2026-09-24T20:42:30.023+03:00 level=INFO msg="page fetched" url=https://go.dev/blog/open-source status=200
time=2026-09-24T20:42:30.047+03:00 level=INFO msg="page fetched" url=https://go.dev/blog/all status=200
time=2026-09-24T20:42:30.068+03:00 level=WARN msg="fetch failed" url=https://go.dev/cmd/go/ status=307 error="unexpected status 307"
time=2026-09-24T20:42:30.071+03:00 level=WARN msg="fetch failed" url=https://go.dev/dl/go1.27.1.windows-amd64.msi status=302 error="unexpected status 302"
time=2026-09-24T20:42:30.072+03:00 level=WARN msg="fetch failed" url=https://go.dev/dl/go1.27.1.darwin-arm64.pkg status=302 error="unexpected status 302"
time=2026-09-24T20:42:30.491+03:00 level=WARN msg="fetch failed" url=https://go.dev/dl/go1.27.1.darwin-amd64.pkg status=302 error="unexpected status 302"
time=2026-09-24T20:42:30.492+03:00 level=WARN msg="fetch failed" url=https://go.dev/dl/go1.27.1.darwin-amd64.tar.gz status=302 error="unexpected status 302"
time=2026-09-24T20:42:30.492+03:00 level=WARN msg="fetch failed" url=https://go.dev/dl/go1.27.1.linux-386.tar.gz status=302 error="unexpected status 302"
time=2026-09-24T20:42:30.492+03:00 level=WARN msg="fetch failed" url=https://go.dev/dl/go1.27.1.linux-amd64.tar.gz status=302 error="unexpected status 302"
time=2026-09-24T20:42:30.492+03:00 level=WARN msg="fetch failed" url=https://go.dev/dl/go1.27.1.darwin-arm64.tar.gz status=302 error="unexpected status 302"
time=2026-09-24T20:42:30.492+03:00 level=WARN msg="fetch failed" url=https://go.dev/dl/go1.27.1.windows-386.zip status=302 error="unexpected status 302"
time=2026-09-24T20:42:30.492+03:00 level=WARN msg="fetch failed" url=https://go.dev/dl/go1.27.1.linux-arm64.tar.gz status=302 error="unexpected status 302"
time=2026-09-24T20:42:30.492+03:00 level=WARN msg="fetch failed" url=https://go.dev/dl/go1.27.1.src.tar.gz status=302 error="unexpected status 302"
time=2026-09-24T20:42:30.492+03:00 level=WARN msg="fetch failed" url=https://go.dev/dl/go1.27.1.linux-armv6l.tar.gz status=302 error="unexpected status 302"
time=2026-09-24T20:42:30.492+03:00 level=WARN msg="fetch failed" url=https://go.dev/dl/go1.27.1.windows-386.msi status=302 error="unexpected status 302"
time=2026-09-24T20:42:30.697+03:00 level=WARN msg="fetch failed" url=https://go.dev/dl/go1.27.1.dragonfly-amd64.tar.gz status=302 error="unexpected status 302"
time=2026-09-24T20:42:30.697+03:00 level=WARN msg="fetch failed" url=https://go.dev/dl/go1.27.1.freebsd-amd64.tar.gz status=302 error="unexpected status 302"
time=2026-09-24T20:42:30.697+03:00 level=WARN msg="fetch failed" url=https://go.dev/dl/go1.27.1.aix-ppc64.tar.gz status=302 error="unexpected status 302"
time=2026-09-24T20:42:30.697+03:00 level=WARN msg="fetch failed" url=https://go.dev/dl/go1.27.1.freebsd-arm64.tar.gz status=302 error="unexpected status 302"
time=2026-09-24T20:42:30.697+03:00 level=WARN msg="fetch failed" url=https://go.dev/dl/go1.27.1.freebsd-arm.tar.gz status=302 error="unexpected status 302"
time=2026-09-24T20:42:30.697+03:00 level=WARN msg="fetch failed" url=https://go.dev/dl/go1.27.1.illumos-amd64.tar.gz status=302 error="unexpected status 302"
time=2026-09-24T20:42:30.697+03:00 level=WARN msg="fetch failed" url=https://go.dev/dl/go1.27.1.freebsd-386.tar.gz status=302 error="unexpected status 302"
time=2026-09-24T20:42:30.697+03:00 level=WARN msg="fetch failed" url=https://go.dev/dl/go1.27.1.linux-loong64.tar.gz status=302 error="unexpected status 302"
time=2026-09-24T20:42:30.724+03:00 level=WARN msg="fetch failed" url=https://go.dev/dl/go1.27.1.linux-mips.tar.gz status=302 error="unexpected status 302"
time=2026-09-24T20:42:30.800+03:00 level=WARN msg="fetch failed" url=https://go.dev/dl/go1.27.1.windows-amd64.zip status=302 error="unexpected status 302"
time=2026-09-24T20:42:30.901+03:00 level=WARN msg="fetch failed" url=https://go.dev/dl/go1.27.1.linux-mips64le.tar.gz status=302 error="unexpected status 302"
time=2026-09-24T20:42:30.901+03:00 level=WARN msg="fetch failed" url=https://go.dev/dl/go1.27.1.linux-ppc64.tar.gz status=302 error="unexpected status 302"
time=2026-09-24T20:42:30.901+03:00 level=WARN msg="fetch failed" url=https://go.dev/dl/go1.27.1.linux-mips64.tar.gz status=302 error="unexpected status 302"
time=2026-09-24T20:42:30.901+03:00 level=WARN msg="fetch failed" url=https://go.dev/dl/go1.27.1.linux-ppc64le.tar.gz status=302 error="unexpected status 302"
time=2026-09-24T20:42:30.901+03:00 level=WARN msg="fetch failed" url=https://go.dev/dl/go1.27.1.linux-riscv64.tar.gz status=302 error="unexpected status 302"
time=2026-09-24T20:42:30.902+03:00 level=WARN msg="fetch failed" url=https://go.dev/dl/go1.27.1.linux-s390x.tar.gz status=302 error="unexpected status 302"
time=2026-09-24T20:42:30.902+03:00 level=WARN msg="fetch failed" url=https://go.dev/dl/go1.27.1.netbsd-amd64.tar.gz status=302 error="unexpected status 302"
time=2026-09-24T20:42:30.910+03:00 level=WARN msg="fetch failed" url=https://go.dev/dl/go1.27.1.linux-mipsle.tar.gz status=302 error="unexpected status 302"
time=2026-09-24T20:42:30.927+03:00 level=WARN msg="fetch failed" url=https://go.dev/dl/go1.27.1.netbsd-386.tar.gz status=302 error="unexpected status 302"
time=2026-09-24T20:42:31.004+03:00 level=WARN msg="fetch failed" url=https://go.dev/dl/go1.27.1.netbsd-arm.tar.gz status=302 error="unexpected status 302"
time=2026-09-24T20:42:31.208+03:00 level=WARN msg="fetch failed" url=https://go.dev/dl/go1.27.1.netbsd-arm64.tar.gz status=302 error="unexpected status 302"
time=2026-09-24T20:42:31.209+03:00 level=WARN msg="fetch failed" url=https://go.dev/dl/go1.27.1.openbsd-386.tar.gz status=302 error="unexpected status 302"
time=2026-09-24T20:42:31.210+03:00 level=WARN msg="fetch failed" url=https://go.dev/dl/go1.27.1.openbsd-riscv64.tar.gz status=302 error="unexpected status 302"
time=2026-09-24T20:42:31.210+03:00 level=WARN msg="fetch failed" url=https://go.dev/dl/go1.27.1.openbsd-arm64.tar.gz status=302 error="unexpected status 302"
time=2026-09-24T20:42:31.210+03:00 level=WARN msg="fetch failed" url=https://go.dev/dl/go1.27.1.openbsd-arm.tar.gz status=302 error="unexpected status 302"
time=2026-09-24T20:42:31.210+03:00 level=WARN msg="fetch failed" url=https://go.dev/dl/go1.27.1.openbsd-amd64.tar.gz status=302 error="unexpected status 302"
time=2026-09-24T20:42:31.210+03:00 level=WARN msg="fetch failed" url=https://go.dev/dl/go1.27.1.plan9-386.tar.gz status=302 error="unexpected status 302"
time=2026-09-24T20:42:31.210+03:00 level=WARN msg="fetch failed" url=https://go.dev/dl/go1.27.1.openbsd-ppc64.tar.gz status=302 error="unexpected status 302"
time=2026-09-24T20:42:31.210+03:00 level=WARN msg="fetch failed" url=https://go.dev/dl/go1.27.1.plan9-arm.tar.gz status=302 error="unexpected status 302"
time=2026-09-24T20:42:31.210+03:00 level=WARN msg="fetch failed" url=https://go.dev/dl/go1.27.1.plan9-amd64.tar.gz status=302 error="unexpected status 302"
time=2026-09-24T20:42:31.515+03:00 level=WARN msg="fetch failed" url=https://go.dev/dl/go1.26.8.src.tar.gz status=302 error="unexpected status 302"
time=2026-09-24T20:42:31.515+03:00 level=WARN msg="fetch failed" url=https://go.dev/dl/go1.27.1.windows-arm64.msi status=302 error="unexpected status 302"
time=2026-09-24T20:42:31.516+03:00 level=WARN msg="fetch failed" url=https://go.dev/dl/go1.26.8.darwin-arm64.tar.gz status=302 error="unexpected status 302"
time=2026-09-24T20:42:31.516+03:00 level=WARN msg="fetch failed" url=https://go.dev/dl/go1.27.1.windows-arm64.zip status=302 error="unexpected status 302"
time=2026-09-24T20:42:31.516+03:00 level=WARN msg="fetch failed" url=https://go.dev/dl/go1.26.8.linux-386.tar.gz status=302 error="unexpected status 302"
time=2026-09-24T20:42:31.516+03:00 level=WARN msg="fetch failed" url=https://go.dev/dl/go1.26.8.darwin-amd64.tar.gz status=302 error="unexpected status 302"
time=2026-09-24T20:42:31.516+03:00 level=WARN msg="fetch failed" url=https://go.dev/dl/go1.26.8.linux-amd64.tar.gz status=302 error="unexpected status 302"
time=2026-09-24T20:42:31.516+03:00 level=WARN msg="fetch failed" url=https://go.dev/dl/go1.26.8.darwin-arm64.pkg status=302 error="unexpected status 302"
time=2026-09-24T20:42:31.516+03:00 level=WARN msg="fetch failed" url=https://go.dev/dl/go1.26.8.darwin-amd64.pkg status=302 error="unexpected status 302"
time=2026-09-24T20:42:31.516+03:00 level=WARN msg="fetch failed" url=https://go.dev/dl/go1.27.1.solaris-amd64.tar.gz status=302 error="unexpected status 302"
time=2026-09-24T20:42:31.671+03:00 level=WARN msg="fetch failed" url=https://go.dev/dl/go1.26.8.linux-arm64.tar.gz status=302 error="unexpected status 302"
time=2026-09-24T20:42:31.673+03:00 level=WARN msg="fetch failed" url=https://go.dev/dl/go1.26.8.linux-armv6l.tar.gz status=302 error="unexpected status 302"
time=2026-09-24T20:42:31.679+03:00 level=WARN msg="fetch failed" url=https://go.dev/dl/go1.26.8.aix-ppc64.tar.gz status=302 error="unexpected status 302"
time=2026-09-24T20:42:31.681+03:00 level=WARN msg="fetch failed" url=https://go.dev/dl/go1.26.8.windows-amd64.msi status=302 error="unexpected status 302"
time=2026-09-24T20:42:31.682+03:00 level=WARN msg="fetch failed" url=https://go.dev/dl/go1.26.8.freebsd-386.tar.gz status=302 error="unexpected status 302"
time=2026-09-24T20:42:31.684+03:00 level=WARN msg="fetch failed" url=https://go.dev/dl/go1.26.8.windows-386.zip status=302 error="unexpected status 302"
time=2026-09-24T20:42:31.694+03:00 level=WARN msg="fetch failed" url=https://go.dev/dl/go1.26.8.freebsd-amd64.tar.gz status=302 error="unexpected status 302"
time=2026-09-24T20:42:31.707+03:00 level=WARN msg="fetch failed" url=https://go.dev/dl/go1.26.8.windows-386.msi status=302 error="unexpected status 302"
time=2026-09-24T20:42:31.708+03:00 level=WARN msg="fetch failed" url=https://go.dev/dl/go1.26.8.windows-amd64.zip status=302 error="unexpected status 302"
time=2026-09-24T20:42:31.719+03:00 level=WARN msg="fetch failed" url=https://go.dev/dl/go1.26.8.dragonfly-amd64.tar.gz status=302 error="unexpected status 302"
time=2026-09-24T20:42:31.830+03:00 level=WARN msg="fetch failed" url=https://go.dev/dl/go1.26.8.freebsd-arm.tar.gz status=302 error="unexpected status 302"
time=2026-09-24T20:42:31.852+03:00 level=WARN msg="fetch failed" url=https://go.dev/dl/go1.26.8.illumos-amd64.tar.gz status=302 error="unexpected status 302"
time=2026-09-24T20:42:31.855+03:00 level=WARN msg="fetch failed" url=https://go.dev/dl/go1.26.8.linux-mips64.tar.gz status=302 error="unexpected status 302"
time=2026-09-24T20:42:31.863+03:00 level=WARN msg="fetch failed" url=https://go.dev/dl/go1.26.8.linux-mips64le.tar.gz status=302 error="unexpected status 302"
time=2026-09-24T20:42:31.867+03:00 level=WARN msg="fetch failed" url=https://go.dev/dl/go1.26.8.linux-ppc64.tar.gz status=302 error="unexpected status 302"
time=2026-09-24T20:42:31.873+03:00 level=WARN msg="fetch failed" url=https://go.dev/dl/go1.26.8.linux-mips.tar.gz status=302 error="unexpected status 302"
time=2026-09-24T20:42:31.873+03:00 level=WARN msg="fetch failed" url=https://go.dev/dl/go1.26.8.freebsd-arm64.tar.gz status=302 error="unexpected status 302"
time=2026-09-24T20:42:31.887+03:00 level=WARN msg="fetch failed" url=https://go.dev/dl/go1.26.8.linux-ppc64le.tar.gz status=302 error="unexpected status 302"
time=2026-09-24T20:42:31.891+03:00 level=WARN msg="fetch failed" url=https://go.dev/dl/go1.26.8.linux-loong64.tar.gz status=302 error="unexpected status 302"
time=2026-09-24T20:42:32.027+03:00 level=WARN msg="fetch failed" url=https://go.dev/dl/go1.26.8.linux-riscv64.tar.gz status=302 error="unexpected status 302"
time=2026-09-24T20:42:32.028+03:00 level=WARN msg="fetch failed" url=https://go.dev/dl/go1.26.8.linux-s390x.tar.gz status=302 error="unexpected status 302"
time=2026-09-24T20:42:32.032+03:00 level=WARN msg="fetch failed" url=https://go.dev/dl/go1.26.8.netbsd-386.tar.gz status=302 error="unexpected status 302"
time=2026-09-24T20:42:32.032+03:00 level=WARN msg="fetch failed" url=https://go.dev/dl/go1.26.8.netbsd-amd64.tar.gz status=302 error="unexpected status 302"
time=2026-09-24T20:42:32.032+03:00 level=WARN msg="fetch failed" url=https://go.dev/dl/go1.26.8.linux-mipsle.tar.gz status=302 error="unexpected status 302"
time=2026-09-24T20:42:32.032+03:00 level=WARN msg="fetch failed" url=https://go.dev/dl/go1.26.8.netbsd-arm64.tar.gz status=302 error="unexpected status 302"
time=2026-09-24T20:42:32.032+03:00 level=WARN msg="fetch failed" url=https://go.dev/dl/go1.26.8.netbsd-arm.tar.gz status=302 error="unexpected status 302"
time=2026-09-24T20:42:32.032+03:00 level=WARN msg="fetch failed" url=https://go.dev/dl/go1.26.8.openbsd-386.tar.gz status=302 error="unexpected status 302"
time=2026-09-24T20:42:32.043+03:00 level=WARN msg="fetch failed" url=https://go.dev/dl/go1.26.8.openbsd-amd64.tar.gz status=302 error="unexpected status 302"
time=2026-09-24T20:42:32.232+03:00 level=WARN msg="fetch failed" url=https://go.dev/dl/go1.26.8.openbsd-arm64.tar.gz status=302 error="unexpected status 302"
time=2026-09-24T20:42:32.232+03:00 level=WARN msg="fetch failed" url=https://go.dev/dl/go1.26.8.openbsd-ppc64.tar.gz status=302 error="unexpected status 302"
time=2026-09-24T20:42:32.233+03:00 level=WARN msg="fetch failed" url=https://go.dev/dl/go1.26.8.solaris-amd64.tar.gz status=302 error="unexpected status 302"
time=2026-09-24T20:42:32.233+03:00 level=WARN msg="fetch failed" url=https://go.dev/dl/go1.26.8.plan9-386.tar.gz status=302 error="unexpected status 302"
time=2026-09-24T20:42:32.233+03:00 level=WARN msg="fetch failed" url=https://go.dev/dl/go1.26.8.windows-arm64.zip status=302 error="unexpected status 302"
time=2026-09-24T20:42:32.233+03:00 level=WARN msg="fetch failed" url=https://go.dev/dl/go1.26.8.windows-arm64.msi status=302 error="unexpected status 302"
time=2026-09-24T20:42:32.233+03:00 level=WARN msg="fetch failed" url=https://go.dev/dl/go1.26.8.plan9-amd64.tar.gz status=302 error="unexpected status 302"
time=2026-09-24T20:42:32.233+03:00 level=WARN msg="fetch failed" url=https://go.dev/dl/go1.26.8.openbsd-arm.tar.gz status=302 error="unexpected status 302"
time=2026-09-24T20:42:32.233+03:00 level=WARN msg="fetch failed" url=https://go.dev/dl/go1.26.8.openbsd-riscv64.tar.gz status=302 error="unexpected status 302"
time=2026-09-24T20:42:32.234+03:00 level=WARN msg="fetch failed" url=https://go.dev/dl/go1.26.8.plan9-arm.tar.gz status=302 error="unexpected status 302"
time=2026-09-24T20:42:32.440+03:00 level=WARN msg="fetch failed" url=https://go.dev/dl/go1.27.0.darwin-amd64.tar.gz status=302 error="unexpected status 302"
time=2026-09-24T20:42:32.440+03:00 level=WARN msg="fetch failed" url=https://go.dev/dl/go1.27.0.src.tar.gz status=302 error="unexpected status 302"
time=2026-09-24T20:42:32.440+03:00 level=WARN msg="fetch failed" url=https://go.dev/dl/go1.27.0.aix-ppc64.tar.gz status=302 error="unexpected status 302"
time=2026-09-24T20:42:32.440+03:00 level=WARN msg="fetch failed" url=https://go.dev/dl/go1.27.0.freebsd-386.tar.gz status=302 error="unexpected status 302"
time=2026-09-24T20:42:32.441+03:00 level=WARN msg="fetch failed" url=https://go.dev/dl/go1.27.0.darwin-arm64.tar.gz status=302 error="unexpected status 302"
time=2026-09-24T20:42:32.441+03:00 level=WARN msg="fetch failed" url=https://go.dev/dl/go1.27.0.darwin-amd64.pkg status=302 error="unexpected status 302"
time=2026-09-24T20:42:32.441+03:00 level=WARN msg="fetch failed" url=https://go.dev/dl/go1.27.0.freebsd-amd64.tar.gz status=302 error="unexpected status 302"
time=2026-09-24T20:42:32.441+03:00 level=WARN msg="fetch failed" url=https://go.dev/dl/go1.27.0.darwin-arm64.pkg status=302 error="unexpected status 302"
time=2026-09-24T20:42:32.441+03:00 level=WARN msg="fetch failed" url=https://go.dev/dl/go1.27.0.freebsd-arm.tar.gz status=302 error="unexpected status 302"
time=2026-09-24T20:42:32.441+03:00 level=WARN msg="fetch failed" url=https://go.dev/dl/go1.27.0.dragonfly-amd64.tar.gz status=302 error="unexpected status 302"
time=2026-09-24T20:42:32.643+03:00 level=WARN msg="fetch failed" url=https://go.dev/dl/go1.27.0.linux-armv6l.tar.gz status=302 error="unexpected status 302"
time=2026-09-24T20:42:32.643+03:00 level=WARN msg="fetch failed" url=https://go.dev/dl/go1.27.0.linux-386.tar.gz status=302 error="unexpected status 302"
time=2026-09-24T20:42:32.643+03:00 level=WARN msg="fetch failed" url=https://go.dev/dl/go1.27.0.linux-mips64le.tar.gz status=302 error="unexpected status 302"
time=2026-09-24T20:42:32.643+03:00 level=WARN msg="fetch failed" url=https://go.dev/dl/go1.27.0.illumos-amd64.tar.gz status=302 error="unexpected status 302"
time=2026-09-24T20:42:32.643+03:00 level=WARN msg="fetch failed" url=https://go.dev/dl/go1.27.0.freebsd-arm64.tar.gz status=302 error="unexpected status 302"
time=2026-09-24T20:42:32.643+03:00 level=WARN msg="fetch failed" url=https://go.dev/dl/go1.27.0.linux-mips.tar.gz status=302 error="unexpected status 302"
time=2026-09-24T20:42:32.643+03:00 level=WARN msg="fetch failed" url=https://go.dev/dl/go1.27.0.linux-loong64.tar.gz status=302 error="unexpected status 302"
time=2026-09-24T20:42:32.643+03:00 level=WARN msg="fetch failed" url=https://go.dev/dl/go1.27.0.linux-arm64.tar.gz status=302 error="unexpected status 302"
time=2026-09-24T20:42:32.643+03:00 level=WARN msg="fetch failed" url=https://go.dev/dl/go1.27.0.linux-mips64.tar.gz status=302 error="unexpected status 302"
time=2026-09-24T20:42:32.744+03:00 level=WARN msg="fetch failed" url=https://go.dev/dl/go1.27.0.linux-amd64.tar.gz status=302 error="unexpected status 302"
time=2026-09-24T20:42:33.261+03:00 level=WARN msg="fetch failed" url=https://go.dev/dl/go1.27.0.linux-mipsle.tar.gz status=302 error="unexpected status 302"
time=2026-09-24T20:42:33.261+03:00 level=WARN msg="fetch failed" url=https://go.dev/dl/go1.27.0.linux-s390x.tar.gz status=302 error="unexpected status 302"
time=2026-09-24T20:42:33.261+03:00 level=WARN msg="fetch failed" url=https://go.dev/dl/go1.27.0.linux-ppc64.tar.gz status=302 error="unexpected status 302"
time=2026-09-24T20:42:33.261+03:00 level=WARN msg="fetch failed" url=https://go.dev/dl/go1.27.0.netbsd-386.tar.gz status=302 error="unexpected status 302"
time=2026-09-24T20:42:33.262+03:00 level=WARN msg="fetch failed" url=https://go.dev/dl/go1.27.0.netbsd-arm.tar.gz status=302 error="unexpected status 302"
time=2026-09-24T20:42:33.262+03:00 level=WARN msg="fetch failed" url=https://go.dev/dl/go1.27.0.netbsd-arm64.tar.gz status=302 error="unexpected status 302"
time=2026-09-24T20:42:33.262+03:00 level=WARN msg="fetch failed" url=https://go.dev/dl/go1.27.0.linux-riscv64.tar.gz status=302 error="unexpected status 302"
time=2026-09-24T20:42:33.262+03:00 level=WARN msg="fetch failed" url=https://go.dev/dl/go1.27.0.netbsd-amd64.tar.gz status=302 error="unexpected status 302"
time=2026-09-24T20:42:33.262+03:00 level=WARN msg="fetch failed" url=https://go.dev/dl/go1.27.0.openbsd-386.tar.gz status=302 error="unexpected status 302"
time=2026-09-24T20:42:33.262+03:00 level=WARN msg="fetch failed" url=https://go.dev/dl/go1.27.0.linux-ppc64le.tar.gz status=302 error="unexpected status 302"
time=2026-09-24T20:42:33.564+03:00 level=WARN msg="fetch failed" url=https://go.dev/dl/go1.27.0.openbsd-amd64.tar.gz status=302 error="unexpected status 302"
time=2026-09-24T20:42:33.564+03:00 level=WARN msg="fetch failed" url=https://go.dev/dl/go1.27.0.windows-386.zip status=302 error="unexpected status 302"
time=2026-09-24T20:42:33.564+03:00 level=WARN msg="fetch failed" url=https://go.dev/dl/go1.27.0.solaris-amd64.tar.gz status=302 error="unexpected status 302"
time=2026-09-24T20:42:33.564+03:00 level=WARN msg="fetch failed" url=https://go.dev/dl/go1.27.0.plan9-386.tar.gz status=302 error="unexpected status 302"
time=2026-09-24T20:42:33.564+03:00 level=WARN msg="fetch failed" url=https://go.dev/dl/go1.27.0.openbsd-riscv64.tar.gz status=302 error="unexpected status 302"
time=2026-09-24T20:42:33.564+03:00 level=WARN msg="fetch failed" url=https://go.dev/dl/go1.27.0.openbsd-arm.tar.gz status=302 error="unexpected status 302"
time=2026-09-24T20:42:33.564+03:00 level=WARN msg="fetch failed" url=https://go.dev/dl/go1.27.0.plan9-arm.tar.gz status=302 error="unexpected status 302"
time=2026-09-24T20:42:33.564+03:00 level=WARN msg="fetch failed" url=https://go.dev/dl/go1.27.0.plan9-amd64.tar.gz status=302 error="unexpected status 302"
time=2026-09-24T20:42:33.564+03:00 level=WARN msg="fetch failed" url=https://go.dev/dl/go1.27.0.openbsd-ppc64.tar.gz status=302 error="unexpected status 302"
time=2026-09-24T20:42:33.564+03:00 level=WARN msg="fetch failed" url=https://go.dev/dl/go1.27.0.openbsd-arm64.tar.gz status=302 error="unexpected status 302"
time=2026-09-24T20:42:33.720+03:00 level=WARN msg="fetch failed" url=https://go.dev/dl/go1.27.0.windows-386.msi status=302 error="unexpected status 302"
time=2026-09-24T20:42:33.754+03:00 level=WARN msg="fetch failed" url=https://go.dev/dl/go1.27.0.windows-amd64.msi status=302 error="unexpected status 302"
time=2026-09-24T20:42:33.754+03:00 level=WARN msg="fetch failed" url=https://go.dev/dl/go1.26.7.darwin-amd64.pkg status=302 error="unexpected status 302"
time=2026-09-24T20:42:33.754+03:00 level=WARN msg="fetch failed" url=https://go.dev/dl/go1.27.0.windows-amd64.zip status=302 error="unexpected status 302"
time=2026-09-24T20:42:33.754+03:00 level=WARN msg="fetch failed" url=https://go.dev/dl/go1.26.7.darwin-arm64.tar.gz status=302 error="unexpected status 302"
time=2026-09-24T20:42:33.754+03:00 level=WARN msg="fetch failed" url=https://go.dev/dl/go1.26.7.darwin-amd64.tar.gz status=302 error="unexpected status 302"
time=2026-09-24T20:42:33.754+03:00 level=WARN msg="fetch failed" url=https://go.dev/dl/go1.27.0.windows-arm64.msi status=302 error="unexpected status 302"
time=2026-09-24T20:42:33.754+03:00 level=WARN msg="fetch failed" url=https://go.dev/dl/go1.26.7.aix-ppc64.tar.gz status=302 error="unexpected status 302"
time=2026-09-24T20:42:33.754+03:00 level=WARN msg="fetch failed" url=https://go.dev/dl/go1.26.7.src.tar.gz status=302 error="unexpected status 302"
time=2026-09-24T20:42:33.754+03:00 level=WARN msg="fetch failed" url=https://go.dev/dl/go1.27.0.windows-arm64.zip status=302 error="unexpected status 302"
time=2026-09-24T20:42:33.874+03:00 level=WARN msg="fetch failed" url=https://go.dev/dl/go1.26.7.darwin-arm64.pkg status=302 error="unexpected status 302"
time=2026-09-24T20:42:33.974+03:00 level=WARN msg="fetch failed" url=https://go.dev/dl/go1.26.7.illumos-amd64.tar.gz status=302 error="unexpected status 302"
time=2026-09-24T20:42:33.974+03:00 level=WARN msg="fetch failed" url=https://go.dev/dl/go1.26.7.dragonfly-amd64.tar.gz status=302 error="unexpected status 302"
time=2026-09-24T20:42:33.974+03:00 level=WARN msg="fetch failed" url=https://go.dev/dl/go1.26.7.freebsd-arm64.tar.gz status=302 error="unexpected status 302"
time=2026-09-24T20:42:33.974+03:00 level=WARN msg="fetch failed" url=https://go.dev/dl/go1.26.7.linux-amd64.tar.gz status=302 error="unexpected status 302"
time=2026-09-24T20:42:33.976+03:00 level=WARN msg="fetch failed" url=https://go.dev/dl/go1.26.7.freebsd-386.tar.gz status=302 error="unexpected status 302"
time=2026-09-24T20:42:33.976+03:00 level=WARN msg="fetch failed" url=https://go.dev/dl/go1.26.7.linux-386.tar.gz status=302 error="unexpected status 302"
time=2026-09-24T20:42:33.976+03:00 level=WARN msg="fetch failed" url=https://go.dev/dl/go1.26.7.linux-arm64.tar.gz status=302 error="unexpected status 302"
time=2026-09-24T20:42:33.976+03:00 level=WARN msg="fetch failed" url=https://go.dev/dl/go1.26.7.freebsd-arm.tar.gz status=302 error="unexpected status 302"
time=2026-09-24T20:42:34.076+03:00 level=WARN msg="fetch failed" url=https://go.dev/dl/go1.26.7.linux-armv6l.tar.gz status=302 error="unexpected status 302"
time=2026-09-24T20:42:34.076+03:00 level=WARN msg="fetch failed" url=https://go.dev/dl/go1.26.7.freebsd-amd64.tar.gz status=302 error="unexpected status 302"
time=2026-09-24T20:42:34.183+03:00 level=WARN msg="fetch failed" url=https://go.dev/dl/go1.26.7.linux-loong64.tar.gz status=302 error="unexpected status 302"
time=2026-09-24T20:42:34.183+03:00 level=WARN msg="fetch failed" url=https://go.dev/dl/go1.26.7.linux-ppc64le.tar.gz status=302 error="unexpected status 302"
time=2026-09-24T20:42:34.183+03:00 level=WARN msg="fetch failed" url=https://go.dev/dl/go1.26.7.linux-ppc64.tar.gz status=302 error="unexpected status 302"
time=2026-09-24T20:42:34.183+03:00 level=WARN msg="fetch failed" url=https://go.dev/dl/go1.26.7.linux-riscv64.tar.gz status=302 error="unexpected status 302"
time=2026-09-24T20:42:34.183+03:00 level=WARN msg="fetch failed" url=https://go.dev/dl/go1.26.7.linux-mips.tar.gz status=302 error="unexpected status 302"
time=2026-09-24T20:42:34.183+03:00 level=WARN msg="fetch failed" url=https://go.dev/dl/go1.26.7.linux-mips64le.tar.gz status=302 error="unexpected status 302"
time=2026-09-24T20:42:34.183+03:00 level=WARN msg="fetch failed" url=https://go.dev/dl/go1.26.7.linux-mipsle.tar.gz status=302 error="unexpected status 302"
time=2026-09-24T20:42:34.184+03:00 level=WARN msg="fetch failed" url=https://go.dev/dl/go1.26.7.linux-mips64.tar.gz status=302 error="unexpected status 302"
time=2026-09-24T20:42:34.382+03:00 level=WARN msg="fetch failed" url=https://go.dev/dl/go1.26.7.linux-s390x.tar.gz status=302 error="unexpected status 302"
time=2026-09-24T20:42:34.383+03:00 level=WARN msg="fetch failed" url=https://go.dev/dl/go1.26.7.netbsd-386.tar.gz status=302 error="unexpected status 302"
time=2026-09-24T20:42:34.383+03:00 level=WARN msg="fetch failed" url=https://go.dev/dl/go1.26.7.openbsd-arm.tar.gz status=302 error="unexpected status 302"
time=2026-09-24T20:42:34.383+03:00 level=WARN msg="fetch failed" url=https://go.dev/dl/go1.26.7.openbsd-arm64.tar.gz status=302 error="unexpected status 302"
time=2026-09-24T20:42:34.383+03:00 level=WARN msg="fetch failed" url=https://go.dev/dl/go1.26.7.netbsd-arm64.tar.gz status=302 error="unexpected status 302"
time=2026-09-24T20:42:34.383+03:00 level=WARN msg="fetch failed" url=https://go.dev/dl/go1.26.7.openbsd-386.tar.gz status=302 error="unexpected status 302"
time=2026-09-24T20:42:34.383+03:00 level=WARN msg="fetch failed" url=https://go.dev/dl/go1.26.7.openbsd-ppc64.tar.gz status=302 error="unexpected status 302"
time=2026-09-24T20:42:34.405+03:00 level=WARN msg="fetch failed" url=https://go.dev/dl/go1.26.7.netbsd-arm.tar.gz status=302 error="unexpected status 302"
time=2026-09-24T20:42:34.420+03:00 level=WARN msg="fetch failed" url=https://go.dev/dl/go1.26.7.openbsd-amd64.tar.gz status=302 error="unexpected status 302"
time=2026-09-24T20:42:34.424+03:00 level=WARN msg="fetch failed" url=https://go.dev/dl/go1.26.7.netbsd-amd64.tar.gz status=302 error="unexpected status 302"
time=2026-09-24T20:42:34.706+03:00 level=WARN msg="fetch failed" url=https://go.dev/dl/go1.26.7.windows-386.zip status=302 error="unexpected status 302"
time=2026-09-24T20:42:34.706+03:00 level=WARN msg="fetch failed" url=https://go.dev/dl/go1.26.7.plan9-arm.tar.gz status=302 error="unexpected status 302"
time=2026-09-24T20:42:34.706+03:00 level=WARN msg="fetch failed" url=https://go.dev/dl/go1.26.7.plan9-amd64.tar.gz status=302 error="unexpected status 302"
time=2026-09-24T20:42:34.706+03:00 level=WARN msg="fetch failed" url=https://go.dev/dl/go1.26.7.openbsd-riscv64.tar.gz status=302 error="unexpected status 302"
time=2026-09-24T20:42:34.706+03:00 level=WARN msg="fetch failed" url=https://go.dev/dl/go1.26.7.windows-amd64.zip status=302 error="unexpected status 302"
time=2026-09-24T20:42:34.706+03:00 level=WARN msg="fetch failed" url=https://go.dev/dl/go1.26.7.windows-arm64.zip status=302 error="unexpected status 302"
time=2026-09-24T20:42:34.706+03:00 level=WARN msg="fetch failed" url=https://go.dev/dl/go1.26.7.solaris-amd64.tar.gz status=302 error="unexpected status 302"
time=2026-09-24T20:42:34.706+03:00 level=WARN msg="fetch failed" url=https://go.dev/dl/go1.26.7.windows-amd64.msi status=302 error="unexpected status 302"
time=2026-09-24T20:42:34.706+03:00 level=WARN msg="fetch failed" url=https://go.dev/dl/go1.26.7.windows-386.msi status=302 error="unexpected status 302"
time=2026-09-24T20:42:34.706+03:00 level=WARN msg="fetch failed" url=https://go.dev/dl/go1.26.7.plan9-386.tar.gz status=302 error="unexpected status 302"
time=2026-09-24T20:42:34.997+03:00 level=WARN msg="fetch failed" url=https://go.dev/dl/go1.26.7.windows-arm64.msi status=302 error="unexpected status 302"
time=2026-09-24T20:42:34.997+03:00 level=WARN msg="fetch failed" url=https://go.dev/dl/go1.26.6.darwin-arm64.pkg status=302 error="unexpected status 302"
time=2026-09-24T20:42:34.999+03:00 level=WARN msg="fetch failed" url=https://go.dev/dl/go1.26.6.darwin-amd64.pkg status=302 error="unexpected status 302"
time=2026-09-24T20:42:34.999+03:00 level=WARN msg="fetch failed" url=https://go.dev/dl/go1.26.6.src.tar.gz status=302 error="unexpected status 302"
time=2026-09-24T20:42:34.999+03:00 level=WARN msg="fetch failed" url=https://go.dev/dl/go1.26.6.aix-ppc64.tar.gz status=302 error="unexpected status 302"
time=2026-09-24T20:42:34.999+03:00 level=WARN msg="fetch failed" url=https://go.dev/dl/go1.26.6.darwin-amd64.tar.gz status=302 error="unexpected status 302"
time=2026-09-24T20:42:34.999+03:00 level=WARN msg="fetch failed" url=https://go.dev/dl/go1.26.6.freebsd-amd64.tar.gz status=302 error="unexpected status 302"
time=2026-09-24T20:42:34.999+03:00 level=WARN msg="fetch failed" url=https://go.dev/dl/go1.26.6.dragonfly-amd64.tar.gz status=302 error="unexpected status 302"
time=2026-09-24T20:42:34.999+03:00 level=WARN msg="fetch failed" url=https://go.dev/dl/go1.26.6.freebsd-386.tar.gz status=302 error="unexpected status 302"
time=2026-09-24T20:42:35.000+03:00 level=WARN msg="fetch failed" url=https://go.dev/dl/go1.26.6.darwin-arm64.tar.gz status=302 error="unexpected status 302"
time=2026-09-24T20:42:35.201+03:00 level=WARN msg="fetch failed" url=https://go.dev/dl/go1.26.6.freebsd-arm64.tar.gz status=302 error="unexpected status 302"
time=2026-09-24T20:42:35.202+03:00 level=WARN msg="fetch failed" url=https://go.dev/dl/go1.26.6.linux-amd64.tar.gz status=302 error="unexpected status 302"
time=2026-09-24T20:42:35.202+03:00 level=WARN msg="fetch failed" url=https://go.dev/dl/go1.26.6.linux-mips64.tar.gz status=302 error="unexpected status 302"
time=2026-09-24T20:42:35.202+03:00 level=WARN msg="fetch failed" url=https://go.dev/dl/go1.26.6.linux-loong64.tar.gz status=302 error="unexpected status 302"
time=2026-09-24T20:42:35.202+03:00 level=WARN msg="fetch failed" url=https://go.dev/dl/go1.26.6.linux-mips.tar.gz status=302 error="unexpected status 302"
time=2026-09-24T20:42:35.202+03:00 level=WARN msg="fetch failed" url=https://go.dev/dl/go1.26.6.linux-armv6l.tar.gz status=302 error="unexpected status 302"
time=2026-09-24T20:42:35.202+03:00 level=WARN msg="fetch failed" url=https://go.dev/dl/go1.26.6.illumos-amd64.tar.gz status=302 error="unexpected status 302"
time=2026-09-24T20:42:35.202+03:00 level=WARN msg="fetch failed" url=https://go.dev/dl/go1.26.6.linux-arm64.tar.gz status=302 error="unexpected status 302"
time=2026-09-24T20:42:35.305+03:00 level=WARN msg="fetch failed" url=https://go.dev/dl/go1.26.6.freebsd-arm.tar.gz status=302 error="unexpected status 302"
time=2026-09-24T20:42:35.406+03:00 level=WARN msg="fetch failed" url=https://go.dev/dl/go1.26.6.linux-mips64le.tar.gz status=302 error="unexpected status 302"
time=2026-09-24T20:42:35.407+03:00 level=WARN msg="fetch failed" url=https://go.dev/dl/go1.26.6.netbsd-386.tar.gz status=302 error="unexpected status 302"
time=2026-09-24T20:42:35.407+03:00 level=WARN msg="fetch failed" url=https://go.dev/dl/go1.26.6.linux-ppc64le.tar.gz status=302 error="unexpected status 302"
time=2026-09-24T20:42:35.407+03:00 level=WARN msg="fetch failed" url=https://go.dev/dl/go1.26.6.linux-mipsle.tar.gz status=302 error="unexpected status 302"
time=2026-09-24T20:42:35.407+03:00 level=WARN msg="fetch failed" url=https://go.dev/dl/go1.26.6.netbsd-amd64.tar.gz status=302 error="unexpected status 302"
time=2026-09-24T20:42:35.407+03:00 level=WARN msg="fetch failed" url=https://go.dev/dl/go1.26.6.linux-riscv64.tar.gz status=302 error="unexpected status 302"
time=2026-09-24T20:42:35.407+03:00 level=WARN msg="fetch failed" url=https://go.dev/dl/go1.26.6.linux-ppc64.tar.gz status=302 error="unexpected status 302"
time=2026-09-24T20:42:35.407+03:00 level=WARN msg="fetch failed" url=https://go.dev/dl/go1.26.6.linux-s390x.tar.gz status=302 error="unexpected status 302"
time=2026-09-24T20:42:35.514+03:00 level=WARN msg="fetch failed" url=https://go.dev/dl/go1.26.6.linux-386.tar.gz status=302 error="unexpected status 302"
time=2026-09-24T20:42:35.514+03:00 level=WARN msg="fetch failed" url=https://go.dev/dl/go1.26.6.netbsd-arm.tar.gz status=302 error="unexpected status 302"
time=2026-09-24T20:42:35.612+03:00 level=WARN msg="fetch failed" url=https://go.dev/dl/go1.26.6.openbsd-386.tar.gz status=302 error="unexpected status 302"
time=2026-09-24T20:42:35.612+03:00 level=WARN msg="fetch failed" url=https://go.dev/dl/go1.26.6.openbsd-arm64.tar.gz status=302 error="unexpected status 302"
time=2026-09-24T20:42:35.612+03:00 level=WARN msg="fetch failed" url=https://go.dev/dl/go1.26.6.openbsd-amd64.tar.gz status=302 error="unexpected status 302"
time=2026-09-24T20:42:35.612+03:00 level=WARN msg="fetch failed" url=https://go.dev/dl/go1.26.6.netbsd-arm64.tar.gz status=302 error="unexpected status 302"
time=2026-09-24T20:42:35.624+03:00 level=WARN msg="fetch failed" url=https://go.dev/dl/go1.26.6.openbsd-ppc64.tar.gz status=302 error="unexpected status 302"
time=2026-09-24T20:42:35.629+03:00 level=WARN msg="fetch failed" url=https://go.dev/dl/go1.26.6.plan9-386.tar.gz status=302 error="unexpected status 302"
time=2026-09-24T20:42:35.638+03:00 level=WARN msg="fetch failed" url=https://go.dev/dl/go1.26.6.openbsd-riscv64.tar.gz status=302 error="unexpected status 302"
time=2026-09-24T20:42:35.641+03:00 level=WARN msg="fetch failed" url=https://go.dev/dl/go1.26.6.openbsd-arm.tar.gz status=302 error="unexpected status 302"
time=2026-09-24T20:42:35.681+03:00 level=WARN msg="fetch failed" url=https://go.dev/dl/go1.26.6.plan9-arm.tar.gz status=302 error="unexpected status 302"
time=2026-09-24T20:42:35.683+03:00 level=WARN msg="fetch failed" url=https://go.dev/dl/go1.26.6.plan9-amd64.tar.gz status=302 error="unexpected status 302"
time=2026-09-24T20:42:35.817+03:00 level=WARN msg="fetch failed" url=https://go.dev/dl/go1.26.6.solaris-amd64.tar.gz status=302 error="unexpected status 302"
time=2026-09-24T20:42:35.817+03:00 level=WARN msg="fetch failed" url=https://go.dev/dl/go1.26.6.windows-amd64.msi status=302 error="unexpected status 302"
time=2026-09-24T20:42:35.817+03:00 level=WARN msg="fetch failed" url=https://go.dev/dl/go1.26.6.windows-386.msi status=302 error="unexpected status 302"
time=2026-09-24T20:42:35.818+03:00 level=WARN msg="fetch failed" url=https://go.dev/dl/go1.26.6.windows-amd64.zip status=302 error="unexpected status 302"
time=2026-09-24T20:42:35.818+03:00 level=WARN msg="fetch failed" url=https://go.dev/dl/go1.26.6.windows-arm64.zip status=302 error="unexpected status 302"
time=2026-09-24T20:42:35.818+03:00 level=WARN msg="fetch failed" url=https://go.dev/dl/go1.26.6.windows-386.zip status=302 error="unexpected status 302"
time=2026-09-24T20:42:35.818+03:00 level=WARN msg="fetch failed" url=https://go.dev/dl/go1.26.6.windows-arm64.msi status=302 error="unexpected status 302"
time=2026-09-24T20:42:35.818+03:00 level=WARN msg="fetch failed" url=https://go.dev/dl/go1.26.5.src.tar.gz status=302 error="unexpected status 302"
time=2026-09-24T20:42:35.826+03:00 level=WARN msg="fetch failed" url=https://go.dev/dl/go1.26.5.aix-ppc64.tar.gz status=302 error="unexpected status 302"
time=2026-09-24T20:42:35.841+03:00 level=WARN msg="fetch failed" url=https://go.dev/dl/go1.26.5.darwin-amd64.tar.gz status=302 error="unexpected status 302"
time=2026-09-24T20:42:36.021+03:00 level=WARN msg="fetch failed" url=https://go.dev/dl/go1.26.5.darwin-amd64.pkg status=302 error="unexpected status 302"
time=2026-09-24T20:42:36.021+03:00 level=WARN msg="fetch failed" url=https://go.dev/dl/go1.26.5.freebsd-amd64.tar.gz status=302 error="unexpected status 302"
time=2026-09-24T20:42:36.021+03:00 level=WARN msg="fetch failed" url=https://go.dev/dl/go1.26.5.darwin-arm64.tar.gz status=302 error="unexpected status 302"
time=2026-09-24T20:42:36.021+03:00 level=WARN msg="fetch failed" url=https://go.dev/dl/go1.26.5.darwin-arm64.pkg status=302 error="unexpected status 302"
time=2026-09-24T20:42:36.021+03:00 level=WARN msg="fetch failed" url=https://go.dev/dl/go1.26.5.freebsd-arm64.tar.gz status=302 error="unexpected status 302"
time=2026-09-24T20:42:36.021+03:00 level=WARN msg="fetch failed" url=https://go.dev/dl/go1.26.5.freebsd-arm.tar.gz status=302 error="unexpected status 302"
time=2026-09-24T20:42:36.022+03:00 level=WARN msg="fetch failed" url=https://go.dev/dl/go1.26.5.freebsd-386.tar.gz status=302 error="unexpected status 302"
time=2026-09-24T20:42:36.022+03:00 level=WARN msg="fetch failed" url=https://go.dev/dl/go1.26.5.linux-386.tar.gz status=302 error="unexpected status 302"
time=2026-09-24T20:42:36.022+03:00 level=WARN msg="fetch failed" url=https://go.dev/dl/go1.26.5.illumos-amd64.tar.gz status=302 error="unexpected status 302"
time=2026-09-24T20:42:36.226+03:00 level=WARN msg="fetch failed" url=https://go.dev/dl/go1.26.5.dragonfly-amd64.tar.gz status=302 error="unexpected status 302"
time=2026-09-24T20:42:36.226+03:00 level=WARN msg="fetch failed" url=https://go.dev/dl/go1.26.5.linux-mips64.tar.gz status=302 error="unexpected status 302"
time=2026-09-24T20:42:36.226+03:00 level=WARN msg="fetch failed" url=https://go.dev/dl/go1.26.5.linux-loong64.tar.gz status=302 error="unexpected status 302"
time=2026-09-24T20:42:36.226+03:00 level=WARN msg="fetch failed" url=https://go.dev/dl/go1.26.5.linux-mips.tar.gz status=302 error="unexpected status 302"
time=2026-09-24T20:42:36.226+03:00 level=WARN msg="fetch failed" url=https://go.dev/dl/go1.26.5.linux-amd64.tar.gz status=302 error="unexpected status 302"
time=2026-09-24T20:42:36.226+03:00 level=WARN msg="fetch failed" url=https://go.dev/dl/go1.26.5.linux-mipsle.tar.gz status=302 error="unexpected status 302"
time=2026-09-24T20:42:36.226+03:00 level=WARN msg="fetch failed" url=https://go.dev/dl/go1.26.5.linux-mips64le.tar.gz status=302 error="unexpected status 302"
time=2026-09-24T20:42:36.260+03:00 level=WARN msg="fetch failed" url=https://go.dev/dl/go1.26.5.linux-ppc64.tar.gz status=302 error="unexpected status 302"
time=2026-09-24T20:42:36.273+03:00 level=WARN msg="fetch failed" url=https://go.dev/dl/go1.26.5.linux-arm64.tar.gz status=302 error="unexpected status 302"
time=2026-09-24T20:42:36.274+03:00 level=WARN msg="fetch failed" url=https://go.dev/dl/go1.26.5.linux-armv6l.tar.gz status=302 error="unexpected status 302"
time=2026-09-24T20:42:36.433+03:00 level=WARN msg="fetch failed" url=https://go.dev/dl/go1.26.5.linux-ppc64le.tar.gz status=302 error="unexpected status 302"
time=2026-09-24T20:42:36.434+03:00 level=WARN msg="fetch failed" url=https://go.dev/dl/go1.26.5.linux-s390x.tar.gz status=302 error="unexpected status 302"
time=2026-09-24T20:42:36.434+03:00 level=WARN msg="fetch failed" url=https://go.dev/dl/go1.26.5.netbsd-arm.tar.gz status=302 error="unexpected status 302"
time=2026-09-24T20:42:36.434+03:00 level=WARN msg="fetch failed" url=https://go.dev/dl/go1.26.5.openbsd-386.tar.gz status=302 error="unexpected status 302"
time=2026-09-24T20:42:36.434+03:00 level=WARN msg="fetch failed" url=https://go.dev/dl/go1.26.5.netbsd-amd64.tar.gz status=302 error="unexpected status 302"
time=2026-09-24T20:42:36.434+03:00 level=WARN msg="fetch failed" url=https://go.dev/dl/go1.26.5.netbsd-arm64.tar.gz status=302 error="unexpected status 302"
time=2026-09-24T20:42:36.434+03:00 level=WARN msg="fetch failed" url=https://go.dev/dl/go1.26.5.linux-riscv64.tar.gz status=302 error="unexpected status 302"
time=2026-09-24T20:42:36.434+03:00 level=WARN msg="fetch failed" url=https://go.dev/dl/go1.26.5.openbsd-amd64.tar.gz status=302 error="unexpected status 302"
time=2026-09-24T20:42:36.443+03:00 level=WARN msg="fetch failed" url=https://go.dev/dl/go1.26.5.openbsd-arm.tar.gz status=302 error="unexpected status 302"
time=2026-09-24T20:42:36.738+03:00 level=WARN msg="fetch failed" url=https://go.dev/dl/go1.26.5.netbsd-386.tar.gz status=302 error="unexpected status 302"
time=2026-09-24T20:42:36.739+03:00 level=WARN msg="fetch failed" url=https://go.dev/dl/go1.26.5.plan9-386.tar.gz status=302 error="unexpected status 302"
time=2026-09-24T20:42:36.739+03:00 level=WARN msg="fetch failed" url=https://go.dev/dl/go1.26.5.windows-386.zip status=302 error="unexpected status 302"
time=2026-09-24T20:42:36.739+03:00 level=WARN msg="fetch failed" url=https://go.dev/dl/go1.26.5.plan9-amd64.tar.gz status=302 error="unexpected status 302"
time=2026-09-24T20:42:36.739+03:00 level=WARN msg="fetch failed" url=https://go.dev/dl/go1.26.5.windows-386.msi status=302 error="unexpected status 302"
time=2026-09-24T20:42:36.739+03:00 level=WARN msg="fetch failed" url=https://go.dev/dl/go1.26.5.openbsd-ppc64.tar.gz status=302 error="unexpected status 302"
time=2026-09-24T20:42:36.739+03:00 level=WARN msg="fetch failed" url=https://go.dev/dl/go1.26.5.plan9-arm.tar.gz status=302 error="unexpected status 302"
time=2026-09-24T20:42:36.739+03:00 level=WARN msg="fetch failed" url=https://go.dev/dl/go1.26.5.openbsd-riscv64.tar.gz status=302 error="unexpected status 302"
time=2026-09-24T20:42:36.739+03:00 level=WARN msg="fetch failed" url=https://go.dev/dl/go1.26.5.solaris-amd64.tar.gz status=302 error="unexpected status 302"
time=2026-09-24T20:42:36.739+03:00 level=WARN msg="fetch failed" url=https://go.dev/dl/go1.26.5.openbsd-arm64.tar.gz status=302 error="unexpected status 302"
time=2026-09-24T20:42:36.945+03:00 level=WARN msg="fetch failed" url=https://go.dev/dl/go1.26.5.windows-arm64.msi status=302 error="unexpected status 302"
time=2026-09-24T20:42:36.945+03:00 level=WARN msg="fetch failed" url=https://go.dev/dl/go1.26.4.src.tar.gz status=302 error="unexpected status 302"
time=2026-09-24T20:42:36.945+03:00 level=WARN msg="fetch failed" url=https://go.dev/dl/go1.26.5.windows-amd64.zip status=302 error="unexpected status 302"
time=2026-09-24T20:42:36.945+03:00 level=WARN msg="fetch failed" url=https://go.dev/dl/go1.26.4.darwin-amd64.tar.gz status=302 error="unexpected status 302"
time=2026-09-24T20:42:36.945+03:00 level=WARN msg="fetch failed" url=https://go.dev/dl/go1.26.5.windows-arm64.zip status=302 error="unexpected status 302"
time=2026-09-24T20:42:36.945+03:00 level=WARN msg="fetch failed" url=https://go.dev/dl/go1.26.4.darwin-arm64.tar.gz status=302 error="unexpected status 302"
time=2026-09-24T20:42:36.945+03:00 level=WARN msg="fetch failed" url=https://go.dev/dl/go1.26.4.darwin-amd64.pkg status=302 error="unexpected status 302"
time=2026-09-24T20:42:36.989+03:00 level=WARN msg="fetch failed" url=https://go.dev/dl/go1.26.4.aix-ppc64.tar.gz status=302 error="unexpected status 302"
time=2026-09-24T20:42:36.991+03:00 level=WARN msg="fetch failed" url=https://go.dev/dl/go1.26.4.darwin-arm64.pkg status=302 error="unexpected status 302"
time=2026-09-24T20:42:37.148+03:00 level=WARN msg="fetch failed" url=https://go.dev/dl/go1.26.5.windows-amd64.msi status=302 error="unexpected status 302"
time=2026-09-24T20:42:37.148+03:00 level=WARN msg="fetch failed" url=https://go.dev/dl/go1.26.4.dragonfly-amd64.tar.gz status=302 error="unexpected status 302"
time=2026-09-24T20:42:37.149+03:00 level=WARN msg="fetch failed" url=https://go.dev/dl/go1.26.4.freebsd-arm.tar.gz status=302 error="unexpected status 302"
time=2026-09-24T20:42:37.149+03:00 level=WARN msg="fetch failed" url=https://go.dev/dl/go1.26.4.freebsd-amd64.tar.gz status=302 error="unexpected status 302"
time=2026-09-24T20:42:37.149+03:00 level=WARN msg="fetch failed" url=https://go.dev/dl/go1.26.4.linux-386.tar.gz status=302 error="unexpected status 302"
time=2026-09-24T20:42:37.149+03:00 level=WARN msg="fetch failed" url=https://go.dev/dl/go1.26.4.freebsd-arm64.tar.gz status=302 error="unexpected status 302"
time=2026-09-24T20:42:37.149+03:00 level=WARN msg="fetch failed" url=https://go.dev/dl/go1.26.4.illumos-amd64.tar.gz status=302 error="unexpected status 302"
time=2026-09-24T20:42:37.149+03:00 level=WARN msg="fetch failed" url=https://go.dev/dl/go1.26.4.linux-amd64.tar.gz status=302 error="unexpected status 302"
time=2026-09-24T20:42:37.149+03:00 level=WARN msg="fetch failed" url=https://go.dev/dl/go1.26.4.linux-arm64.tar.gz status=302 error="unexpected status 302"
time=2026-09-24T20:42:37.353+03:00 level=WARN msg="fetch failed" url=https://go.dev/dl/go1.26.4.freebsd-386.tar.gz status=302 error="unexpected status 302"
time=2026-09-24T20:42:37.354+03:00 level=WARN msg="fetch failed" url=https://go.dev/dl/go1.26.4.linux-loong64.tar.gz status=302 error="unexpected status 302"
time=2026-09-24T20:42:37.354+03:00 level=WARN msg="fetch failed" url=https://go.dev/dl/go1.26.4.linux-mips.tar.gz status=302 error="unexpected status 302"
time=2026-09-24T20:42:37.354+03:00 level=WARN msg="fetch failed" url=https://go.dev/dl/go1.26.4.linux-armv6l.tar.gz status=302 error="unexpected status 302"
time=2026-09-24T20:42:37.354+03:00 level=WARN msg="fetch failed" url=https://go.dev/dl/go1.26.4.linux-ppc64.tar.gz status=302 error="unexpected status 302"
time=2026-09-24T20:42:37.354+03:00 level=WARN msg="fetch failed" url=https://go.dev/dl/go1.26.4.linux-ppc64le.tar.gz status=302 error="unexpected status 302"
time=2026-09-24T20:42:37.354+03:00 level=WARN msg="fetch failed" url=https://go.dev/dl/go1.26.4.linux-mips64.tar.gz status=302 error="unexpected status 302"
time=2026-09-24T20:42:37.357+03:00 level=WARN msg="fetch failed" url=https://go.dev/dl/go1.26.4.linux-mipsle.tar.gz status=302 error="unexpected status 302"
time=2026-09-24T20:42:37.357+03:00 level=WARN msg="fetch failed" url=https://go.dev/dl/go1.26.4.linux-riscv64.tar.gz status=302 error="unexpected status 302"
time=2026-09-24T20:42:37.357+03:00 level=WARN msg="fetch failed" url=https://go.dev/dl/go1.26.4.linux-mips64le.tar.gz status=302 error="unexpected status 302"
time=2026-09-24T20:42:37.558+03:00 level=WARN msg="fetch failed" url=https://go.dev/dl/go1.26.4.linux-s390x.tar.gz status=302 error="unexpected status 302"
time=2026-09-24T20:42:37.558+03:00 level=WARN msg="fetch failed" url=https://go.dev/dl/go1.26.4.netbsd-386.tar.gz status=302 error="unexpected status 302"
time=2026-09-24T20:42:37.558+03:00 level=WARN msg="fetch failed" url=https://go.dev/dl/go1.26.4.netbsd-arm64.tar.gz status=302 error="unexpected status 302"
time=2026-09-24T20:42:37.562+03:00 level=WARN msg="fetch failed" url=https://go.dev/dl/go1.26.4.netbsd-amd64.tar.gz status=302 error="unexpected status 302"
time=2026-09-24T20:42:37.562+03:00 level=WARN msg="fetch failed" url=https://go.dev/dl/go1.26.4.netbsd-arm.tar.gz status=302 error="unexpected status 302"
time=2026-09-24T20:42:37.562+03:00 level=WARN msg="fetch failed" url=https://go.dev/dl/go1.26.4.openbsd-arm.tar.gz status=302 error="unexpected status 302"
time=2026-09-24T20:42:37.563+03:00 level=WARN msg="fetch failed" url=https://go.dev/dl/go1.26.4.openbsd-ppc64.tar.gz status=302 error="unexpected status 302"
time=2026-09-24T20:42:37.563+03:00 level=WARN msg="fetch failed" url=https://go.dev/dl/go1.26.4.openbsd-386.tar.gz status=302 error="unexpected status 302"
time=2026-09-24T20:42:37.563+03:00 level=WARN msg="fetch failed" url=https://go.dev/dl/go1.26.4.openbsd-amd64.tar.gz status=302 error="unexpected status 302"
time=2026-09-24T20:42:37.661+03:00 level=WARN msg="fetch failed" url=https://go.dev/dl/go1.26.4.openbsd-arm64.tar.gz status=302 error="unexpected status 302"
time=2026-09-24T20:42:37.762+03:00 level=WARN msg="fetch failed" url=https://go.dev/dl/go1.26.4.openbsd-riscv64.tar.gz status=302 error="unexpected status 302"
time=2026-09-24T20:42:37.763+03:00 level=WARN msg="fetch failed" url=https://go.dev/dl/go1.26.4.plan9-amd64.tar.gz status=302 error="unexpected status 302"
time=2026-09-24T20:42:37.763+03:00 level=WARN msg="fetch failed" url=https://go.dev/dl/go1.26.4.windows-amd64.msi status=302 error="unexpected status 302"
time=2026-09-24T20:42:37.763+03:00 level=WARN msg="fetch failed" url=https://go.dev/dl/go1.26.4.solaris-amd64.tar.gz status=302 error="unexpected status 302"
time=2026-09-24T20:42:37.763+03:00 level=WARN msg="fetch failed" url=https://go.dev/dl/go1.26.4.plan9-arm.tar.gz status=302 error="unexpected status 302"
time=2026-09-24T20:42:37.764+03:00 level=WARN msg="fetch failed" url=https://go.dev/dl/go1.26.4.windows-386.msi status=302 error="unexpected status 302"
time=2026-09-24T20:42:37.764+03:00 level=WARN msg="fetch failed" url=https://go.dev/dl/go1.26.4.plan9-386.tar.gz status=302 error="unexpected status 302"
time=2026-09-24T20:42:37.764+03:00 level=WARN msg="fetch failed" url=https://go.dev/dl/go1.26.4.windows-amd64.zip status=302 error="unexpected status 302"
time=2026-09-24T20:42:37.865+03:00 level=WARN msg="fetch failed" url=https://go.dev/dl/go1.26.4.windows-arm64.zip status=302 error="unexpected status 302"
time=2026-09-24T20:42:37.865+03:00 level=WARN msg="fetch failed" url=https://go.dev/dl/go1.26.4.windows-386.zip status=302 error="unexpected status 302"
time=2026-09-24T20:42:37.968+03:00 level=WARN msg="fetch failed" url=https://go.dev/dl/go1.26.3.src.tar.gz status=302 error="unexpected status 302"
time=2026-09-24T20:42:38.068+03:00 level=WARN msg="fetch failed" url=https://go.dev/dl/go1.26.3.darwin-arm64.tar.gz status=302 error="unexpected status 302"
time=2026-09-24T20:42:38.068+03:00 level=WARN msg="fetch failed" url=https://go.dev/dl/go1.26.3.freebsd-386.tar.gz status=302 error="unexpected status 302"
time=2026-09-24T20:42:38.068+03:00 level=WARN msg="fetch failed" url=https://go.dev/dl/go1.26.3.darwin-amd64.pkg status=302 error="unexpected status 302"
time=2026-09-24T20:42:38.068+03:00 level=WARN msg="fetch failed" url=https://go.dev/dl/go1.26.3.darwin-amd64.tar.gz status=302 error="unexpected status 302"
time=2026-09-24T20:42:38.068+03:00 level=WARN msg="fetch failed" url=https://go.dev/dl/go1.26.4.windows-arm64.msi status=302 error="unexpected status 302"
time=2026-09-24T20:42:38.069+03:00 level=WARN msg="fetch failed" url=https://go.dev/dl/go1.26.3.aix-ppc64.tar.gz status=302 error="unexpected status 302"
time=2026-09-24T20:42:38.069+03:00 level=WARN msg="fetch failed" url=https://go.dev/dl/go1.26.3.darwin-arm64.pkg status=302 error="unexpected status 302"
time=2026-09-24T20:42:38.069+03:00 level=WARN msg="fetch failed" url=https://go.dev/dl/go1.26.3.dragonfly-amd64.tar.gz status=302 error="unexpected status 302"
time=2026-09-24T20:42:38.070+03:00 level=WARN msg="fetch failed" url=https://go.dev/dl/go1.26.3.freebsd-amd64.tar.gz status=302 error="unexpected status 302"
time=2026-09-24T20:42:38.273+03:00 level=WARN msg="fetch failed" url=https://go.dev/dl/go1.26.3.freebsd-arm.tar.gz status=302 error="unexpected status 302"
time=2026-09-24T20:42:38.275+03:00 level=WARN msg="fetch failed" url=https://go.dev/dl/go1.26.3.linux-mips.tar.gz status=302 error="unexpected status 302"
time=2026-09-24T20:42:38.275+03:00 level=WARN msg="fetch failed" url=https://go.dev/dl/go1.26.3.linux-armv6l.tar.gz status=302 error="unexpected status 302"
time=2026-09-24T20:42:38.275+03:00 level=WARN msg="fetch failed" url=https://go.dev/dl/go1.26.3.freebsd-arm64.tar.gz status=302 error="unexpected status 302"
time=2026-09-24T20:42:38.275+03:00 level=WARN msg="fetch failed" url=https://go.dev/dl/go1.26.3.illumos-amd64.tar.gz status=302 error="unexpected status 302"
time=2026-09-24T20:42:38.275+03:00 level=WARN msg="fetch failed" url=https://go.dev/dl/go1.26.3.linux-loong64.tar.gz status=302 error="unexpected status 302"
time=2026-09-24T20:42:38.275+03:00 level=WARN msg="fetch failed" url=https://go.dev/dl/go1.26.3.linux-amd64.tar.gz status=302 error="unexpected status 302"
time=2026-09-24T20:42:38.275+03:00 level=WARN msg="fetch failed" url=https://go.dev/dl/go1.26.3.linux-arm64.tar.gz status=302 error="unexpected status 302"
time=2026-09-24T20:42:38.275+03:00 level=WARN msg="fetch failed" url=https://go.dev/dl/go1.26.3.linux-mips64.tar.gz status=302 error="unexpected status 302"
time=2026-09-24T20:42:38.276+03:00 level=WARN msg="fetch failed" url=https://go.dev/dl/go1.26.3.linux-386.tar.gz status=302 error="unexpected status 302"
time=2026-09-24T20:42:38.480+03:00 level=WARN msg="fetch failed" url=https://go.dev/dl/go1.26.3.linux-mips64le.tar.gz status=302 error="unexpected status 302"
time=2026-09-24T20:42:38.480+03:00 level=WARN msg="fetch failed" url=https://go.dev/dl/go1.26.3.linux-ppc64.tar.gz status=302 error="unexpected status 302"
time=2026-09-24T20:42:38.480+03:00 level=WARN msg="fetch failed" url=https://go.dev/dl/go1.26.3.netbsd-386.tar.gz status=302 error="unexpected status 302"
time=2026-09-24T20:42:38.480+03:00 level=WARN msg="fetch failed" url=https://go.dev/dl/go1.26.3.linux-s390x.tar.gz status=302 error="unexpected status 302"
time=2026-09-24T20:42:38.480+03:00 level=WARN msg="fetch failed" url=https://go.dev/dl/go1.26.3.linux-mipsle.tar.gz status=302 error="unexpected status 302"
time=2026-09-24T20:42:38.480+03:00 level=WARN msg="fetch failed" url=https://go.dev/dl/go1.26.3.netbsd-amd64.tar.gz status=302 error="unexpected status 302"
time=2026-09-24T20:42:38.480+03:00 level=WARN msg="fetch failed" url=https://go.dev/dl/go1.26.3.netbsd-arm64.tar.gz status=302 error="unexpected status 302"
time=2026-09-24T20:42:38.482+03:00 level=WARN msg="fetch failed" url=https://go.dev/dl/go1.26.3.linux-riscv64.tar.gz status=302 error="unexpected status 302"
time=2026-09-24T20:42:38.482+03:00 level=WARN msg="fetch failed" url=https://go.dev/dl/go1.26.3.linux-ppc64le.tar.gz status=302 error="unexpected status 302"
time=2026-09-24T20:42:38.482+03:00 level=WARN msg="fetch failed" url=https://go.dev/dl/go1.26.3.netbsd-arm.tar.gz status=302 error="unexpected status 302"
time=2026-09-24T20:42:38.786+03:00 level=WARN msg="fetch failed" url=https://go.dev/dl/go1.26.3.openbsd-amd64.tar.gz status=302 error="unexpected status 302"
time=2026-09-24T20:42:38.786+03:00 level=WARN msg="fetch failed" url=https://go.dev/dl/go1.26.3.openbsd-ppc64.tar.gz status=302 error="unexpected status 302"
time=2026-09-24T20:42:38.786+03:00 level=WARN msg="fetch failed" url=https://go.dev/dl/go1.26.3.openbsd-386.tar.gz status=302 error="unexpected status 302"
time=2026-09-24T20:42:38.786+03:00 level=WARN msg="fetch failed" url=https://go.dev/dl/go1.26.3.openbsd-arm.tar.gz status=302 error="unexpected status 302"
time=2026-09-24T20:42:38.786+03:00 level=WARN msg="fetch failed" url=https://go.dev/dl/go1.26.3.openbsd-riscv64.tar.gz status=302 error="unexpected status 302"
time=2026-09-24T20:42:38.786+03:00 level=WARN msg="fetch failed" url=https://go.dev/dl/go1.26.3.openbsd-arm64.tar.gz status=302 error="unexpected status 302"
time=2026-09-24T20:42:38.786+03:00 level=WARN msg="fetch failed" url=https://go.dev/dl/go1.26.3.plan9-amd64.tar.gz status=302 error="unexpected status 302"
time=2026-09-24T20:42:38.786+03:00 level=WARN msg="fetch failed" url=https://go.dev/dl/go1.26.3.solaris-amd64.tar.gz status=302 error="unexpected status 302"
time=2026-09-24T20:42:38.786+03:00 level=WARN msg="fetch failed" url=https://go.dev/dl/go1.26.3.plan9-386.tar.gz status=302 error="unexpected status 302"
time=2026-09-24T20:42:38.786+03:00 level=WARN msg="fetch failed" url=https://go.dev/dl/go1.26.3.plan9-arm.tar.gz status=302 error="unexpected status 302"
time=2026-09-24T20:42:38.992+03:00 level=WARN msg="fetch failed" url=https://go.dev/dl/go1.26.3.windows-386.msi status=302 error="unexpected status 302"
time=2026-09-24T20:42:38.992+03:00 level=WARN msg="fetch failed" url=https://go.dev/dl/go1.26.3.windows-386.zip status=302 error="unexpected status 302"
time=2026-09-24T20:42:38.992+03:00 level=WARN msg="fetch failed" url=https://go.dev/dl/go1.26.3.windows-amd64.zip status=302 error="unexpected status 302"
time=2026-09-24T20:42:38.992+03:00 level=WARN msg="fetch failed" url=https://go.dev/dl/go1.26.2.darwin-amd64.pkg status=302 error="unexpected status 302"
time=2026-09-24T20:42:38.992+03:00 level=WARN msg="fetch failed" url=https://go.dev/dl/go1.26.3.windows-arm64.zip status=302 error="unexpected status 302"
time=2026-09-24T20:42:38.992+03:00 level=WARN msg="fetch failed" url=https://go.dev/dl/go1.26.2.darwin-amd64.tar.gz status=302 error="unexpected status 302"
time=2026-09-24T20:42:38.992+03:00 level=WARN msg="fetch failed" url=https://go.dev/dl/go1.26.2.aix-ppc64.tar.gz status=302 error="unexpected status 302"
time=2026-09-24T20:42:38.993+03:00 level=WARN msg="fetch failed" url=https://go.dev/dl/go1.26.3.windows-arm64.msi status=302 error="unexpected status 302"
time=2026-09-24T20:42:38.993+03:00 level=WARN msg="fetch failed" url=https://go.dev/dl/go1.26.2.src.tar.gz status=302 error="unexpected status 302"
time=2026-09-24T20:42:38.993+03:00 level=WARN msg="fetch failed" url=https://go.dev/dl/go1.26.3.windows-amd64.msi status=302 error="unexpected status 302"
time=2026-09-24T20:42:39.195+03:00 level=WARN msg="fetch failed" url=https://go.dev/dl/go1.26.2.freebsd-amd64.tar.gz status=302 error="unexpected status 302"
time=2026-09-24T20:42:39.195+03:00 level=WARN msg="fetch failed" url=https://go.dev/dl/go1.26.2.linux-386.tar.gz status=302 error="unexpected status 302"
time=2026-09-24T20:42:39.195+03:00 level=WARN msg="fetch failed" url=https://go.dev/dl/go1.26.2.illumos-amd64.tar.gz status=302 error="unexpected status 302"
time=2026-09-24T20:42:39.195+03:00 level=WARN msg="fetch failed" url=https://go.dev/dl/go1.26.2.darwin-arm64.tar.gz status=302 error="unexpected status 302"
time=2026-09-24T20:42:39.196+03:00 level=WARN msg="fetch failed" url=https://go.dev/dl/go1.26.2.freebsd-386.tar.gz status=302 error="unexpected status 302"
time=2026-09-24T20:42:39.196+03:00 level=WARN msg="fetch failed" url=https://go.dev/dl/go1.26.2.darwin-arm64.pkg status=302 error="unexpected status 302"
time=2026-09-24T20:42:39.196+03:00 level=WARN msg="fetch failed" url=https://go.dev/dl/go1.26.2.freebsd-arm64.tar.gz status=302 error="unexpected status 302"
time=2026-09-24T20:42:39.196+03:00 level=WARN msg="fetch failed" url=https://go.dev/dl/go1.26.2.dragonfly-amd64.tar.gz status=302 error="unexpected status 302"
time=2026-09-24T20:42:39.196+03:00 level=WARN msg="fetch failed" url=https://go.dev/dl/go1.26.2.linux-amd64.tar.gz status=302 error="unexpected status 302"
time=2026-09-24T20:42:39.196+03:00 level=WARN msg="fetch failed" url=https://go.dev/dl/go1.26.2.freebsd-arm.tar.gz status=302 error="unexpected status 302"
time=2026-09-24T20:42:39.401+03:00 level=WARN msg="fetch failed" url=https://go.dev/dl/go1.26.2.linux-armv6l.tar.gz status=302 error="unexpected status 302"
time=2026-09-24T20:42:39.401+03:00 level=WARN msg="fetch failed" url=https://go.dev/dl/go1.26.2.linux-mips64le.tar.gz status=302 error="unexpected status 302"
time=2026-09-24T20:42:39.401+03:00 level=WARN msg="fetch failed" url=https://go.dev/dl/go1.26.2.linux-riscv64.tar.gz status=302 error="unexpected status 302"
time=2026-09-24T20:42:39.402+03:00 level=WARN msg="fetch failed" url=https://go.dev/dl/go1.26.2.linux-mipsle.tar.gz status=302 error="unexpected status 302"
time=2026-09-24T20:42:39.402+03:00 level=WARN msg="fetch failed" url=https://go.dev/dl/go1.26.2.linux-loong64.tar.gz status=302 error="unexpected status 302"
time=2026-09-24T20:42:39.402+03:00 level=WARN msg="fetch failed" url=https://go.dev/dl/go1.26.2.linux-ppc64le.tar.gz status=302 error="unexpected status 302"
time=2026-09-24T20:42:39.402+03:00 level=WARN msg="fetch failed" url=https://go.dev/dl/go1.26.2.linux-arm64.tar.gz status=302 error="unexpected status 302"
time=2026-09-24T20:42:39.402+03:00 level=WARN msg="fetch failed" url=https://go.dev/dl/go1.26.2.linux-ppc64.tar.gz status=302 error="unexpected status 302"
time=2026-09-24T20:42:39.402+03:00 level=WARN msg="fetch failed" url=https://go.dev/dl/go1.26.2.linux-mips.tar.gz status=302 error="unexpected status 302"
time=2026-09-24T20:42:39.402+03:00 level=WARN msg="fetch failed" url=https://go.dev/dl/go1.26.2.linux-mips64.tar.gz status=302 error="unexpected status 302"
time=2026-09-24T20:42:39.643+03:00 level=WARN msg="fetch failed" url=https://go.dev/dl/go1.26.2.linux-s390x.tar.gz status=302 error="unexpected status 302"
time=2026-09-24T20:42:39.659+03:00 level=WARN msg="fetch failed" url=https://go.dev/dl/go1.26.2.openbsd-ppc64.tar.gz status=302 error="unexpected status 302"
time=2026-09-24T20:42:39.659+03:00 level=WARN msg="fetch failed" url=https://go.dev/dl/go1.26.2.openbsd-amd64.tar.gz status=302 error="unexpected status 302"
time=2026-09-24T20:42:39.667+03:00 level=WARN msg="fetch failed" url=https://go.dev/dl/go1.26.2.openbsd-386.tar.gz status=302 error="unexpected status 302"
time=2026-09-24T20:42:39.669+03:00 level=WARN msg="fetch failed" url=https://go.dev/dl/go1.26.2.openbsd-arm.tar.gz status=302 error="unexpected status 302"
time=2026-09-24T20:42:39.674+03:00 level=WARN msg="fetch failed" url=https://go.dev/dl/go1.26.2.netbsd-arm.tar.gz status=302 error="unexpected status 302"
time=2026-09-24T20:42:39.682+03:00 level=WARN msg="fetch failed" url=https://go.dev/dl/go1.26.2.openbsd-arm64.tar.gz status=302 error="unexpected status 302"
time=2026-09-24T20:42:39.684+03:00 level=WARN msg="fetch failed" url=https://go.dev/dl/go1.26.2.netbsd-amd64.tar.gz status=302 error="unexpected status 302"
time=2026-09-24T20:42:39.792+03:00 level=WARN msg="fetch failed" url=https://go.dev/dl/go1.26.2.netbsd-386.tar.gz status=302 error="unexpected status 302"
time=2026-09-24T20:42:39.794+03:00 level=WARN msg="fetch failed" url=https://go.dev/dl/go1.26.2.netbsd-arm64.tar.gz status=302 error="unexpected status 302"
time=2026-09-24T20:42:39.803+03:00 level=WARN msg="fetch failed" url=https://go.dev/dl/go1.26.2.openbsd-riscv64.tar.gz status=302 error="unexpected status 302"
time=2026-09-24T20:42:39.820+03:00 level=WARN msg="fetch failed" url=https://go.dev/dl/go1.26.2.solaris-amd64.tar.gz status=302 error="unexpected status 302"
time=2026-09-24T20:42:39.823+03:00 level=WARN msg="fetch failed" url=https://go.dev/dl/go1.26.2.plan9-amd64.tar.gz status=302 error="unexpected status 302"
time=2026-09-24T20:42:39.827+03:00 level=WARN msg="fetch failed" url=https://go.dev/dl/go1.26.2.plan9-arm.tar.gz status=302 error="unexpected status 302"
time=2026-09-24T20:42:39.830+03:00 level=WARN msg="fetch failed" url=https://go.dev/dl/go1.26.2.windows-386.zip status=302 error="unexpected status 302"
time=2026-09-24T20:42:39.955+03:00 level=WARN msg="fetch failed" url=https://go.dev/dl/go1.26.2.windows-386.msi status=302 error="unexpected status 302"
time=2026-09-24T20:42:39.955+03:00 level=WARN msg="fetch failed" url=https://go.dev/dl/go1.26.2.windows-amd64.zip status=302 error="unexpected status 302"
time=2026-09-24T20:42:39.956+03:00 level=WARN msg="fetch failed" url=https://go.dev/dl/go1.26.2.windows-amd64.msi status=302 error="unexpected status 302"
time=2026-09-24T20:42:39.967+03:00 level=WARN msg="fetch failed" url=https://go.dev/dl/go1.26.2.windows-arm64.msi status=302 error="unexpected status 302"
time=2026-09-24T20:42:40.069+03:00 level=WARN msg="fetch failed" url=https://go.dev/dl/go1.26.1.aix-ppc64.tar.gz status=302 error="unexpected status 302"
time=2026-09-24T20:42:40.108+03:00 level=WARN msg="fetch failed" url=https://go.dev/dl/go1.26.2.plan9-386.tar.gz status=302 error="unexpected status 302"
time=2026-09-24T20:42:40.167+03:00 level=WARN msg="fetch failed" url=https://go.dev/dl/go1.26.1.src.tar.gz status=302 error="unexpected status 302"
time=2026-09-24T20:42:40.167+03:00 level=WARN msg="fetch failed" url=https://go.dev/dl/go1.26.2.windows-arm64.zip status=302 error="unexpected status 302"
time=2026-09-24T20:42:40.343+03:00 level=WARN msg="fetch failed" url=https://go.dev/dl/go1.26.1.darwin-amd64.pkg status=302 error="unexpected status 302"
time=2026-09-24T20:42:40.344+03:00 level=WARN msg="fetch failed" url=https://go.dev/dl/go1.26.1.darwin-arm64.tar.gz status=302 error="unexpected status 302"
time=2026-09-24T20:42:40.344+03:00 level=WARN msg="fetch failed" url=https://go.dev/dl/go1.26.1.darwin-arm64.pkg status=302 error="unexpected status 302"
time=2026-09-24T20:42:40.344+03:00 level=WARN msg="fetch failed" url=https://go.dev/dl/go1.26.1.freebsd-amd64.tar.gz status=302 error="unexpected status 302"
time=2026-09-24T20:42:40.344+03:00 level=WARN msg="fetch failed" url=https://go.dev/dl/go1.26.1.freebsd-386.tar.gz status=302 error="unexpected status 302"
time=2026-09-24T20:42:40.345+03:00 level=WARN msg="fetch failed" url=https://go.dev/dl/go1.26.1.darwin-amd64.tar.gz status=302 error="unexpected status 302"
time=2026-09-24T20:42:40.345+03:00 level=WARN msg="fetch failed" url=https://go.dev/dl/go1.26.1.dragonfly-amd64.tar.gz status=302 error="unexpected status 302"
time=2026-09-24T20:42:40.345+03:00 level=WARN msg="fetch failed" url=https://go.dev/dl/go1.26.1.illumos-amd64.tar.gz status=302 error="unexpected status 302"
time=2026-09-24T20:42:40.345+03:00 level=WARN msg="fetch failed" url=https://go.dev/dl/go1.26.1.freebsd-arm64.tar.gz status=302 error="unexpected status 302"
time=2026-09-24T20:42:40.345+03:00 level=WARN msg="fetch failed" url=https://go.dev/dl/go1.26.1.freebsd-arm.tar.gz status=302 error="unexpected status 302"
time=2026-09-24T20:42:40.593+03:00 level=WARN msg="fetch failed" url=https://go.dev/dl/go1.26.1.linux-armv6l.tar.gz status=302 error="unexpected status 302"
time=2026-09-24T20:42:40.593+03:00 level=WARN msg="fetch failed" url=https://go.dev/dl/go1.26.1.linux-amd64.tar.gz status=302 error="unexpected status 302"
time=2026-09-24T20:42:40.593+03:00 level=WARN msg="fetch failed" url=https://go.dev/dl/go1.26.1.linux-loong64.tar.gz status=302 error="unexpected status 302"
time=2026-09-24T20:42:40.593+03:00 level=WARN msg="fetch failed" url=https://go.dev/dl/go1.26.1.linux-386.tar.gz status=302 error="unexpected status 302"
time=2026-09-24T20:42:40.596+03:00 level=WARN msg="fetch failed" url=https://go.dev/dl/go1.26.1.linux-mips64le.tar.gz status=302 error="unexpected status 302"
time=2026-09-24T20:42:40.596+03:00 level=WARN msg="fetch failed" url=https://go.dev/dl/go1.26.1.linux-mipsle.tar.gz status=302 error="unexpected status 302"
time=2026-09-24T20:42:40.600+03:00 level=WARN msg="fetch failed" url=https://go.dev/dl/go1.26.1.linux-mips.tar.gz status=302 error="unexpected status 302"
time=2026-09-24T20:42:40.744+03:00 level=WARN msg="fetch failed" url=https://go.dev/dl/go1.26.1.linux-mips64.tar.gz status=302 error="unexpected status 302"
time=2026-09-24T20:42:40.744+03:00 level=WARN msg="fetch failed" url=https://go.dev/dl/go1.26.1.linux-riscv64.tar.gz status=302 error="unexpected status 302"
time=2026-09-24T20:42:40.744+03:00 level=WARN msg="fetch failed" url=https://go.dev/dl/go1.26.1.linux-arm64.tar.gz status=302 error="unexpected status 302"
time=2026-09-24T20:42:40.746+03:00 level=WARN msg="fetch failed" url=https://go.dev/dl/go1.26.1.netbsd-386.tar.gz status=302 error="unexpected status 302"
time=2026-09-24T20:42:40.748+03:00 level=WARN msg="fetch failed" url=https://go.dev/dl/go1.26.1.linux-ppc64le.tar.gz status=302 error="unexpected status 302"
time=2026-09-24T20:42:40.748+03:00 level=WARN msg="fetch failed" url=https://go.dev/dl/go1.26.1.linux-s390x.tar.gz status=302 error="unexpected status 302"
time=2026-09-24T20:42:40.761+03:00 level=WARN msg="fetch failed" url=https://go.dev/dl/go1.26.1.netbsd-amd64.tar.gz status=302 error="unexpected status 302"
time=2026-09-24T20:42:40.761+03:00 level=WARN msg="fetch failed" url=https://go.dev/dl/go1.26.1.netbsd-arm.tar.gz status=302 error="unexpected status 302"
time=2026-09-24T20:42:40.761+03:00 level=WARN msg="fetch failed" url=https://go.dev/dl/go1.26.1.netbsd-arm64.tar.gz status=302 error="unexpected status 302"
time=2026-09-24T20:42:40.899+03:00 level=WARN msg="fetch failed" url=https://go.dev/dl/go1.26.1.openbsd-386.tar.gz status=302 error="unexpected status 302"
time=2026-09-24T20:42:40.899+03:00 level=WARN msg="fetch failed" url=https://go.dev/dl/go1.26.1.openbsd-amd64.tar.gz status=302 error="unexpected status 302"
time=2026-09-24T20:42:40.901+03:00 level=WARN msg="fetch failed" url=https://go.dev/dl/go1.26.1.openbsd-arm.tar.gz status=302 error="unexpected status 302"
time=2026-09-24T20:42:40.911+03:00 level=WARN msg="fetch failed" url=https://go.dev/dl/go1.26.1.linux-ppc64.tar.gz status=302 error="unexpected status 302"
time=2026-09-24T20:42:40.919+03:00 level=WARN msg="fetch failed" url=https://go.dev/dl/go1.26.1.openbsd-ppc64.tar.gz status=302 error="unexpected status 302"
time=2026-09-24T20:42:40.920+03:00 level=WARN msg="fetch failed" url=https://go.dev/dl/go1.26.1.openbsd-arm64.tar.gz status=302 error="unexpected status 302"
time=2026-09-24T20:42:40.921+03:00 level=WARN msg="fetch failed" url=https://go.dev/dl/go1.26.1.plan9-amd64.tar.gz status=302 error="unexpected status 302"
time=2026-09-24T20:42:40.922+03:00 level=WARN msg="fetch failed" url=https://go.dev/dl/go1.26.1.openbsd-riscv64.tar.gz status=302 error="unexpected status 302"
time=2026-09-24T20:42:40.924+03:00 level=WARN msg="fetch failed" url=https://go.dev/dl/go1.26.1.plan9-arm.tar.gz status=302 error="unexpected status 302"
time=2026-09-24T20:42:40.925+03:00 level=WARN msg="fetch failed" url=https://go.dev/dl/go1.26.1.plan9-386.tar.gz status=302 error="unexpected status 302"
time=2026-09-24T20:42:41.052+03:00 level=WARN msg="fetch failed" url=https://go.dev/dl/go1.26.1.windows-386.msi status=302 error="unexpected status 302"
time=2026-09-24T20:42:41.058+03:00 level=WARN msg="fetch failed" url=https://go.dev/dl/go1.26.1.windows-386.zip status=302 error="unexpected status 302"
time=2026-09-24T20:42:41.060+03:00 level=WARN msg="fetch failed" url=https://go.dev/dl/go1.26.1.solaris-amd64.tar.gz status=302 error="unexpected status 302"
time=2026-09-24T20:42:41.084+03:00 level=WARN msg="fetch failed" url=https://go.dev/dl/go1.26.0.src.tar.gz status=302 error="unexpected status 302"
time=2026-09-24T20:42:41.084+03:00 level=WARN msg="fetch failed" url=https://go.dev/dl/go1.26.1.windows-amd64.zip status=302 error="unexpected status 302"
time=2026-09-24T20:42:41.084+03:00 level=WARN msg="fetch failed" url=https://go.dev/dl/go1.26.1.windows-arm64.msi status=302 error="unexpected status 302"
time=2026-09-24T20:42:41.087+03:00 level=WARN msg="fetch failed" url=https://go.dev/dl/go1.26.1.windows-arm64.zip status=302 error="unexpected status 302"
time=2026-09-24T20:42:41.087+03:00 level=WARN msg="fetch failed" url=https://go.dev/dl/go1.26.1.windows-amd64.msi status=302 error="unexpected status 302"
time=2026-09-24T20:42:41.206+03:00 level=WARN msg="fetch failed" url=https://go.dev/dl/go1.26.0.aix-ppc64.tar.gz status=302 error="unexpected status 302"
time=2026-09-24T20:42:41.209+03:00 level=WARN msg="fetch failed" url=https://go.dev/dl/go1.26.0.darwin-amd64.pkg status=302 error="unexpected status 302"
time=2026-09-24T20:42:41.224+03:00 level=WARN msg="fetch failed" url=https://go.dev/dl/go1.26.0.darwin-arm64.pkg status=302 error="unexpected status 302"
time=2026-09-24T20:42:41.235+03:00 level=WARN msg="fetch failed" url=https://go.dev/dl/go1.26.0.dragonfly-amd64.tar.gz status=302 error="unexpected status 302"
time=2026-09-24T20:42:41.242+03:00 level=WARN msg="fetch failed" url=https://go.dev/dl/go1.26.0.darwin-amd64.tar.gz status=302 error="unexpected status 302"
time=2026-09-24T20:42:41.243+03:00 level=WARN msg="fetch failed" url=https://go.dev/dl/go1.26.0.freebsd-386.tar.gz status=302 error="unexpected status 302"
time=2026-09-24T20:42:41.244+03:00 level=WARN msg="fetch failed" url=https://go.dev/dl/go1.26.0.freebsd-amd64.tar.gz status=302 error="unexpected status 302"
time=2026-09-24T20:42:41.363+03:00 level=WARN msg="fetch failed" url=https://go.dev/dl/go1.26.0.freebsd-arm64.tar.gz status=302 error="unexpected status 302"
time=2026-09-24T20:42:41.363+03:00 level=WARN msg="fetch failed" url=https://go.dev/dl/go1.26.0.illumos-amd64.tar.gz status=302 error="unexpected status 302"
time=2026-09-24T20:42:41.363+03:00 level=WARN msg="fetch failed" url=https://go.dev/dl/go1.26.0.darwin-arm64.tar.gz status=302 error="unexpected status 302"
time=2026-09-24T20:42:41.364+03:00 level=WARN msg="fetch failed" url=https://go.dev/dl/go1.26.0.linux-386.tar.gz status=302 error="unexpected status 302"
time=2026-09-24T20:42:41.374+03:00 level=WARN msg="fetch failed" url=https://go.dev/dl/go1.26.0.linux-amd64.tar.gz status=302 error="unexpected status 302"
time=2026-09-24T20:42:41.393+03:00 level=WARN msg="fetch failed" url=https://go.dev/dl/go1.26.0.linux-arm64.tar.gz status=302 error="unexpected status 302"
time=2026-09-24T20:42:41.522+03:00 level=WARN msg="fetch failed" url=https://go.dev/dl/go1.26.0.linux-armv6l.tar.gz status=302 error="unexpected status 302"
time=2026-09-24T20:42:41.522+03:00 level=WARN msg="fetch failed" url=https://go.dev/dl/go1.26.0.linux-mips64.tar.gz status=302 error="unexpected status 302"
time=2026-09-24T20:42:41.522+03:00 level=WARN msg="fetch failed" url=https://go.dev/dl/go1.26.0.linux-mipsle.tar.gz status=302 error="unexpected status 302"
time=2026-09-24T20:42:41.522+03:00 level=WARN msg="fetch failed" url=https://go.dev/dl/go1.26.0.freebsd-arm.tar.gz status=302 error="unexpected status 302"
time=2026-09-24T20:42:41.522+03:00 level=WARN msg="fetch failed" url=https://go.dev/dl/go1.26.0.linux-mips64le.tar.gz status=302 error="unexpected status 302"
time=2026-09-24T20:42:41.528+03:00 level=WARN msg="fetch failed" url=https://go.dev/dl/go1.26.0.linux-ppc64.tar.gz status=302 error="unexpected status 302"
time=2026-09-24T20:42:41.555+03:00 level=WARN msg="fetch failed" url=https://go.dev/dl/go1.26.0.linux-riscv64.tar.gz status=302 error="unexpected status 302"
time=2026-09-24T20:42:41.694+03:00 level=WARN msg="fetch failed" url=https://go.dev/dl/go1.26.0.linux-s390x.tar.gz status=302 error="unexpected status 302"
time=2026-09-24T20:42:41.694+03:00 level=WARN msg="fetch failed" url=https://go.dev/dl/go1.26.0.netbsd-386.tar.gz status=302 error="unexpected status 302"
time=2026-09-24T20:42:41.694+03:00 level=WARN msg="fetch failed" url=https://go.dev/dl/go1.26.0.netbsd-arm64.tar.gz status=302 error="unexpected status 302"
time=2026-09-24T20:42:41.694+03:00 level=WARN msg="fetch failed" url=https://go.dev/dl/go1.26.0.netbsd-arm.tar.gz status=302 error="unexpected status 302"
time=2026-09-24T20:42:41.694+03:00 level=WARN msg="fetch failed" url=https://go.dev/dl/go1.26.0.netbsd-amd64.tar.gz status=302 error="unexpected status 302"
time=2026-09-24T20:42:41.694+03:00 level=WARN msg="fetch failed" url=https://go.dev/dl/go1.26.0.openbsd-386.tar.gz status=302 error="unexpected status 302"
time=2026-09-24T20:42:41.698+03:00 level=WARN msg="fetch failed" url=https://go.dev/dl/go1.26.0.linux-mips.tar.gz status=302 error="unexpected status 302"
time=2026-09-24T20:42:41.706+03:00 level=WARN msg="fetch failed" url=https://go.dev/dl/go1.26.0.openbsd-amd64.tar.gz status=302 error="unexpected status 302"
time=2026-09-24T20:42:41.732+03:00 level=WARN msg="fetch failed" url=https://go.dev/dl/go1.26.0.linux-loong64.tar.gz status=302 error="unexpected status 302"
time=2026-09-24T20:42:41.848+03:00 level=WARN msg="fetch failed" url=https://go.dev/dl/go1.26.0.linux-ppc64le.tar.gz status=302 error="unexpected status 302"
time=2026-09-24T20:42:41.864+03:00 level=WARN msg="fetch failed" url=https://go.dev/dl/go1.26.0.plan9-amd64.tar.gz status=302 error="unexpected status 302"
time=2026-09-24T20:42:41.864+03:00 level=WARN msg="fetch failed" url=https://go.dev/dl/go1.26.0.openbsd-ppc64.tar.gz status=302 error="unexpected status 302"
time=2026-09-24T20:42:41.864+03:00 level=WARN msg="fetch failed" url=https://go.dev/dl/go1.26.0.plan9-386.tar.gz status=302 error="unexpected status 302"
time=2026-09-24T20:42:41.864+03:00 level=WARN msg="fetch failed" url=https://go.dev/dl/go1.26.0.openbsd-riscv64.tar.gz status=302 error="unexpected status 302"
time=2026-09-24T20:42:41.864+03:00 level=WARN msg="fetch failed" url=https://go.dev/dl/go1.26.0.openbsd-arm64.tar.gz status=302 error="unexpected status 302"
time=2026-09-24T20:42:41.864+03:00 level=WARN msg="fetch failed" url=https://go.dev/dl/go1.26.0.solaris-amd64.tar.gz status=302 error="unexpected status 302"
time=2026-09-24T20:42:41.866+03:00 level=WARN msg="fetch failed" url=https://go.dev/dl/go1.26.0.plan9-arm.tar.gz status=302 error="unexpected status 302"
time=2026-09-24T20:42:41.866+03:00 level=WARN msg="fetch failed" url=https://go.dev/dl/go1.26.0.openbsd-arm.tar.gz status=302 error="unexpected status 302"
time=2026-09-24T20:42:41.880+03:00 level=WARN msg="fetch failed" url=https://go.dev/dl/go1.26.0.windows-386.zip status=302 error="unexpected status 302"
time=2026-09-24T20:42:42.014+03:00 level=WARN msg="fetch failed" url=https://go.dev/dl/go1.26.0.windows-386.msi status=302 error="unexpected status 302"
time=2026-09-24T20:42:42.017+03:00 level=WARN msg="fetch failed" url=https://go.dev/dl/go1.26.0.windows-amd64.zip status=302 error="unexpected status 302"
time=2026-09-24T20:42:42.023+03:00 level=WARN msg="fetch failed" url=https://go.dev/dl/go1.25.14.src.tar.gz status=302 error="unexpected status 302"
time=2026-09-24T20:42:42.023+03:00 level=WARN msg="fetch failed" url=https://go.dev/dl/go1.25.14.aix-ppc64.tar.gz status=302 error="unexpected status 302"
time=2026-09-24T20:42:42.024+03:00 level=WARN msg="fetch failed" url=https://go.dev/dl/go1.26.0.windows-arm64.zip status=302 error="unexpected status 302"
time=2026-09-24T20:42:42.025+03:00 level=WARN msg="fetch failed" url=https://go.dev/dl/go1.26.0.windows-amd64.msi status=302 error="unexpected status 302"
time=2026-09-24T20:42:42.025+03:00 level=WARN msg="fetch failed" url=https://go.dev/dl/go1.26.0.windows-arm64.msi status=302 error="unexpected status 302"
time=2026-09-24T20:42:42.025+03:00 level=WARN msg="fetch failed" url=https://go.dev/dl/go1.25.14.darwin-amd64.tar.gz status=302 error="unexpected status 302"
time=2026-09-24T20:42:42.029+03:00 level=WARN msg="fetch failed" url=https://go.dev/dl/go1.25.14.darwin-amd64.pkg status=302 error="unexpected status 302"
time=2026-09-24T20:42:42.035+03:00 level=WARN msg="fetch failed" url=https://go.dev/dl/go1.25.14.darwin-arm64.tar.gz status=302 error="unexpected status 302"
time=2026-09-24T20:42:42.173+03:00 level=WARN msg="fetch failed" url=https://go.dev/dl/go1.25.14.darwin-arm64.pkg status=302 error="unexpected status 302"
time=2026-09-24T20:42:42.173+03:00 level=WARN msg="fetch failed" url=https://go.dev/dl/go1.25.14.dragonfly-amd64.tar.gz status=302 error="unexpected status 302"
time=2026-09-24T20:42:42.177+03:00 level=WARN msg="fetch failed" url=https://go.dev/dl/go1.25.14.freebsd-amd64.tar.gz status=302 error="unexpected status 302"
time=2026-09-24T20:42:42.178+03:00 level=WARN msg="fetch failed" url=https://go.dev/dl/go1.25.14.freebsd-arm.tar.gz status=302 error="unexpected status 302"
time=2026-09-24T20:42:42.188+03:00 level=WARN msg="fetch failed" url=https://go.dev/dl/go1.25.14.freebsd-riscv64.tar.gz status=302 error="unexpected status 302"
time=2026-09-24T20:42:42.188+03:00 level=WARN msg="fetch failed" url=https://go.dev/dl/go1.25.14.illumos-amd64.tar.gz status=302 error="unexpected status 302"
time=2026-09-24T20:42:42.188+03:00 level=WARN msg="fetch failed" url=https://go.dev/dl/go1.25.14.linux-386.tar.gz status=302 error="unexpected status 302"
time=2026-09-24T20:42:42.190+03:00 level=WARN msg="fetch failed" url=https://go.dev/dl/go1.25.14.linux-amd64.tar.gz status=302 error="unexpected status 302"
time=2026-09-24T20:42:42.193+03:00 level=WARN msg="fetch failed" url=https://go.dev/dl/go1.25.14.freebsd-arm64.tar.gz status=302 error="unexpected status 302"
time=2026-09-24T20:42:42.317+03:00 level=WARN msg="fetch failed" url=https://go.dev/dl/go1.25.14.freebsd-386.tar.gz status=302 error="unexpected status 302"
time=2026-09-24T20:42:42.324+03:00 level=WARN msg="fetch failed" url=https://go.dev/dl/go1.25.14.linux-arm64.tar.gz status=302 error="unexpected status 302"
time=2026-09-24T20:42:42.328+03:00 level=WARN msg="fetch failed" url=https://go.dev/dl/go1.25.14.linux-loong64.tar.gz status=302 error="unexpected status 302"
time=2026-09-24T20:42:42.336+03:00 level=WARN msg="fetch failed" url=https://go.dev/dl/go1.25.14.linux-armv6l.tar.gz status=302 error="unexpected status 302"
time=2026-09-24T20:42:42.355+03:00 level=WARN msg="fetch failed" url=https://go.dev/dl/go1.25.14.linux-mips.tar.gz status=302 error="unexpected status 302"
time=2026-09-24T20:42:42.355+03:00 level=WARN msg="fetch failed" url=https://go.dev/dl/go1.25.14.linux-mips64le.tar.gz status=302 error="unexpected status 302"
time=2026-09-24T20:42:42.355+03:00 level=WARN msg="fetch failed" url=https://go.dev/dl/go1.25.14.linux-mipsle.tar.gz status=302 error="unexpected status 302"
time=2026-09-24T20:42:42.355+03:00 level=WARN msg="fetch failed" url=https://go.dev/dl/go1.25.14.linux-ppc64le.tar.gz status=302 error="unexpected status 302"
time=2026-09-24T20:42:42.355+03:00 level=WARN msg="fetch failed" url=https://go.dev/dl/go1.25.14.linux-mips64.tar.gz status=302 error="unexpected status 302"
time=2026-09-24T20:42:42.475+03:00 level=WARN msg="fetch failed" url=https://go.dev/dl/go1.25.14.linux-ppc64.tar.gz status=302 error="unexpected status 302"
time=2026-09-24T20:42:42.475+03:00 level=WARN msg="fetch failed" url=https://go.dev/dl/go1.25.14.linux-s390x.tar.gz status=302 error="unexpected status 302"
time=2026-09-24T20:42:42.475+03:00 level=WARN msg="fetch failed" url=https://go.dev/dl/go1.25.14.linux-riscv64.tar.gz status=302 error="unexpected status 302"
time=2026-09-24T20:42:42.509+03:00 level=WARN msg="fetch failed" url=https://go.dev/dl/go1.25.14.netbsd-amd64.tar.gz status=302 error="unexpected status 302"
time=2026-09-24T20:42:42.509+03:00 level=WARN msg="fetch failed" url=https://go.dev/dl/go1.25.14.netbsd-386.tar.gz status=302 error="unexpected status 302"
time=2026-09-24T20:42:42.517+03:00 level=WARN msg="fetch failed" url=https://go.dev/dl/go1.25.14.netbsd-arm.tar.gz status=302 error="unexpected status 302"
time=2026-09-24T20:42:42.630+03:00 level=WARN msg="fetch failed" url=https://go.dev/dl/go1.25.14.netbsd-arm64.tar.gz status=302 error="unexpected status 302"
time=2026-09-24T20:42:42.631+03:00 level=WARN msg="fetch failed" url=https://go.dev/dl/go1.25.14.openbsd-arm.tar.gz status=302 error="unexpected status 302"
time=2026-09-24T20:42:42.631+03:00 level=WARN msg="fetch failed" url=https://go.dev/dl/go1.25.14.openbsd-amd64.tar.gz status=302 error="unexpected status 302"
time=2026-09-24T20:42:42.636+03:00 level=WARN msg="fetch failed" url=https://go.dev/dl/go1.25.14.openbsd-ppc64.tar.gz status=302 error="unexpected status 302"
time=2026-09-24T20:42:42.642+03:00 level=WARN msg="fetch failed" url=https://go.dev/dl/go1.25.14.openbsd-arm64.tar.gz status=302 error="unexpected status 302"
time=2026-09-24T20:42:42.667+03:00 level=WARN msg="fetch failed" url=https://go.dev/dl/go1.25.14.openbsd-riscv64.tar.gz status=302 error="unexpected status 302"
time=2026-09-24T20:42:42.667+03:00 level=WARN msg="fetch failed" url=https://go.dev/dl/go1.25.14.openbsd-386.tar.gz status=302 error="unexpected status 302"
time=2026-09-24T20:42:42.667+03:00 level=WARN msg="fetch failed" url=https://go.dev/dl/go1.25.14.plan9-386.tar.gz status=302 error="unexpected status 302"
time=2026-09-24T20:42:42.943+03:00 level=WARN msg="fetch failed" url=https://go.dev/dl/go1.25.14.windows-386.zip status=302 error="unexpected status 302"
time=2026-09-24T20:42:42.943+03:00 level=WARN msg="fetch failed" url=https://go.dev/dl/go1.25.14.plan9-amd64.tar.gz status=302 error="unexpected status 302"
time=2026-09-24T20:42:42.943+03:00 level=WARN msg="fetch failed" url=https://go.dev/dl/go1.25.14.plan9-arm.tar.gz status=302 error="unexpected status 302"
time=2026-09-24T20:42:42.944+03:00 level=WARN msg="fetch failed" url=https://go.dev/dl/go1.25.14.windows-amd64.zip status=302 error="unexpected status 302"
time=2026-09-24T20:42:42.944+03:00 level=WARN msg="fetch failed" url=https://go.dev/dl/go1.25.14.windows-amd64.msi status=302 error="unexpected status 302"
time=2026-09-24T20:42:42.944+03:00 level=WARN msg="fetch failed" url=https://go.dev/dl/go1.25.14.windows-arm64.zip status=302 error="unexpected status 302"
time=2026-09-24T20:42:42.944+03:00 level=WARN msg="fetch failed" url=https://go.dev/dl/go1.25.14.windows-386.msi status=302 error="unexpected status 302"
time=2026-09-24T20:42:42.945+03:00 level=WARN msg="fetch failed" url=https://go.dev/dl/go1.25.14.solaris-amd64.tar.gz status=302 error="unexpected status 302"
time=2026-09-24T20:42:42.945+03:00 level=WARN msg="fetch failed" url=https://go.dev/dl/go1.25.14.windows-arm64.msi status=302 error="unexpected status 302"
time=2026-09-24T20:42:42.945+03:00 level=WARN msg="fetch failed" url=https://go.dev/dl/go1.25.13.src.tar.gz status=302 error="unexpected status 302"
time=2026-09-24T20:42:43.103+03:00 level=WARN msg="fetch failed" url=https://go.dev/dl/go1.25.13.darwin-arm64.pkg status=302 error="unexpected status 302"
time=2026-09-24T20:42:43.104+03:00 level=WARN msg="fetch failed" url=https://go.dev/dl/go1.25.13.darwin-amd64.pkg status=302 error="unexpected status 302"
time=2026-09-24T20:42:43.104+03:00 level=WARN msg="fetch failed" url=https://go.dev/dl/go1.25.13.aix-ppc64.tar.gz status=302 error="unexpected status 302"
time=2026-09-24T20:42:43.104+03:00 level=WARN msg="fetch failed" url=https://go.dev/dl/go1.25.13.darwin-amd64.tar.gz status=302 error="unexpected status 302"
time=2026-09-24T20:42:43.104+03:00 level=WARN msg="fetch failed" url=https://go.dev/dl/go1.25.13.freebsd-arm64.tar.gz status=302 error="unexpected status 302"
time=2026-09-24T20:42:43.104+03:00 level=WARN msg="fetch failed" url=https://go.dev/dl/go1.25.13.freebsd-arm.tar.gz status=302 error="unexpected status 302"
time=2026-09-24T20:42:43.105+03:00 level=WARN msg="fetch failed" url=https://go.dev/dl/go1.25.13.freebsd-386.tar.gz status=302 error="unexpected status 302"
time=2026-09-24T20:42:43.113+03:00 level=WARN msg="fetch failed" url=https://go.dev/dl/go1.25.13.freebsd-amd64.tar.gz status=302 error="unexpected status 302"
time=2026-09-24T20:42:43.258+03:00 level=WARN msg="fetch failed" url=https://go.dev/dl/go1.25.13.darwin-arm64.tar.gz status=302 error="unexpected status 302"
time=2026-09-24T20:42:43.258+03:00 level=WARN msg="fetch failed" url=https://go.dev/dl/go1.25.13.dragonfly-amd64.tar.gz status=302 error="unexpected status 302"
time=2026-09-24T20:42:43.261+03:00 level=WARN msg="fetch failed" url=https://go.dev/dl/go1.25.13.freebsd-riscv64.tar.gz status=302 error="unexpected status 302"
time=2026-09-24T20:42:43.264+03:00 level=WARN msg="fetch failed" url=https://go.dev/dl/go1.25.13.linux-loong64.tar.gz status=302 error="unexpected status 302"
time=2026-09-24T20:42:43.264+03:00 level=WARN msg="fetch failed" url=https://go.dev/dl/go1.25.13.linux-386.tar.gz status=302 error="unexpected status 302"
time=2026-09-24T20:42:43.267+03:00 level=WARN msg="fetch failed" url=https://go.dev/dl/go1.25.13.linux-amd64.tar.gz status=302 error="unexpected status 302"
time=2026-09-24T20:42:43.269+03:00 level=WARN msg="fetch failed" url=https://go.dev/dl/go1.25.13.illumos-amd64.tar.gz status=302 error="unexpected status 302"
time=2026-09-24T20:42:43.275+03:00 level=WARN msg="fetch failed" url=https://go.dev/dl/go1.25.13.linux-mips.tar.gz status=302 error="unexpected status 302"
time=2026-09-24T20:42:43.413+03:00 level=WARN msg="fetch failed" url=https://go.dev/dl/go1.25.13.linux-arm64.tar.gz status=302 error="unexpected status 302"
time=2026-09-24T20:42:43.413+03:00 level=WARN msg="fetch failed" url=https://go.dev/dl/go1.25.13.linux-armv6l.tar.gz status=302 error="unexpected status 302"
time=2026-09-24T20:42:43.413+03:00 level=WARN msg="fetch failed" url=https://go.dev/dl/go1.25.13.linux-mipsle.tar.gz status=302 error="unexpected status 302"
time=2026-09-24T20:42:43.417+03:00 level=WARN msg="fetch failed" url=https://go.dev/dl/go1.25.13.linux-mips64le.tar.gz status=302 error="unexpected status 302"
time=2026-09-24T20:42:43.418+03:00 level=WARN msg="fetch failed" url=https://go.dev/dl/go1.25.13.linux-ppc64.tar.gz status=302 error="unexpected status 302"
time=2026-09-24T20:42:43.418+03:00 level=WARN msg="fetch failed" url=https://go.dev/dl/go1.25.13.linux-mips64.tar.gz status=302 error="unexpected status 302"
time=2026-09-24T20:42:43.422+03:00 level=WARN msg="fetch failed" url=https://go.dev/dl/go1.25.13.linux-ppc64le.tar.gz status=302 error="unexpected status 302"
time=2026-09-24T20:42:43.588+03:00 level=WARN msg="fetch failed" url=https://go.dev/dl/go1.25.13.linux-s390x.tar.gz status=302 error="unexpected status 302"
time=2026-09-24T20:42:43.588+03:00 level=WARN msg="fetch failed" url=https://go.dev/dl/go1.25.13.openbsd-386.tar.gz status=302 error="unexpected status 302"
time=2026-09-24T20:42:43.588+03:00 level=WARN msg="fetch failed" url=https://go.dev/dl/go1.25.13.netbsd-386.tar.gz status=302 error="unexpected status 302"
time=2026-09-24T20:42:43.588+03:00 level=WARN msg="fetch failed" url=https://go.dev/dl/go1.25.13.linux-riscv64.tar.gz status=302 error="unexpected status 302"
time=2026-09-24T20:42:43.588+03:00 level=WARN msg="fetch failed" url=https://go.dev/dl/go1.25.13.netbsd-amd64.tar.gz status=302 error="unexpected status 302"
time=2026-09-24T20:42:43.588+03:00 level=WARN msg="fetch failed" url=https://go.dev/dl/go1.25.13.netbsd-arm64.tar.gz status=302 error="unexpected status 302"
time=2026-09-24T20:42:43.588+03:00 level=WARN msg="fetch failed" url=https://go.dev/dl/go1.25.13.openbsd-amd64.tar.gz status=302 error="unexpected status 302"
time=2026-09-24T20:42:43.611+03:00 level=WARN msg="fetch failed" url=https://go.dev/dl/go1.25.13.openbsd-arm.tar.gz status=302 error="unexpected status 302"
time=2026-09-24T20:42:43.726+03:00 level=WARN msg="fetch failed" url=https://go.dev/dl/go1.25.13.netbsd-arm.tar.gz status=302 error="unexpected status 302"
time=2026-09-24T20:42:43.745+03:00 level=WARN msg="fetch failed" url=https://go.dev/dl/go1.25.13.openbsd-arm64.tar.gz status=302 error="unexpected status 302"
time=2026-09-24T20:42:43.747+03:00 level=WARN msg="fetch failed" url=https://go.dev/dl/go1.25.13.openbsd-riscv64.tar.gz status=302 error="unexpected status 302"
time=2026-09-24T20:42:43.747+03:00 level=WARN msg="fetch failed" url=https://go.dev/dl/go1.25.13.openbsd-ppc64.tar.gz status=302 error="unexpected status 302"
time=2026-09-24T20:42:43.753+03:00 level=WARN msg="fetch failed" url=https://go.dev/dl/go1.25.13.plan9-386.tar.gz status=302 error="unexpected status 302"
time=2026-09-24T20:42:43.882+03:00 level=WARN msg="fetch failed" url=https://go.dev/dl/go1.25.13.solaris-amd64.tar.gz status=302 error="unexpected status 302"
time=2026-09-24T20:42:43.882+03:00 level=WARN msg="fetch failed" url=https://go.dev/dl/go1.25.13.windows-386.msi status=302 error="unexpected status 302"
time=2026-09-24T20:42:43.882+03:00 level=WARN msg="fetch failed" url=https://go.dev/dl/go1.25.13.plan9-amd64.tar.gz status=302 error="unexpected status 302"
time=2026-09-24T20:42:43.883+03:00 level=WARN msg="fetch failed" url=https://go.dev/dl/go1.25.13.plan9-arm.tar.gz status=302 error="unexpected status 302"
time=2026-09-24T20:42:43.888+03:00 level=WARN msg="fetch failed" url=https://go.dev/dl/go1.25.13.windows-amd64.msi status=302 error="unexpected status 302"
time=2026-09-24T20:42:43.908+03:00 level=WARN msg="fetch failed" url=https://go.dev/dl/go1.25.13.windows-arm64.zip status=302 error="unexpected status 302"
time=2026-09-24T20:42:43.908+03:00 level=WARN msg="fetch failed" url=https://go.dev/dl/go1.25.13.windows-arm64.msi status=302 error="unexpected status 302"
time=2026-09-24T20:42:44.039+03:00 level=WARN msg="fetch failed" url=https://go.dev/dl/go1.25.13.windows-amd64.zip status=302 error="unexpected status 302"
time=2026-09-24T20:42:44.042+03:00 level=WARN msg="fetch failed" url=https://go.dev/dl/go1.25.12.darwin-amd64.tar.gz status=302 error="unexpected status 302"
time=2026-09-24T20:42:44.042+03:00 level=WARN msg="fetch failed" url=https://go.dev/dl/go1.25.13.windows-386.zip status=302 error="unexpected status 302"
time=2026-09-24T20:42:44.042+03:00 level=WARN msg="fetch failed" url=https://go.dev/dl/go1.25.12.aix-ppc64.tar.gz status=302 error="unexpected status 302"
time=2026-09-24T20:42:44.044+03:00 level=WARN msg="fetch failed" url=https://go.dev/dl/go1.25.12.darwin-arm64.pkg status=302 error="unexpected status 302"
time=2026-09-24T20:42:44.046+03:00 level=WARN msg="fetch failed" url=https://go.dev/dl/go1.25.12.src.tar.gz status=302 error="unexpected status 302"
time=2026-09-24T20:42:44.064+03:00 level=WARN msg="fetch failed" url=https://go.dev/dl/go1.25.12.freebsd-386.tar.gz status=302 error="unexpected status 302"
time=2026-09-24T20:42:44.068+03:00 level=WARN msg="fetch failed" url=https://go.dev/dl/go1.25.12.darwin-arm64.tar.gz status=302 error="unexpected status 302"
time=2026-09-24T20:42:44.200+03:00 level=WARN msg="fetch failed" url=https://go.dev/dl/go1.25.12.dragonfly-amd64.tar.gz status=302 error="unexpected status 302"
time=2026-09-24T20:42:44.200+03:00 level=WARN msg="fetch failed" url=https://go.dev/dl/go1.25.12.linux-386.tar.gz status=302 error="unexpected status 302"
time=2026-09-24T20:42:44.200+03:00 level=WARN msg="fetch failed" url=https://go.dev/dl/go1.25.12.freebsd-amd64.tar.gz status=302 error="unexpected status 302"
time=2026-09-24T20:42:44.200+03:00 level=WARN msg="fetch failed" url=https://go.dev/dl/go1.25.12.darwin-amd64.pkg status=302 error="unexpected status 302"
time=2026-09-24T20:42:44.228+03:00 level=WARN msg="fetch failed" url=https://go.dev/dl/go1.25.12.freebsd-riscv64.tar.gz status=302 error="unexpected status 302"
time=2026-09-24T20:42:44.228+03:00 level=WARN msg="fetch failed" url=https://go.dev/dl/go1.25.12.linux-arm64.tar.gz status=302 error="unexpected status 302"
time=2026-09-24T20:42:44.228+03:00 level=WARN msg="fetch failed" url=https://go.dev/dl/go1.25.12.freebsd-arm.tar.gz status=302 error="unexpected status 302"
time=2026-09-24T20:42:44.228+03:00 level=WARN msg="fetch failed" url=https://go.dev/dl/go1.25.12.linux-amd64.tar.gz status=302 error="unexpected status 302"
time=2026-09-24T20:42:44.228+03:00 level=WARN msg="fetch failed" url=https://go.dev/dl/go1.25.12.freebsd-arm64.tar.gz status=302 error="unexpected status 302"
time=2026-09-24T20:42:44.362+03:00 level=WARN msg="fetch failed" url=https://go.dev/dl/go1.25.12.illumos-amd64.tar.gz status=302 error="unexpected status 302"
time=2026-09-24T20:42:44.531+03:00 level=WARN msg="fetch failed" url=https://go.dev/dl/go1.25.12.linux-loong64.tar.gz status=302 error="unexpected status 302"
time=2026-09-24T20:42:44.533+03:00 level=WARN msg="fetch failed" url=https://go.dev/dl/go1.25.12.linux-mips.tar.gz status=302 error="unexpected status 302"
time=2026-09-24T20:42:44.534+03:00 level=WARN msg="fetch failed" url=https://go.dev/dl/go1.25.12.linux-armv6l.tar.gz status=302 error="unexpected status 302"
time=2026-09-24T20:42:44.535+03:00 level=WARN msg="fetch failed" url=https://go.dev/dl/go1.25.12.linux-mips64.tar.gz status=302 error="unexpected status 302"
time=2026-09-24T20:42:44.555+03:00 level=WARN msg="fetch failed" url=https://go.dev/dl/go1.25.12.linux-ppc64.tar.gz status=302 error="unexpected status 302"
time=2026-09-24T20:42:44.555+03:00 level=WARN msg="fetch failed" url=https://go.dev/dl/go1.25.12.linux-ppc64le.tar.gz status=302 error="unexpected status 302"
time=2026-09-24T20:42:44.555+03:00 level=WARN msg="fetch failed" url=https://go.dev/dl/go1.25.12.linux-s390x.tar.gz status=302 error="unexpected status 302"
time=2026-09-24T20:42:44.555+03:00 level=WARN msg="fetch failed" url=https://go.dev/dl/go1.25.12.linux-mips64le.tar.gz status=302 error="unexpected status 302"
time=2026-09-24T20:42:44.555+03:00 level=WARN msg="fetch failed" url=https://go.dev/dl/go1.25.12.linux-mipsle.tar.gz status=302 error="unexpected status 302"
time=2026-09-24T20:42:44.555+03:00 level=WARN msg="fetch failed" url=https://go.dev/dl/go1.25.12.linux-riscv64.tar.gz status=302 error="unexpected status 302"
time=2026-09-24T20:42:44.725+03:00 level=WARN msg="fetch failed" url=https://go.dev/dl/go1.25.12.netbsd-arm.tar.gz status=302 error="unexpected status 302"
time=2026-09-24T20:42:44.725+03:00 level=WARN msg="fetch failed" url=https://go.dev/dl/go1.25.12.netbsd-amd64.tar.gz status=302 error="unexpected status 302"
time=2026-09-24T20:42:44.725+03:00 level=WARN msg="fetch failed" url=https://go.dev/dl/go1.25.12.openbsd-amd64.tar.gz status=302 error="unexpected status 302"
time=2026-09-24T20:42:44.725+03:00 level=WARN msg="fetch failed" url=https://go.dev/dl/go1.25.12.openbsd-arm.tar.gz status=302 error="unexpected status 302"
time=2026-09-24T20:42:44.728+03:00 level=WARN msg="fetch failed" url=https://go.dev/dl/go1.25.12.openbsd-386.tar.gz status=302 error="unexpected status 302"
time=2026-09-24T20:42:44.728+03:00 level=WARN msg="fetch failed" url=https://go.dev/dl/go1.25.12.openbsd-arm64.tar.gz status=302 error="unexpected status 302"
time=2026-09-24T20:42:44.728+03:00 level=WARN msg="fetch failed" url=https://go.dev/dl/go1.25.12.openbsd-ppc64.tar.gz status=302 error="unexpected status 302"
time=2026-09-24T20:42:44.728+03:00 level=WARN msg="fetch failed" url=https://go.dev/dl/go1.25.12.openbsd-riscv64.tar.gz status=302 error="unexpected status 302"
time=2026-09-24T20:42:44.931+03:00 level=WARN msg="fetch failed" url=https://go.dev/dl/go1.25.12.netbsd-arm64.tar.gz status=302 error="unexpected status 302"
time=2026-09-24T20:42:44.932+03:00 level=WARN msg="fetch failed" url=https://go.dev/dl/go1.25.12.solaris-amd64.tar.gz status=302 error="unexpected status 302"
time=2026-09-24T20:42:44.932+03:00 level=WARN msg="fetch failed" url=https://go.dev/dl/go1.25.12.netbsd-386.tar.gz status=302 error="unexpected status 302"
time=2026-09-24T20:42:44.932+03:00 level=WARN msg="fetch failed" url=https://go.dev/dl/go1.25.12.plan9-386.tar.gz status=302 error="unexpected status 302"
time=2026-09-24T20:42:44.932+03:00 level=WARN msg="fetch failed" url=https://go.dev/dl/go1.25.12.windows-amd64.zip status=302 error="unexpected status 302"
time=2026-09-24T20:42:44.932+03:00 level=WARN msg="fetch failed" url=https://go.dev/dl/go1.25.12.windows-386.zip status=302 error="unexpected status 302"
time=2026-09-24T20:42:44.932+03:00 level=WARN msg="fetch failed" url=https://go.dev/dl/go1.25.12.plan9-amd64.tar.gz status=302 error="unexpected status 302"
time=2026-09-24T20:42:44.932+03:00 level=WARN msg="fetch failed" url=https://go.dev/dl/go1.25.12.windows-386.msi status=302 error="unexpected status 302"
time=2026-09-24T20:42:44.932+03:00 level=WARN msg="fetch failed" url=https://go.dev/dl/go1.25.12.plan9-arm.tar.gz status=302 error="unexpected status 302"
time=2026-09-24T20:42:44.932+03:00 level=WARN msg="fetch failed" url=https://go.dev/dl/go1.25.12.windows-amd64.msi status=302 error="unexpected status 302"
time=2026-09-24T20:42:45.257+03:00 level=WARN msg="fetch failed" url=https://go.dev/dl/go1.25.12.windows-arm64.msi status=302 error="unexpected status 302"
time=2026-09-24T20:42:45.257+03:00 level=WARN msg="fetch failed" url=https://go.dev/dl/go1.25.11.darwin-arm64.tar.gz status=302 error="unexpected status 302"
time=2026-09-24T20:42:45.257+03:00 level=WARN msg="fetch failed" url=https://go.dev/dl/go1.25.12.windows-arm64.zip status=302 error="unexpected status 302"
time=2026-09-24T20:42:45.257+03:00 level=WARN msg="fetch failed" url=https://go.dev/dl/go1.25.11.darwin-arm64.pkg status=302 error="unexpected status 302"
time=2026-09-24T20:42:45.258+03:00 level=WARN msg="fetch failed" url=https://go.dev/dl/go1.25.11.freebsd-386.tar.gz status=302 error="unexpected status 302"
time=2026-09-24T20:42:45.258+03:00 level=WARN msg="fetch failed" url=https://go.dev/dl/go1.25.11.darwin-amd64.tar.gz status=302 error="unexpected status 302"
time=2026-09-24T20:42:45.258+03:00 level=WARN msg="fetch failed" url=https://go.dev/dl/go1.25.11.src.tar.gz status=302 error="unexpected status 302"
time=2026-09-24T20:42:45.258+03:00 level=WARN msg="fetch failed" url=https://go.dev/dl/go1.25.11.dragonfly-amd64.tar.gz status=302 error="unexpected status 302"
time=2026-09-24T20:42:45.258+03:00 level=WARN msg="fetch failed" url=https://go.dev/dl/go1.25.11.darwin-amd64.pkg status=302 error="unexpected status 302"
time=2026-09-24T20:42:45.258+03:00 level=WARN msg="fetch failed" url=https://go.dev/dl/go1.25.11.aix-ppc64.tar.gz status=302 error="unexpected status 302"
time=2026-09-24T20:42:45.443+03:00 level=WARN msg="fetch failed" url=https://go.dev/dl/go1.25.11.freebsd-amd64.tar.gz status=302 error="unexpected status 302"
time=2026-09-24T20:42:45.443+03:00 level=WARN msg="fetch failed" url=https://go.dev/dl/go1.25.11.linux-loong64.tar.gz status=302 error="unexpected status 302"
time=2026-09-24T20:42:45.443+03:00 level=WARN msg="fetch failed" url=https://go.dev/dl/go1.25.11.linux-armv6l.tar.gz status=302 error="unexpected status 302"
time=2026-09-24T20:42:45.443+03:00 level=WARN msg="fetch failed" url=https://go.dev/dl/go1.25.11.linux-amd64.tar.gz status=302 error="unexpected status 302"
time=2026-09-24T20:42:45.443+03:00 level=WARN msg="fetch failed" url=https://go.dev/dl/go1.25.11.freebsd-arm.tar.gz status=302 error="unexpected status 302"
time=2026-09-24T20:42:45.443+03:00 level=WARN msg="fetch failed" url=https://go.dev/dl/go1.25.11.illumos-amd64.tar.gz status=302 error="unexpected status 302"
time=2026-09-24T20:42:45.443+03:00 level=WARN msg="fetch failed" url=https://go.dev/dl/go1.25.11.freebsd-riscv64.tar.gz status=302 error="unexpected status 302"
time=2026-09-24T20:42:45.443+03:00 level=WARN msg="fetch failed" url=https://go.dev/dl/go1.25.11.linux-386.tar.gz status=302 error="unexpected status 302"
time=2026-09-24T20:42:45.544+03:00 level=WARN msg="fetch failed" url=https://go.dev/dl/go1.25.11.freebsd-arm64.tar.gz status=302 error="unexpected status 302"
time=2026-09-24T20:42:45.627+03:00 level=WARN msg="fetch failed" url=https://go.dev/dl/go1.25.11.linux-arm64.tar.gz status=302 error="unexpected status 302"
time=2026-09-24T20:42:45.628+03:00 level=WARN msg="fetch failed" url=https://go.dev/dl/go1.25.11.linux-mips.tar.gz status=302 error="unexpected status 302"
time=2026-09-24T20:42:45.628+03:00 level=WARN msg="fetch failed" url=https://go.dev/dl/go1.25.11.linux-ppc64le.tar.gz status=302 error="unexpected status 302"
time=2026-09-24T20:42:45.629+03:00 level=WARN msg="fetch failed" url=https://go.dev/dl/go1.25.11.linux-mips64le.tar.gz status=302 error="unexpected status 302"
time=2026-09-24T20:42:45.629+03:00 level=WARN msg="fetch failed" url=https://go.dev/dl/go1.25.11.linux-ppc64.tar.gz status=302 error="unexpected status 302"
time=2026-09-24T20:42:45.632+03:00 level=WARN msg="fetch failed" url=https://go.dev/dl/go1.25.11.linux-mips64.tar.gz status=302 error="unexpected status 302"
time=2026-09-24T20:42:45.749+03:00 level=WARN msg="fetch failed" url=https://go.dev/dl/go1.25.11.linux-s390x.tar.gz status=302 error="unexpected status 302"
time=2026-09-24T20:42:45.749+03:00 level=WARN msg="fetch failed" url=https://go.dev/dl/go1.25.11.linux-mipsle.tar.gz status=302 error="unexpected status 302"
time=2026-09-24T20:42:45.749+03:00 level=WARN msg="fetch failed" url=https://go.dev/dl/go1.25.11.linux-riscv64.tar.gz status=302 error="unexpected status 302"
time=2026-09-24T20:42:45.749+03:00 level=WARN msg="fetch failed" url=https://go.dev/dl/go1.25.11.netbsd-386.tar.gz status=302 error="unexpected status 302"
time=2026-09-24T20:42:45.852+03:00 level=WARN msg="fetch failed" url=https://go.dev/dl/go1.25.11.netbsd-arm.tar.gz status=302 error="unexpected status 302"
time=2026-09-24T20:42:45.854+03:00 level=WARN msg="fetch failed" url=https://go.dev/dl/go1.25.11.netbsd-amd64.tar.gz status=302 error="unexpected status 302"
time=2026-09-24T20:42:45.854+03:00 level=WARN msg="fetch failed" url=https://go.dev/dl/go1.25.11.openbsd-386.tar.gz status=302 error="unexpected status 302"
time=2026-09-24T20:42:45.854+03:00 level=WARN msg="fetch failed" url=https://go.dev/dl/go1.25.11.openbsd-amd64.tar.gz status=302 error="unexpected status 302"
time=2026-09-24T20:42:45.854+03:00 level=WARN msg="fetch failed" url=https://go.dev/dl/go1.25.11.openbsd-arm.tar.gz status=302 error="unexpected status 302"
time=2026-09-24T20:42:45.870+03:00 level=WARN msg="fetch failed" url=https://go.dev/dl/go1.25.11.netbsd-arm64.tar.gz status=302 error="unexpected status 302"
time=2026-09-24T20:42:45.901+03:00 level=WARN msg="fetch failed" url=https://go.dev/dl/go1.25.11.openbsd-arm64.tar.gz status=302 error="unexpected status 302"
time=2026-09-24T20:42:45.945+03:00 level=WARN msg="fetch failed" url=https://go.dev/dl/go1.25.11.openbsd-ppc64.tar.gz status=302 error="unexpected status 302"
time=2026-09-24T20:42:46.467+03:00 level=WARN msg="fetch failed" url=https://go.dev/dl/go1.25.11.plan9-amd64.tar.gz status=302 error="unexpected status 302"
time=2026-09-24T20:42:46.468+03:00 level=WARN msg="fetch failed" url=https://go.dev/dl/go1.25.11.plan9-arm.tar.gz status=302 error="unexpected status 302"
time=2026-09-24T20:42:46.468+03:00 level=WARN msg="fetch failed" url=https://go.dev/dl/go1.25.11.windows-386.msi status=302 error="unexpected status 302"
time=2026-09-24T20:42:46.468+03:00 level=WARN msg="fetch failed" url=https://go.dev/dl/go1.25.11.windows-386.zip status=302 error="unexpected status 302"
time=2026-09-24T20:42:46.468+03:00 level=WARN msg="fetch failed" url=https://go.dev/dl/go1.25.11.solaris-amd64.tar.gz status=302 error="unexpected status 302"
time=2026-09-24T20:42:46.468+03:00 level=WARN msg="fetch failed" url=https://go.dev/dl/go1.25.11.plan9-386.tar.gz status=302 error="unexpected status 302"
time=2026-09-24T20:42:46.468+03:00 level=WARN msg="fetch failed" url=https://go.dev/dl/go1.25.11.windows-amd64.zip status=302 error="unexpected status 302"
time=2026-09-24T20:42:46.468+03:00 level=WARN msg="fetch failed" url=https://go.dev/dl/go1.25.11.openbsd-riscv64.tar.gz status=302 error="unexpected status 302"
time=2026-09-24T20:42:46.479+03:00 level=WARN msg="fetch failed" url=https://go.dev/dl/go1.25.11.windows-amd64.msi status=302 error="unexpected status 302"
time=2026-09-24T20:42:46.479+03:00 level=WARN msg="fetch failed" url=https://go.dev/dl/go1.25.11.windows-arm64.zip status=302 error="unexpected status 302"
time=2026-09-24T20:42:46.671+03:00 level=WARN msg="fetch failed" url=https://go.dev/dl/go1.25.11.windows-arm64.msi status=302 error="unexpected status 302"
time=2026-09-24T20:42:46.671+03:00 level=WARN msg="fetch failed" url=https://go.dev/dl/go1.25.10.dragonfly-amd64.tar.gz status=302 error="unexpected status 302"
time=2026-09-24T20:42:46.671+03:00 level=WARN msg="fetch failed" url=https://go.dev/dl/go1.25.10.darwin-amd64.tar.gz status=302 error="unexpected status 302"
time=2026-09-24T20:42:46.671+03:00 level=WARN msg="fetch failed" url=https://go.dev/dl/go1.25.10.darwin-arm64.pkg status=302 error="unexpected status 302"
time=2026-09-24T20:42:46.672+03:00 level=WARN msg="fetch failed" url=https://go.dev/dl/go1.25.10.darwin-arm64.tar.gz status=302 error="unexpected status 302"
time=2026-09-24T20:42:46.672+03:00 level=WARN msg="fetch failed" url=https://go.dev/dl/go1.25.10.darwin-amd64.pkg status=302 error="unexpected status 302"
time=2026-09-24T20:42:46.672+03:00 level=WARN msg="fetch failed" url=https://go.dev/dl/go1.25.10.aix-ppc64.tar.gz status=302 error="unexpected status 302"
time=2026-09-24T20:42:46.681+03:00 level=WARN msg="fetch failed" url=https://go.dev/dl/go1.25.10.freebsd-386.tar.gz status=302 error="unexpected status 302"
time=2026-09-24T20:42:46.681+03:00 level=WARN msg="fetch failed" url=https://go.dev/dl/go1.25.10.src.tar.gz status=302 error="unexpected status 302"
time=2026-09-24T20:42:46.681+03:00 level=WARN msg="fetch failed" url=https://go.dev/dl/go1.25.10.freebsd-amd64.tar.gz status=302 error="unexpected status 302"
time=2026-09-24T20:42:46.979+03:00 level=WARN msg="fetch failed" url=https://go.dev/dl/go1.25.10.freebsd-arm.tar.gz status=302 error="unexpected status 302"
time=2026-09-24T20:42:46.979+03:00 level=WARN msg="fetch failed" url=https://go.dev/dl/go1.25.10.linux-386.tar.gz status=302 error="unexpected status 302"
time=2026-09-24T20:42:46.979+03:00 level=WARN msg="fetch failed" url=https://go.dev/dl/go1.25.10.linux-amd64.tar.gz status=302 error="unexpected status 302"
time=2026-09-24T20:42:46.979+03:00 level=WARN msg="fetch failed" url=https://go.dev/dl/go1.25.10.freebsd-arm64.tar.gz status=302 error="unexpected status 302"
time=2026-09-24T20:42:46.980+03:00 level=WARN msg="fetch failed" url=https://go.dev/dl/go1.25.10.freebsd-riscv64.tar.gz status=302 error="unexpected status 302"
time=2026-09-24T20:42:46.980+03:00 level=WARN msg="fetch failed" url=https://go.dev/dl/go1.25.10.linux-loong64.tar.gz status=302 error="unexpected status 302"
time=2026-09-24T20:42:46.980+03:00 level=WARN msg="fetch failed" url=https://go.dev/dl/go1.25.10.linux-mips.tar.gz status=302 error="unexpected status 302"
time=2026-09-24T20:42:46.980+03:00 level=WARN msg="fetch failed" url=https://go.dev/dl/go1.25.10.linux-armv6l.tar.gz status=302 error="unexpected status 302"
time=2026-09-24T20:42:46.981+03:00 level=WARN msg="fetch failed" url=https://go.dev/dl/go1.25.10.illumos-amd64.tar.gz status=302 error="unexpected status 302"
time=2026-09-24T20:42:46.981+03:00 level=WARN msg="fetch failed" url=https://go.dev/dl/go1.25.10.linux-arm64.tar.gz status=302 error="unexpected status 302"
time=2026-09-24T20:42:47.184+03:00 level=WARN msg="fetch failed" url=https://go.dev/dl/go1.25.10.linux-mips64.tar.gz status=302 error="unexpected status 302"
time=2026-09-24T20:42:47.184+03:00 level=WARN msg="fetch failed" url=https://go.dev/dl/go1.25.10.linux-mipsle.tar.gz status=302 error="unexpected status 302"
time=2026-09-24T20:42:47.184+03:00 level=WARN msg="fetch failed" url=https://go.dev/dl/go1.25.10.linux-riscv64.tar.gz status=302 error="unexpected status 302"
time=2026-09-24T20:42:47.184+03:00 level=WARN msg="fetch failed" url=https://go.dev/dl/go1.25.10.linux-ppc64.tar.gz status=302 error="unexpected status 302"
time=2026-09-24T20:42:47.186+03:00 level=WARN msg="fetch failed" url=https://go.dev/dl/go1.25.10.linux-mips64le.tar.gz status=302 error="unexpected status 302"
time=2026-09-24T20:42:47.186+03:00 level=WARN msg="fetch failed" url=https://go.dev/dl/go1.25.10.netbsd-amd64.tar.gz status=302 error="unexpected status 302"
time=2026-09-24T20:42:47.186+03:00 level=WARN msg="fetch failed" url=https://go.dev/dl/go1.25.10.linux-s390x.tar.gz status=302 error="unexpected status 302"
time=2026-09-24T20:42:47.186+03:00 level=WARN msg="fetch failed" url=https://go.dev/dl/go1.25.10.netbsd-arm.tar.gz status=302 error="unexpected status 302"
time=2026-09-24T20:42:47.219+03:00 level=WARN msg="fetch failed" url=https://go.dev/dl/go1.25.10.linux-ppc64le.tar.gz status=302 error="unexpected status 302"
time=2026-09-24T20:42:47.219+03:00 level=WARN msg="fetch failed" url=https://go.dev/dl/go1.25.10.netbsd-386.tar.gz status=302 error="unexpected status 302"
time=2026-09-24T20:42:47.392+03:00 level=WARN msg="fetch failed" url=https://go.dev/dl/go1.25.10.openbsd-386.tar.gz status=302 error="unexpected status 302"
time=2026-09-24T20:42:47.395+03:00 level=WARN msg="fetch failed" url=https://go.dev/dl/go1.25.10.openbsd-riscv64.tar.gz status=302 error="unexpected status 302"
time=2026-09-24T20:42:47.395+03:00 level=WARN msg="fetch failed" url=https://go.dev/dl/go1.25.10.netbsd-arm64.tar.gz status=302 error="unexpected status 302"
time=2026-09-24T20:42:47.395+03:00 level=WARN msg="fetch failed" url=https://go.dev/dl/go1.25.10.openbsd-arm64.tar.gz status=302 error="unexpected status 302"
time=2026-09-24T20:42:47.395+03:00 level=WARN msg="fetch failed" url=https://go.dev/dl/go1.25.10.plan9-arm.tar.gz status=302 error="unexpected status 302"
time=2026-09-24T20:42:47.395+03:00 level=WARN msg="fetch failed" url=https://go.dev/dl/go1.25.10.plan9-386.tar.gz status=302 error="unexpected status 302"
time=2026-09-24T20:42:47.395+03:00 level=WARN msg="fetch failed" url=https://go.dev/dl/go1.25.10.openbsd-arm.tar.gz status=302 error="unexpected status 302"
time=2026-09-24T20:42:47.395+03:00 level=WARN msg="fetch failed" url=https://go.dev/dl/go1.25.10.plan9-amd64.tar.gz status=302 error="unexpected status 302"
time=2026-09-24T20:42:47.404+03:00 level=WARN msg="fetch failed" url=https://go.dev/dl/go1.25.10.openbsd-ppc64.tar.gz status=302 error="unexpected status 302"
time=2026-09-24T20:42:47.513+03:00 level=WARN msg="fetch failed" url=https://go.dev/dl/go1.25.10.openbsd-amd64.tar.gz status=302 error="unexpected status 302"
time=2026-09-24T20:42:47.540+03:00 level=WARN msg="fetch failed" url=https://go.dev/dl/go1.25.10.solaris-amd64.tar.gz status=302 error="unexpected status 302"
time=2026-09-24T20:42:47.553+03:00 level=WARN msg="fetch failed" url=https://go.dev/dl/go1.25.10.windows-amd64.msi status=302 error="unexpected status 302"
time=2026-09-24T20:42:47.557+03:00 level=WARN msg="fetch failed" url=https://go.dev/dl/go1.25.10.windows-amd64.zip status=302 error="unexpected status 302"
time=2026-09-24T20:42:47.560+03:00 level=WARN msg="fetch failed" url=https://go.dev/dl/go1.25.10.windows-arm64.msi status=302 error="unexpected status 302"
time=2026-09-24T20:42:47.560+03:00 level=WARN msg="fetch failed" url=https://go.dev/dl/go1.25.10.windows-arm64.zip status=302 error="unexpected status 302"
time=2026-09-24T20:42:47.561+03:00 level=WARN msg="fetch failed" url=https://go.dev/dl/go1.25.9.src.tar.gz status=302 error="unexpected status 302"
time=2026-09-24T20:42:47.572+03:00 level=WARN msg="fetch failed" url=https://go.dev/dl/go1.25.9.aix-ppc64.tar.gz status=302 error="unexpected status 302"
time=2026-09-24T20:42:47.670+03:00 level=WARN msg="fetch failed" url=https://go.dev/dl/go1.25.10.windows-386.zip status=302 error="unexpected status 302"
time=2026-09-24T20:42:47.670+03:00 level=WARN msg="fetch failed" url=https://go.dev/dl/go1.25.10.windows-386.msi status=302 error="unexpected status 302"
time=2026-09-24T20:42:47.695+03:00 level=WARN msg="fetch failed" url=https://go.dev/dl/go1.25.9.darwin-amd64.pkg status=302 error="unexpected status 302"
time=2026-09-24T20:42:47.708+03:00 level=WARN msg="fetch failed" url=https://go.dev/dl/go1.25.9.darwin-arm64.tar.gz status=302 error="unexpected status 302"
time=2026-09-24T20:42:47.708+03:00 level=WARN msg="fetch failed" url=https://go.dev/dl/go1.25.9.freebsd-386.tar.gz status=302 error="unexpected status 302"
time=2026-09-24T20:42:47.715+03:00 level=WARN msg="fetch failed" url=https://go.dev/dl/go1.25.9.dragonfly-amd64.tar.gz status=302 error="unexpected status 302"
time=2026-09-24T20:42:47.718+03:00 level=WARN msg="fetch failed" url=https://go.dev/dl/go1.25.9.darwin-amd64.tar.gz status=302 error="unexpected status 302"
time=2026-09-24T20:42:47.719+03:00 level=WARN msg="fetch failed" url=https://go.dev/dl/go1.25.9.freebsd-amd64.tar.gz status=302 error="unexpected status 302"
time=2026-09-24T20:42:47.722+03:00 level=WARN msg="fetch failed" url=https://go.dev/dl/go1.25.9.darwin-arm64.pkg status=302 error="unexpected status 302"
time=2026-09-24T20:42:47.724+03:00 level=WARN msg="fetch failed" url=https://go.dev/dl/go1.25.9.freebsd-arm.tar.gz status=302 error="unexpected status 302"
time=2026-09-24T20:42:47.924+03:00 level=WARN msg="fetch failed" url=https://go.dev/dl/go1.25.9.freebsd-riscv64.tar.gz status=302 error="unexpected status 302"
time=2026-09-24T20:42:47.924+03:00 level=WARN msg="fetch failed" url=https://go.dev/dl/go1.25.9.linux-amd64.tar.gz status=302 error="unexpected status 302"
time=2026-09-24T20:42:47.924+03:00 level=WARN msg="fetch failed" url=https://go.dev/dl/go1.25.9.linux-armv6l.tar.gz status=302 error="unexpected status 302"
time=2026-09-24T20:42:47.925+03:00 level=WARN msg="fetch failed" url=https://go.dev/dl/go1.25.9.illumos-amd64.tar.gz status=302 error="unexpected status 302"
time=2026-09-24T20:42:47.925+03:00 level=WARN msg="fetch failed" url=https://go.dev/dl/go1.25.9.linux-loong64.tar.gz status=302 error="unexpected status 302"
time=2026-09-24T20:42:47.925+03:00 level=WARN msg="fetch failed" url=https://go.dev/dl/go1.25.9.freebsd-arm64.tar.gz status=302 error="unexpected status 302"
time=2026-09-24T20:42:47.925+03:00 level=WARN msg="fetch failed" url=https://go.dev/dl/go1.25.9.linux-386.tar.gz status=302 error="unexpected status 302"
time=2026-09-24T20:42:47.925+03:00 level=WARN msg="fetch failed" url=https://go.dev/dl/go1.25.9.linux-mips.tar.gz status=302 error="unexpected status 302"
time=2026-09-24T20:42:47.925+03:00 level=WARN msg="fetch failed" url=https://go.dev/dl/go1.25.9.linux-mips64.tar.gz status=302 error="unexpected status 302"
time=2026-09-24T20:42:47.925+03:00 level=WARN msg="fetch failed" url=https://go.dev/dl/go1.25.9.linux-arm64.tar.gz status=302 error="unexpected status 302"
time=2026-09-24T20:42:48.105+03:00 level=WARN msg="fetch failed" url=https://go.dev/dl/go1.25.9.linux-mips64le.tar.gz status=302 error="unexpected status 302"
time=2026-09-24T20:42:48.105+03:00 level=WARN msg="fetch failed" url=https://go.dev/dl/go1.25.9.linux-s390x.tar.gz status=302 error="unexpected status 302"
time=2026-09-24T20:42:48.105+03:00 level=WARN msg="fetch failed" url=https://go.dev/dl/go1.25.9.netbsd-arm64.tar.gz status=302 error="unexpected status 302"
time=2026-09-24T20:42:48.105+03:00 level=WARN msg="fetch failed" url=https://go.dev/dl/go1.25.9.netbsd-386.tar.gz status=302 error="unexpected status 302"
time=2026-09-24T20:42:48.106+03:00 level=WARN msg="fetch failed" url=https://go.dev/dl/go1.25.9.linux-riscv64.tar.gz status=302 error="unexpected status 302"
time=2026-09-24T20:42:48.106+03:00 level=WARN msg="fetch failed" url=https://go.dev/dl/go1.25.9.linux-ppc64.tar.gz status=302 error="unexpected status 302"
time=2026-09-24T20:42:48.106+03:00 level=WARN msg="fetch failed" url=https://go.dev/dl/go1.25.9.linux-mipsle.tar.gz status=302 error="unexpected status 302"
time=2026-09-24T20:42:48.106+03:00 level=WARN msg="fetch failed" url=https://go.dev/dl/go1.25.9.linux-ppc64le.tar.gz status=302 error="unexpected status 302"
time=2026-09-24T20:42:48.106+03:00 level=WARN msg="fetch failed" url=https://go.dev/dl/go1.25.9.netbsd-arm.tar.gz status=302 error="unexpected status 302"
time=2026-09-24T20:42:48.106+03:00 level=WARN msg="fetch failed" url=https://go.dev/dl/go1.25.9.netbsd-amd64.tar.gz status=302 error="unexpected status 302"
time=2026-09-24T20:42:48.524+03:00 level=WARN msg="fetch failed" url=https://go.dev/dl/go1.25.9.openbsd-arm64.tar.gz status=302 error="unexpected status 302"
time=2026-09-24T20:42:48.525+03:00 level=WARN msg="fetch failed" url=https://go.dev/dl/go1.25.9.openbsd-amd64.tar.gz status=302 error="unexpected status 302"
time=2026-09-24T20:42:48.524+03:00 level=WARN msg="fetch failed" url=https://go.dev/dl/go1.25.9.openbsd-386.tar.gz status=302 error="unexpected status 302"
time=2026-09-24T20:42:48.525+03:00 level=WARN msg="fetch failed" url=https://go.dev/dl/go1.25.9.openbsd-arm.tar.gz status=302 error="unexpected status 302"
time=2026-09-24T20:42:48.525+03:00 level=WARN msg="fetch failed" url=https://go.dev/dl/go1.25.9.solaris-amd64.tar.gz status=302 error="unexpected status 302"
time=2026-09-24T20:42:48.527+03:00 level=WARN msg="fetch failed" url=https://go.dev/dl/go1.25.9.openbsd-riscv64.tar.gz status=302 error="unexpected status 302"
time=2026-09-24T20:42:48.527+03:00 level=WARN msg="fetch failed" url=https://go.dev/dl/go1.25.9.plan9-arm.tar.gz status=302 error="unexpected status 302"
time=2026-09-24T20:42:48.527+03:00 level=WARN msg="fetch failed" url=https://go.dev/dl/go1.25.9.plan9-amd64.tar.gz status=302 error="unexpected status 302"
time=2026-09-24T20:42:48.527+03:00 level=WARN msg="fetch failed" url=https://go.dev/dl/go1.25.9.openbsd-ppc64.tar.gz status=302 error="unexpected status 302"
time=2026-09-24T20:42:48.527+03:00 level=WARN msg="fetch failed" url=https://go.dev/dl/go1.25.9.plan9-386.tar.gz status=302 error="unexpected status 302"
time=2026-09-24T20:42:48.821+03:00 level=WARN msg="fetch failed" url=https://go.dev/dl/go1.25.9.windows-386.zip status=302 error="unexpected status 302"
time=2026-09-24T20:42:48.822+03:00 level=WARN msg="fetch failed" url=https://go.dev/dl/go1.25.9.windows-amd64.msi status=302 error="unexpected status 302"
time=2026-09-24T20:42:48.825+03:00 level=WARN msg="fetch failed" url=https://go.dev/dl/go1.25.9.windows-386.msi status=302 error="unexpected status 302"
time=2026-09-24T20:42:48.825+03:00 level=WARN msg="fetch failed" url=https://go.dev/dl/go1.25.9.windows-amd64.zip status=302 error="unexpected status 302"
time=2026-09-24T20:42:48.825+03:00 level=WARN msg="fetch failed" url=https://go.dev/dl/go1.25.8.src.tar.gz status=302 error="unexpected status 302"
time=2026-09-24T20:42:48.825+03:00 level=WARN msg="fetch failed" url=https://go.dev/dl/go1.25.9.windows-arm64.zip status=302 error="unexpected status 302"
time=2026-09-24T20:42:48.825+03:00 level=WARN msg="fetch failed" url=https://go.dev/dl/go1.25.8.aix-ppc64.tar.gz status=302 error="unexpected status 302"
time=2026-09-24T20:42:48.825+03:00 level=WARN msg="fetch failed" url=https://go.dev/dl/go1.25.8.darwin-amd64.pkg status=302 error="unexpected status 302"
time=2026-09-24T20:42:48.825+03:00 level=WARN msg="fetch failed" url=https://go.dev/dl/go1.25.9.windows-arm64.msi status=302 error="unexpected status 302"
time=2026-09-24T20:42:48.825+03:00 level=WARN msg="fetch failed" url=https://go.dev/dl/go1.25.8.darwin-amd64.tar.gz status=302 error="unexpected status 302"
time=2026-09-24T20:42:48.973+03:00 level=WARN msg="fetch failed" url=https://go.dev/dl/go1.25.8.darwin-arm64.tar.gz status=302 error="unexpected status 302"
time=2026-09-24T20:42:48.984+03:00 level=WARN msg="fetch failed" url=https://go.dev/dl/go1.25.8.darwin-arm64.pkg status=302 error="unexpected status 302"
time=2026-09-24T20:42:49.004+03:00 level=WARN msg="fetch failed" url=https://go.dev/dl/go1.25.8.freebsd-amd64.tar.gz status=302 error="unexpected status 302"
time=2026-09-24T20:42:49.004+03:00 level=WARN msg="fetch failed" url=https://go.dev/dl/go1.25.8.dragonfly-amd64.tar.gz status=302 error="unexpected status 302"
time=2026-09-24T20:42:49.004+03:00 level=WARN msg="fetch failed" url=https://go.dev/dl/go1.25.8.freebsd-arm.tar.gz status=302 error="unexpected status 302"
time=2026-09-24T20:42:49.006+03:00 level=WARN msg="fetch failed" url=https://go.dev/dl/go1.25.8.illumos-amd64.tar.gz status=302 error="unexpected status 302"
time=2026-09-24T20:42:49.006+03:00 level=WARN msg="fetch failed" url=https://go.dev/dl/go1.25.8.freebsd-riscv64.tar.gz status=302 error="unexpected status 302"
time=2026-09-24T20:42:49.006+03:00 level=WARN msg="fetch failed" url=https://go.dev/dl/go1.25.8.linux-386.tar.gz status=302 error="unexpected status 302"
time=2026-09-24T20:42:49.006+03:00 level=WARN msg="fetch failed" url=https://go.dev/dl/go1.25.8.freebsd-arm64.tar.gz status=302 error="unexpected status 302"
time=2026-09-24T20:42:49.024+03:00 level=WARN msg="fetch failed" url=https://go.dev/dl/go1.25.8.freebsd-386.tar.gz status=302 error="unexpected status 302"
time=2026-09-24T20:42:49.334+03:00 level=WARN msg="fetch failed" url=https://go.dev/dl/go1.25.8.linux-amd64.tar.gz status=302 error="unexpected status 302"
time=2026-09-24T20:42:49.334+03:00 level=WARN msg="fetch failed" url=https://go.dev/dl/go1.25.8.linux-armv6l.tar.gz status=302 error="unexpected status 302"
time=2026-09-24T20:42:49.334+03:00 level=WARN msg="fetch failed" url=https://go.dev/dl/go1.25.8.linux-loong64.tar.gz status=302 error="unexpected status 302"
time=2026-09-24T20:42:49.334+03:00 level=WARN msg="fetch failed" url=https://go.dev/dl/go1.25.8.linux-mips.tar.gz status=302 error="unexpected status 302"
time=2026-09-24T20:42:49.334+03:00 level=WARN msg="fetch failed" url=https://go.dev/dl/go1.25.8.linux-ppc64le.tar.gz status=302 error="unexpected status 302"
time=2026-09-24T20:42:49.334+03:00 level=WARN msg="fetch failed" url=https://go.dev/dl/go1.25.8.linux-mips64.tar.gz status=302 error="unexpected status 302"
time=2026-09-24T20:42:49.334+03:00 level=WARN msg="fetch failed" url=https://go.dev/dl/go1.25.8.linux-ppc64.tar.gz status=302 error="unexpected status 302"
time=2026-09-24T20:42:49.334+03:00 level=WARN msg="fetch failed" url=https://go.dev/dl/go1.25.8.linux-mips64le.tar.gz status=302 error="unexpected status 302"
time=2026-09-24T20:42:49.334+03:00 level=WARN msg="fetch failed" url=https://go.dev/dl/go1.25.8.linux-arm64.tar.gz status=302 error="unexpected status 302"
time=2026-09-24T20:42:49.334+03:00 level=WARN msg="fetch failed" url=https://go.dev/dl/go1.25.8.linux-mipsle.tar.gz status=302 error="unexpected status 302"
time=2026-09-24T20:42:49.539+03:00 level=WARN msg="fetch failed" url=https://go.dev/dl/go1.25.8.linux-riscv64.tar.gz status=302 error="unexpected status 302"
time=2026-09-24T20:42:49.539+03:00 level=WARN msg="fetch failed" url=https://go.dev/dl/go1.25.8.linux-s390x.tar.gz status=302 error="unexpected status 302"
time=2026-09-24T20:42:49.539+03:00 level=WARN msg="fetch failed" url=https://go.dev/dl/go1.25.8.netbsd-amd64.tar.gz status=302 error="unexpected status 302"
time=2026-09-24T20:42:49.540+03:00 level=WARN msg="fetch failed" url=https://go.dev/dl/go1.25.8.openbsd-arm.tar.gz status=302 error="unexpected status 302"
time=2026-09-24T20:42:49.540+03:00 level=WARN msg="fetch failed" url=https://go.dev/dl/go1.25.8.netbsd-arm.tar.gz status=302 error="unexpected status 302"
time=2026-09-24T20:42:49.540+03:00 level=WARN msg="fetch failed" url=https://go.dev/dl/go1.25.8.netbsd-arm64.tar.gz status=302 error="unexpected status 302"
time=2026-09-24T20:42:49.569+03:00 level=WARN msg="fetch failed" url=https://go.dev/dl/go1.25.8.netbsd-386.tar.gz status=302 error="unexpected status 302"
time=2026-09-24T20:42:49.570+03:00 level=WARN msg="fetch failed" url=https://go.dev/dl/go1.25.8.openbsd-amd64.tar.gz status=302 error="unexpected status 302"
time=2026-09-24T20:42:49.570+03:00 level=WARN msg="fetch failed" url=https://go.dev/dl/go1.25.8.openbsd-arm64.tar.gz status=302 error="unexpected status 302"
time=2026-09-24T20:42:49.569+03:00 level=WARN msg="fetch failed" url=https://go.dev/dl/go1.25.8.openbsd-386.tar.gz status=302 error="unexpected status 302"
time=2026-09-24T20:42:49.745+03:00 level=WARN msg="fetch failed" url=https://go.dev/dl/go1.25.8.plan9-amd64.tar.gz status=302 error="unexpected status 302"
time=2026-09-24T20:42:49.745+03:00 level=WARN msg="fetch failed" url=https://go.dev/dl/go1.25.8.plan9-arm.tar.gz status=302 error="unexpected status 302"
time=2026-09-24T20:42:49.745+03:00 level=WARN msg="fetch failed" url=https://go.dev/dl/go1.25.8.openbsd-riscv64.tar.gz status=302 error="unexpected status 302"
time=2026-09-24T20:42:49.745+03:00 level=WARN msg="fetch failed" url=https://go.dev/dl/go1.25.8.openbsd-ppc64.tar.gz status=302 error="unexpected status 302"
time=2026-09-24T20:42:49.745+03:00 level=WARN msg="fetch failed" url=https://go.dev/dl/go1.25.8.windows-386.msi status=302 error="unexpected status 302"
time=2026-09-24T20:42:49.745+03:00 level=WARN msg="fetch failed" url=https://go.dev/dl/go1.25.8.plan9-386.tar.gz status=302 error="unexpected status 302"
time=2026-09-24T20:42:49.746+03:00 level=WARN msg="fetch failed" url=https://go.dev/dl/go1.25.8.windows-386.zip status=302 error="unexpected status 302"
time=2026-09-24T20:42:49.746+03:00 level=WARN msg="fetch failed" url=https://go.dev/dl/go1.25.8.solaris-amd64.tar.gz status=302 error="unexpected status 302"
time=2026-09-24T20:42:49.746+03:00 level=WARN msg="fetch failed" url=https://go.dev/dl/go1.25.8.windows-amd64.msi status=302 error="unexpected status 302"
time=2026-09-24T20:42:49.746+03:00 level=WARN msg="fetch failed" url=https://go.dev/dl/go1.25.8.windows-amd64.zip status=302 error="unexpected status 302"
time=2026-09-24T20:42:50.051+03:00 level=WARN msg="fetch failed" url=https://go.dev/dl/go1.25.8.windows-arm64.zip status=302 error="unexpected status 302"
time=2026-09-24T20:42:50.051+03:00 level=WARN msg="fetch failed" url=https://go.dev/dl/go1.25.8.windows-arm64.msi status=302 error="unexpected status 302"
time=2026-09-24T20:42:50.051+03:00 level=WARN msg="fetch failed" url=https://go.dev/dl/go1.25.7.darwin-arm64.pkg status=302 error="unexpected status 302"
time=2026-09-24T20:42:50.051+03:00 level=WARN msg="fetch failed" url=https://go.dev/dl/go1.25.7.darwin-amd64.tar.gz status=302 error="unexpected status 302"
time=2026-09-24T20:42:50.051+03:00 level=WARN msg="fetch failed" url=https://go.dev/dl/go1.25.7.aix-ppc64.tar.gz status=302 error="unexpected status 302"
time=2026-09-24T20:42:50.051+03:00 level=WARN msg="fetch failed" url=https://go.dev/dl/go1.25.7.dragonfly-amd64.tar.gz status=302 error="unexpected status 302"
time=2026-09-24T20:42:50.051+03:00 level=WARN msg="fetch failed" url=https://go.dev/dl/go1.25.7.freebsd-386.tar.gz status=302 error="unexpected status 302"
time=2026-09-24T20:42:50.051+03:00 level=WARN msg="fetch failed" url=https://go.dev/dl/go1.25.7.darwin-arm64.tar.gz status=302 error="unexpected status 302"
time=2026-09-24T20:42:50.051+03:00 level=WARN msg="fetch failed" url=https://go.dev/dl/go1.25.7.darwin-amd64.pkg status=302 error="unexpected status 302"
time=2026-09-24T20:42:50.257+03:00 level=WARN msg="fetch failed" url=https://go.dev/dl/go1.25.7.linux-arm64.tar.gz status=302 error="unexpected status 302"
time=2026-09-24T20:42:50.257+03:00 level=WARN msg="fetch failed" url=https://go.dev/dl/go1.25.7.freebsd-arm64.tar.gz status=302 error="unexpected status 302"
time=2026-09-24T20:42:50.257+03:00 level=WARN msg="fetch failed" url=https://go.dev/dl/go1.25.7.freebsd-arm.tar.gz status=302 error="unexpected status 302"
time=2026-09-24T20:42:50.257+03:00 level=WARN msg="fetch failed" url=https://go.dev/dl/go1.25.7.freebsd-amd64.tar.gz status=302 error="unexpected status 302"
time=2026-09-24T20:42:50.257+03:00 level=WARN msg="fetch failed" url=https://go.dev/dl/go1.25.7.illumos-amd64.tar.gz status=302 error="unexpected status 302"
time=2026-09-24T20:42:50.257+03:00 level=WARN msg="fetch failed" url=https://go.dev/dl/go1.25.7.linux-386.tar.gz status=302 error="unexpected status 302"
time=2026-09-24T20:42:50.257+03:00 level=WARN msg="fetch failed" url=https://go.dev/dl/go1.25.7.linux-armv6l.tar.gz status=302 error="unexpected status 302"
time=2026-09-24T20:42:50.257+03:00 level=WARN msg="fetch failed" url=https://go.dev/dl/go1.25.7.freebsd-riscv64.tar.gz status=302 error="unexpected status 302"
time=2026-09-24T20:42:50.278+03:00 level=WARN msg="fetch failed" url=https://go.dev/dl/go1.25.7.linux-amd64.tar.gz status=302 error="unexpected status 302"
time=2026-09-24T20:42:50.349+03:00 level=WARN msg="fetch failed" url=https://go.dev/dl/go1.25.7.src.tar.gz status=302 error="unexpected status 302"
time=2026-09-24T20:42:50.461+03:00 level=WARN msg="fetch failed" url=https://go.dev/dl/go1.25.7.linux-mips64le.tar.gz status=302 error="unexpected status 302"
time=2026-09-24T20:42:50.461+03:00 level=WARN msg="fetch failed" url=https://go.dev/dl/go1.25.7.linux-mips.tar.gz status=302 error="unexpected status 302"
time=2026-09-24T20:42:50.461+03:00 level=WARN msg="fetch failed" url=https://go.dev/dl/go1.25.7.linux-riscv64.tar.gz status=302 error="unexpected status 302"
time=2026-09-24T20:42:50.461+03:00 level=WARN msg="fetch failed" url=https://go.dev/dl/go1.25.7.linux-mips64.tar.gz status=302 error="unexpected status 302"
time=2026-09-24T20:42:50.461+03:00 level=WARN msg="fetch failed" url=https://go.dev/dl/go1.25.7.linux-loong64.tar.gz status=302 error="unexpected status 302"
time=2026-09-24T20:42:50.461+03:00 level=WARN msg="fetch failed" url=https://go.dev/dl/go1.25.7.linux-mipsle.tar.gz status=302 error="unexpected status 302"
time=2026-09-24T20:42:50.461+03:00 level=WARN msg="fetch failed" url=https://go.dev/dl/go1.25.7.linux-ppc64.tar.gz status=302 error="unexpected status 302"
time=2026-09-24T20:42:50.773+03:00 level=WARN msg="fetch failed" url=https://go.dev/dl/go1.25.7.linux-s390x.tar.gz status=302 error="unexpected status 302"
time=2026-09-24T20:42:50.773+03:00 level=WARN msg="fetch failed" url=https://go.dev/dl/go1.25.7.netbsd-amd64.tar.gz status=302 error="unexpected status 302"
time=2026-09-24T20:42:50.773+03:00 level=WARN msg="fetch failed" url=https://go.dev/dl/go1.25.7.openbsd-386.tar.gz status=302 error="unexpected status 302"
time=2026-09-24T20:42:50.773+03:00 level=WARN msg="fetch failed" url=https://go.dev/dl/go1.25.7.netbsd-386.tar.gz status=302 error="unexpected status 302"
time=2026-09-24T20:42:50.773+03:00 level=WARN msg="fetch failed" url=https://go.dev/dl/go1.25.7.linux-ppc64le.tar.gz status=302 error="unexpected status 302"
time=2026-09-24T20:42:50.773+03:00 level=WARN msg="fetch failed" url=https://go.dev/dl/go1.25.7.openbsd-amd64.tar.gz status=302 error="unexpected status 302"
time=2026-09-24T20:42:50.773+03:00 level=WARN msg="fetch failed" url=https://go.dev/dl/go1.25.7.openbsd-arm64.tar.gz status=302 error="unexpected status 302"
time=2026-09-24T20:42:50.773+03:00 level=WARN msg="fetch failed" url=https://go.dev/dl/go1.25.7.netbsd-arm.tar.gz status=302 error="unexpected status 302"
time=2026-09-24T20:42:50.773+03:00 level=WARN msg="fetch failed" url=https://go.dev/dl/go1.25.7.netbsd-arm64.tar.gz status=302 error="unexpected status 302"
time=2026-09-24T20:42:50.773+03:00 level=WARN msg="fetch failed" url=https://go.dev/dl/go1.25.7.openbsd-arm.tar.gz status=302 error="unexpected status 302"
time=2026-09-24T20:42:51.076+03:00 level=WARN msg="fetch failed" url=https://go.dev/dl/go1.25.7.plan9-arm.tar.gz status=302 error="unexpected status 302"
time=2026-09-24T20:42:51.076+03:00 level=WARN msg="fetch failed" url=https://go.dev/dl/go1.25.7.plan9-amd64.tar.gz status=302 error="unexpected status 302"
time=2026-09-24T20:42:51.076+03:00 level=WARN msg="fetch failed" url=https://go.dev/dl/go1.25.7.plan9-386.tar.gz status=302 error="unexpected status 302"
time=2026-09-24T20:42:51.076+03:00 level=WARN msg="fetch failed" url=https://go.dev/dl/go1.25.7.windows-386.msi status=302 error="unexpected status 302"
time=2026-09-24T20:42:51.076+03:00 level=WARN msg="fetch failed" url=https://go.dev/dl/go1.25.7.openbsd-riscv64.tar.gz status=302 error="unexpected status 302"
time=2026-09-24T20:42:51.076+03:00 level=WARN msg="fetch failed" url=https://go.dev/dl/go1.25.7.windows-amd64.zip status=302 error="unexpected status 302"
time=2026-09-24T20:42:51.076+03:00 level=WARN msg="fetch failed" url=https://go.dev/dl/go1.25.7.openbsd-ppc64.tar.gz status=302 error="unexpected status 302"
time=2026-09-24T20:42:51.076+03:00 level=WARN msg="fetch failed" url=https://go.dev/dl/go1.25.7.solaris-amd64.tar.gz status=302 error="unexpected status 302"
time=2026-09-24T20:42:51.076+03:00 level=WARN msg="fetch failed" url=https://go.dev/dl/go1.25.7.windows-amd64.msi status=302 error="unexpected status 302"
time=2026-09-24T20:42:51.076+03:00 level=WARN msg="fetch failed" url=https://go.dev/dl/go1.25.7.windows-386.zip status=302 error="unexpected status 302"
time=2026-09-24T20:42:51.279+03:00 level=WARN msg="fetch failed" url=https://go.dev/dl/go1.25.6.dragonfly-amd64.tar.gz status=302 error="unexpected status 302"
time=2026-09-24T20:42:51.279+03:00 level=WARN msg="fetch failed" url=https://go.dev/dl/go1.25.6.aix-ppc64.tar.gz status=302 error="unexpected status 302"
time=2026-09-24T20:42:51.279+03:00 level=WARN msg="fetch failed" url=https://go.dev/dl/go1.25.7.windows-arm64.zip status=302 error="unexpected status 302"
time=2026-09-24T20:42:51.279+03:00 level=WARN msg="fetch failed" url=https://go.dev/dl/go1.25.6.darwin-arm64.tar.gz status=302 error="unexpected status 302"
time=2026-09-24T20:42:51.279+03:00 level=WARN msg="fetch failed" url=https://go.dev/dl/go1.25.6.freebsd-386.tar.gz status=302 error="unexpected status 302"
time=2026-09-24T20:42:51.279+03:00 level=WARN msg="fetch failed" url=https://go.dev/dl/go1.25.7.windows-arm64.msi status=302 error="unexpected status 302"
time=2026-09-24T20:42:51.279+03:00 level=WARN msg="fetch failed" url=https://go.dev/dl/go1.25.6.darwin-amd64.pkg status=302 error="unexpected status 302"
time=2026-09-24T20:42:51.279+03:00 level=WARN msg="fetch failed" url=https://go.dev/dl/go1.25.6.darwin-amd64.tar.gz status=302 error="unexpected status 302"
time=2026-09-24T20:42:51.279+03:00 level=WARN msg="fetch failed" url=https://go.dev/dl/go1.25.6.src.tar.gz status=302 error="unexpected status 302"
time=2026-09-24T20:42:51.279+03:00 level=WARN msg="fetch failed" url=https://go.dev/dl/go1.25.6.darwin-arm64.pkg status=302 error="unexpected status 302"
time=2026-09-24T20:42:51.485+03:00 level=WARN msg="fetch failed" url=https://go.dev/dl/go1.25.6.freebsd-amd64.tar.gz status=302 error="unexpected status 302"
time=2026-09-24T20:42:51.486+03:00 level=WARN msg="fetch failed" url=https://go.dev/dl/go1.25.6.linux-armv6l.tar.gz status=302 error="unexpected status 302"
time=2026-09-24T20:42:51.486+03:00 level=WARN msg="fetch failed" url=https://go.dev/dl/go1.25.6.freebsd-riscv64.tar.gz status=302 error="unexpected status 302"
time=2026-09-24T20:42:51.486+03:00 level=WARN msg="fetch failed" url=https://go.dev/dl/go1.25.6.freebsd-arm.tar.gz status=302 error="unexpected status 302"
time=2026-09-24T20:42:51.486+03:00 level=WARN msg="fetch failed" url=https://go.dev/dl/go1.25.6.linux-amd64.tar.gz status=302 error="unexpected status 302"
time=2026-09-24T20:42:51.486+03:00 level=WARN msg="fetch failed" url=https://go.dev/dl/go1.25.6.illumos-amd64.tar.gz status=302 error="unexpected status 302"
time=2026-09-24T20:42:51.486+03:00 level=WARN msg="fetch failed" url=https://go.dev/dl/go1.25.6.linux-loong64.tar.gz status=302 error="unexpected status 302"
time=2026-09-24T20:42:51.486+03:00 level=WARN msg="fetch failed" url=https://go.dev/dl/go1.25.6.linux-386.tar.gz status=302 error="unexpected status 302"
time=2026-09-24T20:42:51.486+03:00 level=WARN msg="fetch failed" url=https://go.dev/dl/go1.25.6.freebsd-arm64.tar.gz status=302 error="unexpected status 302"
time=2026-09-24T20:42:51.502+03:00 level=WARN msg="fetch failed" url=https://go.dev/dl/go1.25.6.linux-arm64.tar.gz status=302 error="unexpected status 302"
time=2026-09-24T20:42:51.690+03:00 level=WARN msg="fetch failed" url=https://go.dev/dl/go1.25.6.linux-mips.tar.gz status=302 error="unexpected status 302"
time=2026-09-24T20:42:51.691+03:00 level=WARN msg="fetch failed" url=https://go.dev/dl/go1.25.6.linux-s390x.tar.gz status=302 error="unexpected status 302"
time=2026-09-24T20:42:51.691+03:00 level=WARN msg="fetch failed" url=https://go.dev/dl/go1.25.6.linux-mips64.tar.gz status=302 error="unexpected status 302"
time=2026-09-24T20:42:51.692+03:00 level=WARN msg="fetch failed" url=https://go.dev/dl/go1.25.6.linux-mips64le.tar.gz status=302 error="unexpected status 302"
time=2026-09-24T20:42:51.692+03:00 level=WARN msg="fetch failed" url=https://go.dev/dl/go1.25.6.linux-ppc64.tar.gz status=302 error="unexpected status 302"
time=2026-09-24T20:42:51.692+03:00 level=WARN msg="fetch failed" url=https://go.dev/dl/go1.25.6.linux-mipsle.tar.gz status=302 error="unexpected status 302"
time=2026-09-24T20:42:51.692+03:00 level=WARN msg="fetch failed" url=https://go.dev/dl/go1.25.6.netbsd-386.tar.gz status=302 error="unexpected status 302"
time=2026-09-24T20:42:51.743+03:00 level=WARN msg="fetch failed" url=https://go.dev/dl/go1.25.6.netbsd-amd64.tar.gz status=302 error="unexpected status 302"
time=2026-09-24T20:42:51.771+03:00 level=WARN msg="fetch failed" url=https://go.dev/dl/go1.25.6.linux-riscv64.tar.gz status=302 error="unexpected status 302"
time=2026-09-24T20:42:51.893+03:00 level=WARN msg="fetch failed" url=https://go.dev/dl/go1.25.6.linux-ppc64le.tar.gz status=302 error="unexpected status 302"
time=2026-09-24T20:42:51.894+03:00 level=WARN msg="fetch failed" url=https://go.dev/dl/go1.25.6.netbsd-arm.tar.gz status=302 error="unexpected status 302"
time=2026-09-24T20:42:51.894+03:00 level=WARN msg="fetch failed" url=https://go.dev/dl/go1.25.6.openbsd-amd64.tar.gz status=302 error="unexpected status 302"
time=2026-09-24T20:42:51.894+03:00 level=WARN msg="fetch failed" url=https://go.dev/dl/go1.25.6.openbsd-arm64.tar.gz status=302 error="unexpected status 302"
time=2026-09-24T20:42:51.894+03:00 level=WARN msg="fetch failed" url=https://go.dev/dl/go1.25.6.netbsd-arm64.tar.gz status=302 error="unexpected status 302"
time=2026-09-24T20:42:51.894+03:00 level=WARN msg="fetch failed" url=https://go.dev/dl/go1.25.6.openbsd-386.tar.gz status=302 error="unexpected status 302"
time=2026-09-24T20:42:51.894+03:00 level=WARN msg="fetch failed" url=https://go.dev/dl/go1.25.6.openbsd-arm.tar.gz status=302 error="unexpected status 302"
time=2026-09-24T20:42:51.894+03:00 level=WARN msg="fetch failed" url=https://go.dev/dl/go1.25.6.openbsd-ppc64.tar.gz status=302 error="unexpected status 302"
time=2026-09-24T20:42:51.896+03:00 level=WARN msg="fetch failed" url=https://go.dev/dl/go1.25.6.openbsd-riscv64.tar.gz status=302 error="unexpected status 302"
time=2026-09-24T20:42:52.025+03:00 level=WARN msg="fetch failed" url=https://go.dev/dl/go1.25.6.plan9-386.tar.gz status=302 error="unexpected status 302"
time=2026-09-24T20:42:52.137+03:00 level=WARN msg="fetch failed" url=https://go.dev/dl/go1.25.6.plan9-amd64.tar.gz status=302 error="unexpected status 302"
time=2026-09-24T20:42:52.306+03:00 level=WARN msg="fetch failed" url=https://go.dev/dl/go1.25.6.windows-amd64.zip status=302 error="unexpected status 302"
time=2026-09-24T20:42:52.309+03:00 level=WARN msg="fetch failed" url=https://go.dev/dl/go1.25.5.src.tar.gz status=302 error="unexpected status 302"
time=2026-09-24T20:42:52.309+03:00 level=WARN msg="fetch failed" url=https://go.dev/dl/go1.25.6.windows-arm64.msi status=302 error="unexpected status 302"
time=2026-09-24T20:42:52.312+03:00 level=WARN msg="fetch failed" url=https://go.dev/dl/go1.25.6.windows-386.zip status=302 error="unexpected status 302"
time=2026-09-24T20:42:52.312+03:00 level=WARN msg="fetch failed" url=https://go.dev/dl/go1.25.6.plan9-arm.tar.gz status=302 error="unexpected status 302"
time=2026-09-24T20:42:52.313+03:00 level=WARN msg="fetch failed" url=https://go.dev/dl/go1.25.6.windows-386.msi status=302 error="unexpected status 302"
time=2026-09-24T20:42:52.313+03:00 level=WARN msg="fetch failed" url=https://go.dev/dl/go1.25.6.windows-arm64.zip status=302 error="unexpected status 302"
time=2026-09-24T20:42:52.317+03:00 level=WARN msg="fetch failed" url=https://go.dev/dl/go1.25.5.aix-ppc64.tar.gz status=302 error="unexpected status 302"
time=2026-09-24T20:42:52.427+03:00 level=WARN msg="fetch failed" url=https://go.dev/dl/go1.25.6.windows-amd64.msi status=302 error="unexpected status 302"
time=2026-09-24T20:42:52.456+03:00 level=WARN msg="fetch failed" url=https://go.dev/dl/go1.25.5.darwin-amd64.tar.gz status=302 error="unexpected status 302"
time=2026-09-24T20:42:52.561+03:00 level=WARN msg="fetch failed" url=https://go.dev/dl/go1.25.5.darwin-arm64.pkg status=302 error="unexpected status 302"
time=2026-09-24T20:42:52.561+03:00 level=WARN msg="fetch failed" url=https://go.dev/dl/go1.25.5.darwin-arm64.tar.gz status=302 error="unexpected status 302"
time=2026-09-24T20:42:52.561+03:00 level=WARN msg="fetch failed" url=https://go.dev/dl/go1.25.5.dragonfly-amd64.tar.gz status=302 error="unexpected status 302"
time=2026-09-24T20:42:52.562+03:00 level=WARN msg="fetch failed" url=https://go.dev/dl/go1.25.5.darwin-amd64.pkg status=302 error="unexpected status 302"
time=2026-09-24T20:42:52.562+03:00 level=WARN msg="fetch failed" url=https://go.dev/dl/go1.25.6.solaris-amd64.tar.gz status=302 error="unexpected status 302"
time=2026-09-24T20:42:52.562+03:00 level=WARN msg="fetch failed" url=https://go.dev/dl/go1.25.5.freebsd-amd64.tar.gz status=302 error="unexpected status 302"
time=2026-09-24T20:42:52.562+03:00 level=WARN msg="fetch failed" url=https://go.dev/dl/go1.25.5.freebsd-arm.tar.gz status=302 error="unexpected status 302"
time=2026-09-24T20:42:52.562+03:00 level=WARN msg="fetch failed" url=https://go.dev/dl/go1.25.5.freebsd-386.tar.gz status=302 error="unexpected status 302"
time=2026-09-24T20:42:52.583+03:00 level=WARN msg="fetch failed" url=https://go.dev/dl/go1.25.5.freebsd-arm64.tar.gz status=302 error="unexpected status 302"
time=2026-09-24T20:42:52.616+03:00 level=WARN msg="fetch failed" url=https://go.dev/dl/go1.25.5.freebsd-riscv64.tar.gz status=302 error="unexpected status 302"
time=2026-09-24T20:42:52.836+03:00 level=WARN msg="fetch failed" url=https://go.dev/dl/go1.25.5.linux-amd64.tar.gz status=302 error="unexpected status 302"
time=2026-09-24T20:42:52.837+03:00 level=WARN msg="fetch failed" url=https://go.dev/dl/go1.25.5.illumos-amd64.tar.gz status=302 error="unexpected status 302"
time=2026-09-24T20:42:52.837+03:00 level=WARN msg="fetch failed" url=https://go.dev/dl/go1.25.5.linux-386.tar.gz status=302 error="unexpected status 302"
time=2026-09-24T20:42:52.837+03:00 level=WARN msg="fetch failed" url=https://go.dev/dl/go1.25.5.linux-arm64.tar.gz status=302 error="unexpected status 302"
time=2026-09-24T20:42:52.837+03:00 level=WARN msg="fetch failed" url=https://go.dev/dl/go1.25.5.linux-loong64.tar.gz status=302 error="unexpected status 302"
time=2026-09-24T20:42:52.837+03:00 level=WARN msg="fetch failed" url=https://go.dev/dl/go1.25.5.linux-mips64le.tar.gz status=302 error="unexpected status 302"
time=2026-09-24T20:42:52.837+03:00 level=WARN msg="fetch failed" url=https://go.dev/dl/go1.25.5.linux-armv6l.tar.gz status=302 error="unexpected status 302"
time=2026-09-24T20:42:52.837+03:00 level=WARN msg="fetch failed" url=https://go.dev/dl/go1.25.5.linux-mips.tar.gz status=302 error="unexpected status 302"
time=2026-09-24T20:42:52.837+03:00 level=WARN msg="fetch failed" url=https://go.dev/dl/go1.25.5.linux-mips64.tar.gz status=302 error="unexpected status 302"
time=2026-09-24T20:42:52.847+03:00 level=WARN msg="fetch failed" url=https://go.dev/dl/go1.25.5.linux-mipsle.tar.gz status=302 error="unexpected status 302"
time=2026-09-24T20:42:53.093+03:00 level=WARN msg="fetch failed" url=https://go.dev/dl/go1.25.5.netbsd-arm64.tar.gz status=302 error="unexpected status 302"
time=2026-09-24T20:42:53.093+03:00 level=WARN msg="fetch failed" url=https://go.dev/dl/go1.25.5.linux-ppc64le.tar.gz status=302 error="unexpected status 302"
time=2026-09-24T20:42:53.093+03:00 level=WARN msg="fetch failed" url=https://go.dev/dl/go1.25.5.netbsd-arm.tar.gz status=302 error="unexpected status 302"
time=2026-09-24T20:42:53.104+03:00 level=WARN msg="fetch failed" url=https://go.dev/dl/go1.25.5.openbsd-amd64.tar.gz status=302 error="unexpected status 302"
time=2026-09-24T20:42:53.104+03:00 level=WARN msg="fetch failed" url=https://go.dev/dl/go1.25.5.linux-s390x.tar.gz status=302 error="unexpected status 302"
time=2026-09-24T20:42:53.241+03:00 level=WARN msg="fetch failed" url=https://go.dev/dl/go1.25.5.netbsd-386.tar.gz status=302 error="unexpected status 302"
time=2026-09-24T20:42:53.241+03:00 level=WARN msg="fetch failed" url=https://go.dev/dl/go1.25.5.openbsd-386.tar.gz status=302 error="unexpected status 302"
time=2026-09-24T20:42:53.241+03:00 level=WARN msg="fetch failed" url=https://go.dev/dl/go1.25.5.linux-riscv64.tar.gz status=302 error="unexpected status 302"
time=2026-09-24T20:42:53.241+03:00 level=WARN msg="fetch failed" url=https://go.dev/dl/go1.25.5.linux-ppc64.tar.gz status=302 error="unexpected status 302"
time=2026-09-24T20:42:53.242+03:00 level=WARN msg="fetch failed" url=https://go.dev/dl/go1.25.5.netbsd-amd64.tar.gz status=302 error="unexpected status 302"
time=2026-09-24T20:42:53.245+03:00 level=WARN msg="fetch failed" url=https://go.dev/dl/go1.25.5.openbsd-arm.tar.gz status=302 error="unexpected status 302"
time=2026-09-24T20:42:53.249+03:00 level=WARN msg="fetch failed" url=https://go.dev/dl/go1.25.5.openbsd-ppc64.tar.gz status=302 error="unexpected status 302"
time=2026-09-24T20:42:53.258+03:00 level=WARN msg="fetch failed" url=https://go.dev/dl/go1.25.5.openbsd-arm64.tar.gz status=302 error="unexpected status 302"
time=2026-09-24T20:42:53.266+03:00 level=WARN msg="fetch failed" url=https://go.dev/dl/go1.25.5.openbsd-riscv64.tar.gz status=302 error="unexpected status 302"
time=2026-09-24T20:42:53.408+03:00 level=WARN msg="fetch failed" url=https://go.dev/dl/go1.25.5.plan9-386.tar.gz status=302 error="unexpected status 302"
time=2026-09-24T20:42:53.409+03:00 level=WARN msg="fetch failed" url=https://go.dev/dl/go1.25.5.windows-amd64.zip status=302 error="unexpected status 302"
time=2026-09-24T20:42:53.409+03:00 level=WARN msg="fetch failed" url=https://go.dev/dl/go1.25.5.solaris-amd64.tar.gz status=302 error="unexpected status 302"
time=2026-09-24T20:42:53.409+03:00 level=WARN msg="fetch failed" url=https://go.dev/dl/go1.25.5.windows-386.msi status=302 error="unexpected status 302"
time=2026-09-24T20:42:53.409+03:00 level=WARN msg="fetch failed" url=https://go.dev/dl/go1.25.5.windows-amd64.msi status=302 error="unexpected status 302"
time=2026-09-24T20:42:53.409+03:00 level=WARN msg="fetch failed" url=https://go.dev/dl/go1.25.5.plan9-arm.tar.gz status=302 error="unexpected status 302"
time=2026-09-24T20:42:53.409+03:00 level=WARN msg="fetch failed" url=https://go.dev/dl/go1.25.5.windows-386.zip status=302 error="unexpected status 302"
time=2026-09-24T20:42:53.409+03:00 level=WARN msg="fetch failed" url=https://go.dev/dl/go1.25.5.plan9-amd64.tar.gz status=302 error="unexpected status 302"
time=2026-09-24T20:42:53.429+03:00 level=WARN msg="fetch failed" url=https://go.dev/dl/go1.25.5.windows-arm64.zip status=302 error="unexpected status 302"
time=2026-09-24T20:42:53.570+03:00 level=WARN msg="fetch failed" url=https://go.dev/dl/go1.25.4.darwin-amd64.pkg status=302 error="unexpected status 302"
time=2026-09-24T20:42:53.570+03:00 level=WARN msg="fetch failed" url=https://go.dev/dl/go1.25.4.darwin-arm64.pkg status=302 error="unexpected status 302"
time=2026-09-24T20:42:53.572+03:00 level=WARN msg="fetch failed" url=https://go.dev/dl/go1.25.4.freebsd-386.tar.gz status=302 error="unexpected status 302"
time=2026-09-24T20:42:53.572+03:00 level=WARN msg="fetch failed" url=https://go.dev/dl/go1.25.4.darwin-arm64.tar.gz status=302 error="unexpected status 302"
time=2026-09-24T20:42:53.572+03:00 level=WARN msg="fetch failed" url=https://go.dev/dl/go1.25.4.src.tar.gz status=302 error="unexpected status 302"
time=2026-09-24T20:42:53.573+03:00 level=WARN msg="fetch failed" url=https://go.dev/dl/go1.25.4.aix-ppc64.tar.gz status=302 error="unexpected status 302"
time=2026-09-24T20:42:53.573+03:00 level=WARN msg="fetch failed" url=https://go.dev/dl/go1.25.4.darwin-amd64.tar.gz status=302 error="unexpected status 302"
time=2026-09-24T20:42:53.577+03:00 level=WARN msg="fetch failed" url=https://go.dev/dl/go1.25.4.dragonfly-amd64.tar.gz status=302 error="unexpected status 302"
time=2026-09-24T20:42:53.581+03:00 level=WARN msg="fetch failed" url=https://go.dev/dl/go1.25.4.freebsd-amd64.tar.gz status=302 error="unexpected status 302"
time=2026-09-24T20:42:53.740+03:00 level=WARN msg="fetch failed" url=https://go.dev/dl/go1.25.5.windows-arm64.msi status=302 error="unexpected status 302"
time=2026-09-24T20:42:53.740+03:00 level=WARN msg="fetch failed" url=https://go.dev/dl/go1.25.4.linux-386.tar.gz status=302 error="unexpected status 302"
time=2026-09-24T20:42:53.740+03:00 level=WARN msg="fetch failed" url=https://go.dev/dl/go1.25.4.linux-armv6l.tar.gz status=302 error="unexpected status 302"
time=2026-09-24T20:42:53.740+03:00 level=WARN msg="fetch failed" url=https://go.dev/dl/go1.25.4.linux-arm64.tar.gz status=302 error="unexpected status 302"
time=2026-09-24T20:42:53.746+03:00 level=WARN msg="fetch failed" url=https://go.dev/dl/go1.25.4.linux-amd64.tar.gz status=302 error="unexpected status 302"
time=2026-09-24T20:42:53.882+03:00 level=WARN msg="fetch failed" url=https://go.dev/dl/go1.25.4.freebsd-arm64.tar.gz status=302 error="unexpected status 302"
time=2026-09-24T20:42:53.882+03:00 level=WARN msg="fetch failed" url=https://go.dev/dl/go1.25.4.freebsd-riscv64.tar.gz status=302 error="unexpected status 302"
time=2026-09-24T20:42:53.882+03:00 level=WARN msg="fetch failed" url=https://go.dev/dl/go1.25.4.illumos-amd64.tar.gz status=302 error="unexpected status 302"
time=2026-09-24T20:42:53.883+03:00 level=WARN msg="fetch failed" url=https://go.dev/dl/go1.25.4.freebsd-arm.tar.gz status=302 error="unexpected status 302"
time=2026-09-24T20:42:53.896+03:00 level=WARN msg="fetch failed" url=https://go.dev/dl/go1.25.4.linux-mips64le.tar.gz status=302 error="unexpected status 302"
time=2026-09-24T20:42:53.898+03:00 level=WARN msg="fetch failed" url=https://go.dev/dl/go1.25.4.linux-ppc64.tar.gz status=302 error="unexpected status 302"
time=2026-09-24T20:42:53.898+03:00 level=WARN msg="fetch failed" url=https://go.dev/dl/go1.25.4.linux-loong64.tar.gz status=302 error="unexpected status 302"
time=2026-09-24T20:42:53.905+03:00 level=WARN msg="fetch failed" url=https://go.dev/dl/go1.25.4.linux-mips64.tar.gz status=302 error="unexpected status 302"
time=2026-09-24T20:42:53.907+03:00 level=WARN msg="fetch failed" url=https://go.dev/dl/go1.25.4.linux-mipsle.tar.gz status=302 error="unexpected status 302"
time=2026-09-24T20:42:54.055+03:00 level=WARN msg="fetch failed" url=https://go.dev/dl/go1.25.4.netbsd-386.tar.gz status=302 error="unexpected status 302"
time=2026-09-24T20:42:54.055+03:00 level=WARN msg="fetch failed" url=https://go.dev/dl/go1.25.4.linux-mips.tar.gz status=302 error="unexpected status 302"
time=2026-09-24T20:42:54.055+03:00 level=WARN msg="fetch failed" url=https://go.dev/dl/go1.25.4.linux-riscv64.tar.gz status=302 error="unexpected status 302"
time=2026-09-24T20:42:54.055+03:00 level=WARN msg="fetch failed" url=https://go.dev/dl/go1.25.4.linux-s390x.tar.gz status=302 error="unexpected status 302"
time=2026-09-24T20:42:54.055+03:00 level=WARN msg="fetch failed" url=https://go.dev/dl/go1.25.4.linux-ppc64le.tar.gz status=302 error="unexpected status 302"
time=2026-09-24T20:42:54.055+03:00 level=WARN msg="fetch failed" url=https://go.dev/dl/go1.25.4.netbsd-amd64.tar.gz status=302 error="unexpected status 302"
time=2026-09-24T20:42:54.055+03:00 level=WARN msg="fetch failed" url=https://go.dev/dl/go1.25.4.netbsd-arm.tar.gz status=302 error="unexpected status 302"
time=2026-09-24T20:42:54.055+03:00 level=WARN msg="fetch failed" url=https://go.dev/dl/go1.25.4.netbsd-arm64.tar.gz status=302 error="unexpected status 302"
time=2026-09-24T20:42:54.061+03:00 level=WARN msg="fetch failed" url=https://go.dev/dl/go1.25.4.openbsd-386.tar.gz status=302 error="unexpected status 302"
time=2026-09-24T20:42:54.063+03:00 level=WARN msg="fetch failed" url=https://go.dev/dl/go1.25.4.openbsd-amd64.tar.gz status=302 error="unexpected status 302"
time=2026-09-24T20:42:54.218+03:00 level=WARN msg="fetch failed" url=https://go.dev/dl/go1.25.4.openbsd-arm.tar.gz status=302 error="unexpected status 302"
time=2026-09-24T20:42:54.218+03:00 level=WARN msg="fetch failed" url=https://go.dev/dl/go1.25.4.openbsd-arm64.tar.gz status=302 error="unexpected status 302"
time=2026-09-24T20:42:54.218+03:00 level=WARN msg="fetch failed" url=https://go.dev/dl/go1.25.4.openbsd-ppc64.tar.gz status=302 error="unexpected status 302"
time=2026-09-24T20:42:54.249+03:00 level=WARN msg="fetch failed" url=https://go.dev/dl/go1.25.4.openbsd-riscv64.tar.gz status=302 error="unexpected status 302"
time=2026-09-24T20:42:54.382+03:00 level=WARN msg="fetch failed" url=https://go.dev/dl/go1.25.4.windows-amd64.zip status=302 error="unexpected status 302"
time=2026-09-24T20:42:54.382+03:00 level=WARN msg="fetch failed" url=https://go.dev/dl/go1.25.4.windows-386.msi status=302 error="unexpected status 302"
time=2026-09-24T20:42:54.382+03:00 level=WARN msg="fetch failed" url=https://go.dev/dl/go1.25.4.plan9-amd64.tar.gz status=302 error="unexpected status 302"
time=2026-09-24T20:42:54.382+03:00 level=WARN msg="fetch failed" url=https://go.dev/dl/go1.25.4.solaris-amd64.tar.gz status=302 error="unexpected status 302"
time=2026-09-24T20:42:54.382+03:00 level=WARN msg="fetch failed" url=https://go.dev/dl/go1.25.4.plan9-386.tar.gz status=302 error="unexpected status 302"
time=2026-09-24T20:42:54.382+03:00 level=WARN msg="fetch failed" url=https://go.dev/dl/go1.25.4.windows-386.zip status=302 error="unexpected status 302"
time=2026-09-24T20:42:54.382+03:00 level=WARN msg="fetch failed" url=https://go.dev/dl/go1.25.4.windows-arm64.zip status=302 error="unexpected status 302"
time=2026-09-24T20:42:54.382+03:00 level=WARN msg="fetch failed" url=https://go.dev/dl/go1.25.4.plan9-arm.tar.gz status=302 error="unexpected status 302"
time=2026-09-24T20:42:54.382+03:00 level=WARN msg="fetch failed" url=https://go.dev/dl/go1.25.4.windows-amd64.msi status=302 error="unexpected status 302"
time=2026-09-24T20:42:54.517+03:00 level=WARN msg="fetch failed" url=https://go.dev/dl/go1.25.4.windows-arm64.msi status=302 error="unexpected status 302"
time=2026-09-24T20:42:54.536+03:00 level=WARN msg="fetch failed" url=https://go.dev/dl/go1.25.3.src.tar.gz status=302 error="unexpected status 302"
time=2026-09-24T20:42:54.546+03:00 level=WARN msg="fetch failed" url=https://go.dev/dl/go1.25.3.darwin-arm64.pkg status=302 error="unexpected status 302"
time=2026-09-24T20:42:54.546+03:00 level=WARN msg="fetch failed" url=https://go.dev/dl/go1.25.3.darwin-amd64.pkg status=302 error="unexpected status 302"
time=2026-09-24T20:42:54.548+03:00 level=WARN msg="fetch failed" url=https://go.dev/dl/go1.25.3.dragonfly-amd64.tar.gz status=302 error="unexpected status 302"
time=2026-09-24T20:42:54.548+03:00 level=WARN msg="fetch failed" url=https://go.dev/dl/go1.25.3.darwin-arm64.tar.gz status=302 error="unexpected status 302"
time=2026-09-24T20:42:54.555+03:00 level=WARN msg="fetch failed" url=https://go.dev/dl/go1.25.3.freebsd-386.tar.gz status=302 error="unexpected status 302"
time=2026-09-24T20:42:54.560+03:00 level=WARN msg="fetch failed" url=https://go.dev/dl/go1.25.3.freebsd-amd64.tar.gz status=302 error="unexpected status 302"
time=2026-09-24T20:42:54.673+03:00 level=WARN msg="fetch failed" url=https://go.dev/dl/go1.25.3.freebsd-arm.tar.gz status=302 error="unexpected status 302"
time=2026-09-24T20:42:54.673+03:00 level=WARN msg="fetch failed" url=https://go.dev/dl/go1.25.3.aix-ppc64.tar.gz status=302 error="unexpected status 302"
time=2026-09-24T20:42:54.673+03:00 level=WARN msg="fetch failed" url=https://go.dev/dl/go1.25.3.darwin-amd64.tar.gz status=302 error="unexpected status 302"
time=2026-09-24T20:42:54.699+03:00 level=WARN msg="fetch failed" url=https://go.dev/dl/go1.25.3.freebsd-riscv64.tar.gz status=302 error="unexpected status 302"
time=2026-09-24T20:42:54.700+03:00 level=WARN msg="fetch failed" url=https://go.dev/dl/go1.25.3.illumos-amd64.tar.gz status=302 error="unexpected status 302"
time=2026-09-24T20:42:54.706+03:00 level=WARN msg="fetch failed" url=https://go.dev/dl/go1.25.3.linux-amd64.tar.gz status=302 error="unexpected status 302"
time=2026-09-24T20:42:54.829+03:00 level=WARN msg="fetch failed" url=https://go.dev/dl/go1.25.3.linux-loong64.tar.gz status=302 error="unexpected status 302"
time=2026-09-24T20:42:54.829+03:00 level=WARN msg="fetch failed" url=https://go.dev/dl/go1.25.3.freebsd-arm64.tar.gz status=302 error="unexpected status 302"
time=2026-09-24T20:42:54.829+03:00 level=WARN msg="fetch failed" url=https://go.dev/dl/go1.25.3.linux-arm64.tar.gz status=302 error="unexpected status 302"
time=2026-09-24T20:42:54.829+03:00 level=WARN msg="fetch failed" url=https://go.dev/dl/go1.25.3.linux-armv6l.tar.gz status=302 error="unexpected status 302"
time=2026-09-24T20:42:54.833+03:00 level=WARN msg="fetch failed" url=https://go.dev/dl/go1.25.3.linux-386.tar.gz status=302 error="unexpected status 302"
time=2026-09-24T20:42:54.834+03:00 level=WARN msg="fetch failed" url=https://go.dev/dl/go1.25.3.linux-mips.tar.gz status=302 error="unexpected status 302"
time=2026-09-24T20:42:54.836+03:00 level=WARN msg="fetch failed" url=https://go.dev/dl/go1.25.3.linux-mips64.tar.gz status=302 error="unexpected status 302"
time=2026-09-24T20:42:54.855+03:00 level=WARN msg="fetch failed" url=https://go.dev/dl/go1.25.3.linux-mipsle.tar.gz status=302 error="unexpected status 302"
time=2026-09-24T20:42:54.855+03:00 level=WARN msg="fetch failed" url=https://go.dev/dl/go1.25.3.linux-ppc64.tar.gz status=302 error="unexpected status 302"
time=2026-09-24T20:42:54.986+03:00 level=WARN msg="fetch failed" url=https://go.dev/dl/go1.25.3.linux-mips64le.tar.gz status=302 error="unexpected status 302"
time=2026-09-24T20:42:54.986+03:00 level=WARN msg="fetch failed" url=https://go.dev/dl/go1.25.3.netbsd-386.tar.gz status=302 error="unexpected status 302"
time=2026-09-24T20:42:54.986+03:00 level=WARN msg="fetch failed" url=https://go.dev/dl/go1.25.3.linux-ppc64le.tar.gz status=302 error="unexpected status 302"
time=2026-09-24T20:42:54.986+03:00 level=WARN msg="fetch failed" url=https://go.dev/dl/go1.25.3.linux-riscv64.tar.gz status=302 error="unexpected status 302"
time=2026-09-24T20:42:54.986+03:00 level=WARN msg="fetch failed" url=https://go.dev/dl/go1.25.3.linux-s390x.tar.gz status=302 error="unexpected status 302"
time=2026-09-24T20:42:54.986+03:00 level=WARN msg="fetch failed" url=https://go.dev/dl/go1.25.3.netbsd-arm.tar.gz status=302 error="unexpected status 302"
time=2026-09-24T20:42:54.987+03:00 level=WARN msg="fetch failed" url=https://go.dev/dl/go1.25.3.netbsd-arm64.tar.gz status=302 error="unexpected status 302"
time=2026-09-24T20:42:54.988+03:00 level=WARN msg="fetch failed" url=https://go.dev/dl/go1.25.3.netbsd-amd64.tar.gz status=302 error="unexpected status 302"
time=2026-09-24T20:42:55.025+03:00 level=WARN msg="fetch failed" url=https://go.dev/dl/go1.25.3.openbsd-386.tar.gz status=302 error="unexpected status 302"
time=2026-09-24T20:42:55.144+03:00 level=WARN msg="fetch failed" url=https://go.dev/dl/go1.25.3.openbsd-amd64.tar.gz status=302 error="unexpected status 302"
time=2026-09-24T20:42:55.144+03:00 level=WARN msg="fetch failed" url=https://go.dev/dl/go1.25.3.openbsd-riscv64.tar.gz status=302 error="unexpected status 302"
time=2026-09-24T20:42:55.144+03:00 level=WARN msg="fetch failed" url=https://go.dev/dl/go1.25.3.openbsd-arm64.tar.gz status=302 error="unexpected status 302"
time=2026-09-24T20:42:55.144+03:00 level=WARN msg="fetch failed" url=https://go.dev/dl/go1.25.3.openbsd-ppc64.tar.gz status=302 error="unexpected status 302"
time=2026-09-24T20:42:55.144+03:00 level=WARN msg="fetch failed" url=https://go.dev/dl/go1.25.3.openbsd-arm.tar.gz status=302 error="unexpected status 302"
time=2026-09-24T20:42:55.148+03:00 level=WARN msg="fetch failed" url=https://go.dev/dl/go1.25.3.solaris-amd64.tar.gz status=302 error="unexpected status 302"
time=2026-09-24T20:42:55.148+03:00 level=WARN msg="fetch failed" url=https://go.dev/dl/go1.25.3.plan9-arm.tar.gz status=302 error="unexpected status 302"
time=2026-09-24T20:42:55.149+03:00 level=WARN msg="fetch failed" url=https://go.dev/dl/go1.25.3.plan9-386.tar.gz status=302 error="unexpected status 302"
time=2026-09-24T20:42:55.149+03:00 level=WARN msg="fetch failed" url=https://go.dev/dl/go1.25.3.plan9-amd64.tar.gz status=302 error="unexpected status 302"
time=2026-09-24T20:42:55.299+03:00 level=WARN msg="fetch failed" url=https://go.dev/dl/go1.25.3.windows-386.zip status=302 error="unexpected status 302"
time=2026-09-24T20:42:55.300+03:00 level=WARN msg="fetch failed" url=https://go.dev/dl/go1.25.3.windows-amd64.msi status=302 error="unexpected status 302"
time=2026-09-24T20:42:55.301+03:00 level=WARN msg="fetch failed" url=https://go.dev/dl/go1.25.3.windows-arm64.msi status=302 error="unexpected status 302"
time=2026-09-24T20:42:55.302+03:00 level=WARN msg="fetch failed" url=https://go.dev/dl/go1.25.3.windows-amd64.zip status=302 error="unexpected status 302"
time=2026-09-24T20:42:55.302+03:00 level=WARN msg="fetch failed" url=https://go.dev/dl/go1.25.3.windows-arm64.zip status=302 error="unexpected status 302"
time=2026-09-24T20:42:55.303+03:00 level=WARN msg="fetch failed" url=https://go.dev/dl/go1.25.2.darwin-amd64.tar.gz status=302 error="unexpected status 302"
time=2026-09-24T20:42:55.306+03:00 level=WARN msg="fetch failed" url=https://go.dev/dl/go1.25.2.src.tar.gz status=302 error="unexpected status 302"
time=2026-09-24T20:42:55.307+03:00 level=WARN msg="fetch failed" url=https://go.dev/dl/go1.25.3.windows-386.msi status=302 error="unexpected status 302"
time=2026-09-24T20:42:55.456+03:00 level=WARN msg="fetch failed" url=https://go.dev/dl/go1.25.2.darwin-arm64.tar.gz status=302 error="unexpected status 302"
time=2026-09-24T20:42:55.456+03:00 level=WARN msg="fetch failed" url=https://go.dev/dl/go1.25.2.darwin-arm64.pkg status=302 error="unexpected status 302"
time=2026-09-24T20:42:55.476+03:00 level=WARN msg="fetch failed" url=https://go.dev/dl/go1.25.2.freebsd-amd64.tar.gz status=302 error="unexpected status 302"
time=2026-09-24T20:42:55.476+03:00 level=WARN msg="fetch failed" url=https://go.dev/dl/go1.25.2.freebsd-386.tar.gz status=302 error="unexpected status 302"
time=2026-09-24T20:42:55.476+03:00 level=WARN msg="fetch failed" url=https://go.dev/dl/go1.25.2.freebsd-arm64.tar.gz status=302 error="unexpected status 302"
time=2026-09-24T20:42:55.477+03:00 level=WARN msg="fetch failed" url=https://go.dev/dl/go1.25.2.freebsd-arm.tar.gz status=302 error="unexpected status 302"
time=2026-09-24T20:42:55.479+03:00 level=WARN msg="fetch failed" url=https://go.dev/dl/go1.25.2.freebsd-riscv64.tar.gz status=302 error="unexpected status 302"
time=2026-09-24T20:42:55.479+03:00 level=WARN msg="fetch failed" url=https://go.dev/dl/go1.25.2.dragonfly-amd64.tar.gz status=302 error="unexpected status 302"
time=2026-09-24T20:42:55.611+03:00 level=WARN msg="fetch failed" url=https://go.dev/dl/go1.25.2.aix-ppc64.tar.gz status=302 error="unexpected status 302"
time=2026-09-24T20:42:55.611+03:00 level=WARN msg="fetch failed" url=https://go.dev/dl/go1.25.2.darwin-amd64.pkg status=302 error="unexpected status 302"
time=2026-09-24T20:42:55.612+03:00 level=WARN msg="fetch failed" url=https://go.dev/dl/go1.25.2.illumos-amd64.tar.gz status=302 error="unexpected status 302"
time=2026-09-24T20:42:55.614+03:00 level=WARN msg="fetch failed" url=https://go.dev/dl/go1.25.2.linux-386.tar.gz status=302 error="unexpected status 302"
time=2026-09-24T20:42:55.626+03:00 level=WARN msg="fetch failed" url=https://go.dev/dl/go1.25.2.linux-amd64.tar.gz status=302 error="unexpected status 302"
time=2026-09-24T20:42:55.631+03:00 level=WARN msg="fetch failed" url=https://go.dev/dl/go1.25.2.linux-arm64.tar.gz status=302 error="unexpected status 302"
time=2026-09-24T20:42:55.635+03:00 level=WARN msg="fetch failed" url=https://go.dev/dl/go1.25.2.linux-loong64.tar.gz status=302 error="unexpected status 302"
time=2026-09-24T20:42:55.637+03:00 level=WARN msg="fetch failed" url=https://go.dev/dl/go1.25.2.linux-armv6l.tar.gz status=302 error="unexpected status 302"
time=2026-09-24T20:42:55.638+03:00 level=WARN msg="fetch failed" url=https://go.dev/dl/go1.25.2.linux-mips64.tar.gz status=302 error="unexpected status 302"
time=2026-09-24T20:42:55.796+03:00 level=WARN msg="fetch failed" url=https://go.dev/dl/go1.25.2.linux-ppc64.tar.gz status=302 error="unexpected status 302"
time=2026-09-24T20:42:55.796+03:00 level=WARN msg="fetch failed" url=https://go.dev/dl/go1.25.2.linux-mipsle.tar.gz status=302 error="unexpected status 302"
time=2026-09-24T20:42:55.796+03:00 level=WARN msg="fetch failed" url=https://go.dev/dl/go1.25.2.linux-ppc64le.tar.gz status=302 error="unexpected status 302"
time=2026-09-24T20:42:55.796+03:00 level=WARN msg="fetch failed" url=https://go.dev/dl/go1.25.2.linux-riscv64.tar.gz status=302 error="unexpected status 302"
time=2026-09-24T20:42:55.796+03:00 level=WARN msg="fetch failed" url=https://go.dev/dl/go1.25.2.netbsd-amd64.tar.gz status=302 error="unexpected status 302"
time=2026-09-24T20:42:55.796+03:00 level=WARN msg="fetch failed" url=https://go.dev/dl/go1.25.2.linux-mips64le.tar.gz status=302 error="unexpected status 302"
time=2026-09-24T20:42:55.797+03:00 level=WARN msg="fetch failed" url=https://go.dev/dl/go1.25.2.linux-s390x.tar.gz status=302 error="unexpected status 302"
time=2026-09-24T20:42:55.804+03:00 level=WARN msg="fetch failed" url=https://go.dev/dl/go1.25.2.netbsd-arm.tar.gz status=302 error="unexpected status 302"
time=2026-09-24T20:42:55.931+03:00 level=WARN msg="fetch failed" url=https://go.dev/dl/go1.25.2.netbsd-386.tar.gz status=302 error="unexpected status 302"
time=2026-09-24T20:42:55.931+03:00 level=WARN msg="fetch failed" url=https://go.dev/dl/go1.25.2.linux-mips.tar.gz status=302 error="unexpected status 302"
time=2026-09-24T20:42:55.948+03:00 level=WARN msg="fetch failed" url=https://go.dev/dl/go1.25.2.netbsd-arm64.tar.gz status=302 error="unexpected status 302"
time=2026-09-24T20:42:55.957+03:00 level=WARN msg="fetch failed" url=https://go.dev/dl/go1.25.2.openbsd-ppc64.tar.gz status=302 error="unexpected status 302"
time=2026-09-24T20:42:55.957+03:00 level=WARN msg="fetch failed" url=https://go.dev/dl/go1.25.2.openbsd-arm.tar.gz status=302 error="unexpected status 302"
time=2026-09-24T20:42:55.957+03:00 level=WARN msg="fetch failed" url=https://go.dev/dl/go1.25.2.openbsd-amd64.tar.gz status=302 error="unexpected status 302"
time=2026-09-24T20:42:55.957+03:00 level=WARN msg="fetch failed" url=https://go.dev/dl/go1.25.2.openbsd-arm64.tar.gz status=302 error="unexpected status 302"
time=2026-09-24T20:42:55.957+03:00 level=WARN msg="fetch failed" url=https://go.dev/dl/go1.25.2.openbsd-386.tar.gz status=302 error="unexpected status 302"
time=2026-09-24T20:42:55.958+03:00 level=WARN msg="fetch failed" url=https://go.dev/dl/go1.25.2.openbsd-riscv64.tar.gz status=302 error="unexpected status 302"
time=2026-09-24T20:42:55.959+03:00 level=WARN msg="fetch failed" url=https://go.dev/dl/go1.25.2.plan9-386.tar.gz status=302 error="unexpected status 302"
time=2026-09-24T20:42:56.082+03:00 level=WARN msg="fetch failed" url=https://go.dev/dl/go1.25.2.plan9-arm.tar.gz status=302 error="unexpected status 302"
time=2026-09-24T20:42:56.091+03:00 level=WARN msg="fetch failed" url=https://go.dev/dl/go1.25.2.plan9-amd64.tar.gz status=302 error="unexpected status 302"
time=2026-09-24T20:42:56.099+03:00 level=WARN msg="fetch failed" url=https://go.dev/dl/go1.25.2.solaris-amd64.tar.gz status=302 error="unexpected status 302"
time=2026-09-24T20:42:56.105+03:00 level=WARN msg="fetch failed" url=https://go.dev/dl/go1.25.2.windows-386.zip status=302 error="unexpected status 302"
time=2026-09-24T20:42:56.111+03:00 level=WARN msg="fetch failed" url=https://go.dev/dl/go1.25.2.windows-amd64.zip status=302 error="unexpected status 302"
time=2026-09-24T20:42:56.112+03:00 level=WARN msg="fetch failed" url=https://go.dev/dl/go1.25.2.windows-386.msi status=302 error="unexpected status 302"
time=2026-09-24T20:42:56.117+03:00 level=WARN msg="fetch failed" url=https://go.dev/dl/go1.25.2.windows-arm64.zip status=302 error="unexpected status 302"
time=2026-09-24T20:42:56.117+03:00 level=WARN msg="fetch failed" url=https://go.dev/dl/go1.25.2.windows-arm64.msi status=302 error="unexpected status 302"
time=2026-09-24T20:42:56.117+03:00 level=WARN msg="fetch failed" url=https://go.dev/dl/go1.25.2.windows-amd64.msi status=302 error="unexpected status 302"
time=2026-09-24T20:42:56.121+03:00 level=WARN msg="fetch failed" url=https://go.dev/dl/go1.25.1.src.tar.gz status=302 error="unexpected status 302"
time=2026-09-24T20:42:56.241+03:00 level=WARN msg="fetch failed" url=https://go.dev/dl/go1.25.1.aix-ppc64.tar.gz status=302 error="unexpected status 302"
time=2026-09-24T20:42:56.241+03:00 level=WARN msg="fetch failed" url=https://go.dev/dl/go1.25.1.darwin-amd64.tar.gz status=302 error="unexpected status 302"
time=2026-09-24T20:42:56.247+03:00 level=WARN msg="fetch failed" url=https://go.dev/dl/go1.25.1.darwin-amd64.pkg status=302 error="unexpected status 302"
time=2026-09-24T20:42:56.262+03:00 level=WARN msg="fetch failed" url=https://go.dev/dl/go1.25.1.darwin-arm64.pkg status=302 error="unexpected status 302"
time=2026-09-24T20:42:56.262+03:00 level=WARN msg="fetch failed" url=https://go.dev/dl/go1.25.1.darwin-arm64.tar.gz status=302 error="unexpected status 302"
time=2026-09-24T20:42:56.267+03:00 level=WARN msg="fetch failed" url=https://go.dev/dl/go1.25.1.dragonfly-amd64.tar.gz status=302 error="unexpected status 302"
time=2026-09-24T20:42:56.267+03:00 level=WARN msg="fetch failed" url=https://go.dev/dl/go1.25.1.freebsd-arm.tar.gz status=302 error="unexpected status 302"
time=2026-09-24T20:42:56.271+03:00 level=WARN msg="fetch failed" url=https://go.dev/dl/go1.25.1.freebsd-amd64.tar.gz status=302 error="unexpected status 302"
time=2026-09-24T20:42:56.275+03:00 level=WARN msg="fetch failed" url=https://go.dev/dl/go1.25.1.freebsd-arm64.tar.gz status=302 error="unexpected status 302"
time=2026-09-24T20:42:56.401+03:00 level=WARN msg="fetch failed" url=https://go.dev/dl/go1.25.1.freebsd-386.tar.gz status=302 error="unexpected status 302"
time=2026-09-24T20:42:56.401+03:00 level=WARN msg="fetch failed" url=https://go.dev/dl/go1.25.1.freebsd-riscv64.tar.gz status=302 error="unexpected status 302"
time=2026-09-24T20:42:56.401+03:00 level=WARN msg="fetch failed" url=https://go.dev/dl/go1.25.1.illumos-amd64.tar.gz status=302 error="unexpected status 302"
time=2026-09-24T20:42:56.401+03:00 level=WARN msg="fetch failed" url=https://go.dev/dl/go1.25.1.linux-386.tar.gz status=302 error="unexpected status 302"
time=2026-09-24T20:42:56.549+03:00 level=WARN msg="fetch failed" url=https://go.dev/dl/go1.25.1.linux-loong64.tar.gz status=302 error="unexpected status 302"
time=2026-09-24T20:42:56.549+03:00 level=WARN msg="fetch failed" url=https://go.dev/dl/go1.25.1.linux-arm64.tar.gz status=302 error="unexpected status 302"
time=2026-09-24T20:42:56.549+03:00 level=WARN msg="fetch failed" url=https://go.dev/dl/go1.25.1.linux-amd64.tar.gz status=302 error="unexpected status 302"
time=2026-09-24T20:42:56.550+03:00 level=WARN msg="fetch failed" url=https://go.dev/dl/go1.25.1.linux-armv6l.tar.gz status=302 error="unexpected status 302"
time=2026-09-24T20:42:56.550+03:00 level=WARN msg="fetch failed" url=https://go.dev/dl/go1.25.1.linux-mips64.tar.gz status=302 error="unexpected status 302"
time=2026-09-24T20:42:56.550+03:00 level=WARN msg="fetch failed" url=https://go.dev/dl/go1.25.1.linux-mips.tar.gz status=302 error="unexpected status 302"
time=2026-09-24T20:42:56.560+03:00 level=WARN msg="fetch failed" url=https://go.dev/dl/go1.25.1.linux-ppc64.tar.gz status=302 error="unexpected status 302"
time=2026-09-24T20:42:56.568+03:00 level=WARN msg="fetch failed" url=https://go.dev/dl/go1.25.1.linux-mipsle.tar.gz status=302 error="unexpected status 302"
time=2026-09-24T20:42:56.709+03:00 level=WARN msg="fetch failed" url=https://go.dev/dl/go1.25.1.linux-ppc64le.tar.gz status=302 error="unexpected status 302"
time=2026-09-24T20:42:56.709+03:00 level=WARN msg="fetch failed" url=https://go.dev/dl/go1.25.1.linux-mips64le.tar.gz status=302 error="unexpected status 302"
time=2026-09-24T20:42:56.709+03:00 level=WARN msg="fetch failed" url=https://go.dev/dl/go1.25.1.linux-riscv64.tar.gz status=302 error="unexpected status 302"
time=2026-09-24T20:42:56.709+03:00 level=WARN msg="fetch failed" url=https://go.dev/dl/go1.25.1.linux-s390x.tar.gz status=302 error="unexpected status 302"
time=2026-09-24T20:42:56.709+03:00 level=WARN msg="fetch failed" url=https://go.dev/dl/go1.25.1.netbsd-arm.tar.gz status=302 error="unexpected status 302"
time=2026-09-24T20:42:56.710+03:00 level=WARN msg="fetch failed" url=https://go.dev/dl/go1.25.1.netbsd-386.tar.gz status=302 error="unexpected status 302"
time=2026-09-24T20:42:56.710+03:00 level=WARN msg="fetch failed" url=https://go.dev/dl/go1.25.1.netbsd-amd64.tar.gz status=302 error="unexpected status 302"
time=2026-09-24T20:42:56.712+03:00 level=WARN msg="fetch failed" url=https://go.dev/dl/go1.25.1.netbsd-arm64.tar.gz status=302 error="unexpected status 302"
time=2026-09-24T20:42:56.714+03:00 level=WARN msg="fetch failed" url=https://go.dev/dl/go1.25.1.openbsd-386.tar.gz status=302 error="unexpected status 302"
time=2026-09-24T20:42:56.715+03:00 level=WARN msg="fetch failed" url=https://go.dev/dl/go1.25.1.openbsd-amd64.tar.gz status=302 error="unexpected status 302"
time=2026-09-24T20:42:57.116+03:00 level=WARN msg="fetch failed" url=https://go.dev/dl/go1.25.1.plan9-arm.tar.gz status=302 error="unexpected status 302"
time=2026-09-24T20:42:57.116+03:00 level=WARN msg="fetch failed" url=https://go.dev/dl/go1.25.1.plan9-386.tar.gz status=302 error="unexpected status 302"
time=2026-09-24T20:42:57.116+03:00 level=WARN msg="fetch failed" url=https://go.dev/dl/go1.25.1.openbsd-arm.tar.gz status=302 error="unexpected status 302"
time=2026-09-24T20:42:57.116+03:00 level=WARN msg="fetch failed" url=https://go.dev/dl/go1.25.1.openbsd-riscv64.tar.gz status=302 error="unexpected status 302"
time=2026-09-24T20:42:57.116+03:00 level=WARN msg="fetch failed" url=https://go.dev/dl/go1.25.1.solaris-amd64.tar.gz status=302 error="unexpected status 302"
time=2026-09-24T20:42:57.116+03:00 level=WARN msg="fetch failed" url=https://go.dev/dl/go1.25.1.windows-386.zip status=302 error="unexpected status 302"
time=2026-09-24T20:42:57.116+03:00 level=WARN msg="fetch failed" url=https://go.dev/dl/go1.25.1.windows-386.msi status=302 error="unexpected status 302"
time=2026-09-24T20:42:57.116+03:00 level=WARN msg="fetch failed" url=https://go.dev/dl/go1.25.1.openbsd-arm64.tar.gz status=302 error="unexpected status 302"
time=2026-09-24T20:42:57.116+03:00 level=WARN msg="fetch failed" url=https://go.dev/dl/go1.25.1.openbsd-ppc64.tar.gz status=302 error="unexpected status 302"
time=2026-09-24T20:42:57.116+03:00 level=WARN msg="fetch failed" url=https://go.dev/dl/go1.25.1.plan9-amd64.tar.gz status=302 error="unexpected status 302"
time=2026-09-24T20:42:57.321+03:00 level=WARN msg="fetch failed" url=https://go.dev/dl/go1.25.1.windows-amd64.zip status=302 error="unexpected status 302"
time=2026-09-24T20:42:57.321+03:00 level=WARN msg="fetch failed" url=https://go.dev/dl/go1.25.1.windows-amd64.msi status=302 error="unexpected status 302"
time=2026-09-24T20:42:57.321+03:00 level=WARN msg="fetch failed" url=https://go.dev/dl/go1.25.0.darwin-arm64.pkg status=302 error="unexpected status 302"
time=2026-09-24T20:42:57.321+03:00 level=WARN msg="fetch failed" url=https://go.dev/dl/go1.25.0.darwin-arm64.tar.gz status=302 error="unexpected status 302"
time=2026-09-24T20:42:57.322+03:00 level=WARN msg="fetch failed" url=https://go.dev/dl/go1.25.1.windows-arm64.zip status=302 error="unexpected status 302"
time=2026-09-24T20:42:57.322+03:00 level=WARN msg="fetch failed" url=https://go.dev/dl/go1.25.0.src.tar.gz status=302 error="unexpected status 302"
time=2026-09-24T20:42:57.323+03:00 level=WARN msg="fetch failed" url=https://go.dev/dl/go1.25.1.windows-arm64.msi status=302 error="unexpected status 302"
time=2026-09-24T20:42:57.325+03:00 level=WARN msg="fetch failed" url=https://go.dev/dl/go1.25.0.darwin-amd64.tar.gz status=302 error="unexpected status 302"
time=2026-09-24T20:42:57.357+03:00 level=WARN msg="fetch failed" url=https://go.dev/dl/go1.25.0.aix-ppc64.tar.gz status=302 error="unexpected status 302"
time=2026-09-24T20:42:57.525+03:00 level=WARN msg="fetch failed" url=https://go.dev/dl/go1.25.0.dragonfly-amd64.tar.gz status=302 error="unexpected status 302"
time=2026-09-24T20:42:57.525+03:00 level=WARN msg="fetch failed" url=https://go.dev/dl/go1.25.0.freebsd-arm64.tar.gz status=302 error="unexpected status 302"
time=2026-09-24T20:42:57.526+03:00 level=WARN msg="fetch failed" url=https://go.dev/dl/go1.25.0.illumos-amd64.tar.gz status=302 error="unexpected status 302"
time=2026-09-24T20:42:57.526+03:00 level=WARN msg="fetch failed" url=https://go.dev/dl/go1.25.0.linux-386.tar.gz status=302 error="unexpected status 302"
time=2026-09-24T20:42:57.526+03:00 level=WARN msg="fetch failed" url=https://go.dev/dl/go1.25.0.freebsd-amd64.tar.gz status=302 error="unexpected status 302"
time=2026-09-24T20:42:57.526+03:00 level=WARN msg="fetch failed" url=https://go.dev/dl/go1.25.0.freebsd-386.tar.gz status=302 error="unexpected status 302"
time=2026-09-24T20:42:57.526+03:00 level=WARN msg="fetch failed" url=https://go.dev/dl/go1.25.0.darwin-amd64.pkg status=302 error="unexpected status 302"
time=2026-09-24T20:42:57.526+03:00 level=WARN msg="fetch failed" url=https://go.dev/dl/go1.25.0.freebsd-riscv64.tar.gz status=302 error="unexpected status 302"
time=2026-09-24T20:42:57.526+03:00 level=WARN msg="fetch failed" url=https://go.dev/dl/go1.25.0.freebsd-arm.tar.gz status=302 error="unexpected status 302"
time=2026-09-24T20:42:57.627+03:00 level=WARN msg="fetch failed" url=https://go.dev/dl/go1.25.0.linux-amd64.tar.gz status=302 error="unexpected status 302"
time=2026-09-24T20:42:57.720+03:00 level=WARN msg="fetch failed" url=https://go.dev/dl/go1.25.0.linux-arm64.tar.gz status=302 error="unexpected status 302"
time=2026-09-24T20:42:57.721+03:00 level=WARN msg="fetch failed" url=https://go.dev/dl/go1.25.0.linux-mips.tar.gz status=302 error="unexpected status 302"
time=2026-09-24T20:42:57.721+03:00 level=WARN msg="fetch failed" url=https://go.dev/dl/go1.25.0.linux-armv6l.tar.gz status=302 error="unexpected status 302"
time=2026-09-24T20:42:57.721+03:00 level=WARN msg="fetch failed" url=https://go.dev/dl/go1.25.0.linux-loong64.tar.gz status=302 error="unexpected status 302"
time=2026-09-24T20:42:57.721+03:00 level=WARN msg="fetch failed" url=https://go.dev/dl/go1.25.0.linux-mips64.tar.gz status=302 error="unexpected status 302"
time=2026-09-24T20:42:57.721+03:00 level=WARN msg="fetch failed" url=https://go.dev/dl/go1.25.0.linux-mipsle.tar.gz status=302 error="unexpected status 302"
time=2026-09-24T20:42:57.721+03:00 level=WARN msg="fetch failed" url=https://go.dev/dl/go1.25.0.linux-ppc64.tar.gz status=302 error="unexpected status 302"
time=2026-09-24T20:42:57.721+03:00 level=WARN msg="fetch failed" url=https://go.dev/dl/go1.25.0.linux-ppc64le.tar.gz status=302 error="unexpected status 302"
time=2026-09-24T20:42:57.721+03:00 level=WARN msg="fetch failed" url=https://go.dev/dl/go1.25.0.linux-mips64le.tar.gz status=302 error="unexpected status 302"
time=2026-09-24T20:42:57.832+03:00 level=WARN msg="fetch failed" url=https://go.dev/dl/go1.25.0.linux-riscv64.tar.gz status=302 error="unexpected status 302"
time=2026-09-24T20:42:58.140+03:00 level=WARN msg="fetch failed" url=https://go.dev/dl/go1.25.0.linux-s390x.tar.gz status=302 error="unexpected status 302"
time=2026-09-24T20:42:58.140+03:00 level=WARN msg="fetch failed" url=https://go.dev/dl/go1.25.0.openbsd-amd64.tar.gz status=302 error="unexpected status 302"
time=2026-09-24T20:42:58.140+03:00 level=WARN msg="fetch failed" url=https://go.dev/dl/go1.25.0.netbsd-arm.tar.gz status=302 error="unexpected status 302"
time=2026-09-24T20:42:58.140+03:00 level=WARN msg="fetch failed" url=https://go.dev/dl/go1.25.0.netbsd-arm64.tar.gz status=302 error="unexpected status 302"
time=2026-09-24T20:42:58.140+03:00 level=WARN msg="fetch failed" url=https://go.dev/dl/go1.25.0.netbsd-386.tar.gz status=302 error="unexpected status 302"
time=2026-09-24T20:42:58.140+03:00 level=WARN msg="fetch failed" url=https://go.dev/dl/go1.25.0.netbsd-amd64.tar.gz status=302 error="unexpected status 302"
time=2026-09-24T20:42:58.140+03:00 level=WARN msg="fetch failed" url=https://go.dev/dl/go1.25.0.openbsd-arm.tar.gz status=302 error="unexpected status 302"
time=2026-09-24T20:42:58.140+03:00 level=WARN msg="fetch failed" url=https://go.dev/dl/go1.25.0.openbsd-arm64.tar.gz status=302 error="unexpected status 302"
time=2026-09-24T20:42:58.140+03:00 level=WARN msg="fetch failed" url=https://go.dev/dl/go1.25.0.openbsd-386.tar.gz status=302 error="unexpected status 302"
time=2026-09-24T20:42:58.140+03:00 level=WARN msg="fetch failed" url=https://go.dev/dl/go1.25.0.openbsd-ppc64.tar.gz status=302 error="unexpected status 302"
time=2026-09-24T20:42:58.454+03:00 level=WARN msg="fetch failed" url=https://go.dev/dl/go1.25.0.solaris-amd64.tar.gz status=302 error="unexpected status 302"
time=2026-09-24T20:42:58.454+03:00 level=WARN msg="fetch failed" url=https://go.dev/dl/go1.25.0.plan9-arm.tar.gz status=302 error="unexpected status 302"
time=2026-09-24T20:42:58.454+03:00 level=WARN msg="fetch failed" url=https://go.dev/dl/go1.25.0.plan9-386.tar.gz status=302 error="unexpected status 302"
time=2026-09-24T20:42:58.454+03:00 level=WARN msg="fetch failed" url=https://go.dev/dl/go1.25.0.windows-386.zip status=302 error="unexpected status 302"
time=2026-09-24T20:42:58.454+03:00 level=WARN msg="fetch failed" url=https://go.dev/dl/go1.25.0.openbsd-riscv64.tar.gz status=302 error="unexpected status 302"
time=2026-09-24T20:42:58.454+03:00 level=WARN msg="fetch failed" url=https://go.dev/dl/go1.25.0.windows-arm64.zip status=302 error="unexpected status 302"
time=2026-09-24T20:42:58.454+03:00 level=WARN msg="fetch failed" url=https://go.dev/dl/go1.25.0.plan9-amd64.tar.gz status=302 error="unexpected status 302"
time=2026-09-24T20:42:58.454+03:00 level=WARN msg="fetch failed" url=https://go.dev/dl/go1.25.0.windows-amd64.zip status=302 error="unexpected status 302"
time=2026-09-24T20:42:58.454+03:00 level=WARN msg="fetch failed" url=https://go.dev/dl/go1.25.0.windows-386.msi status=302 error="unexpected status 302"
time=2026-09-24T20:42:58.454+03:00 level=WARN msg="fetch failed" url=https://go.dev/dl/go1.25.0.windows-amd64.msi status=302 error="unexpected status 302"
time=2026-09-24T20:42:58.769+03:00 level=WARN msg="fetch failed" url=https://go.dev/dl/go1.24.13.freebsd-386.tar.gz status=302 error="unexpected status 302"
time=2026-09-24T20:42:58.770+03:00 level=WARN msg="fetch failed" url=https://go.dev/dl/go1.24.13.darwin-amd64.tar.gz status=302 error="unexpected status 302"
time=2026-09-24T20:42:58.770+03:00 level=WARN msg="fetch failed" url=https://go.dev/dl/go1.24.13.darwin-amd64.pkg status=302 error="unexpected status 302"
time=2026-09-24T20:42:58.770+03:00 level=WARN msg="fetch failed" url=https://go.dev/dl/go1.24.13.darwin-arm64.pkg status=302 error="unexpected status 302"
time=2026-09-24T20:42:58.770+03:00 level=WARN msg="fetch failed" url=https://go.dev/dl/go1.25.0.windows-arm64.msi status=302 error="unexpected status 302"
time=2026-09-24T20:42:58.770+03:00 level=WARN msg="fetch failed" url=https://go.dev/dl/go1.24.13.darwin-arm64.tar.gz status=302 error="unexpected status 302"
time=2026-09-24T20:42:58.770+03:00 level=WARN msg="fetch failed" url=https://go.dev/dl/go1.24.13.src.tar.gz status=302 error="unexpected status 302"
time=2026-09-24T20:42:58.770+03:00 level=WARN msg="fetch failed" url=https://go.dev/dl/go1.24.13.freebsd-amd64.tar.gz status=302 error="unexpected status 302"
time=2026-09-24T20:42:58.770+03:00 level=WARN msg="fetch failed" url=https://go.dev/dl/go1.24.13.aix-ppc64.tar.gz status=302 error="unexpected status 302"
time=2026-09-24T20:42:58.771+03:00 level=WARN msg="fetch failed" url=https://go.dev/dl/go1.24.13.dragonfly-amd64.tar.gz status=302 error="unexpected status 302"
time=2026-09-24T20:42:58.959+03:00 level=WARN msg="fetch failed" url=https://go.dev/dl/go1.24.13.freebsd-arm.tar.gz status=302 error="unexpected status 302"
time=2026-09-24T20:42:58.959+03:00 level=WARN msg="fetch failed" url=https://go.dev/dl/go1.24.13.freebsd-riscv64.tar.gz status=302 error="unexpected status 302"
time=2026-09-24T20:42:58.959+03:00 level=WARN msg="fetch failed" url=https://go.dev/dl/go1.24.13.linux-386.tar.gz status=302 error="unexpected status 302"
time=2026-09-24T20:42:58.959+03:00 level=WARN msg="fetch failed" url=https://go.dev/dl/go1.24.13.linux-mips.tar.gz status=302 error="unexpected status 302"
time=2026-09-24T20:42:58.960+03:00 level=WARN msg="fetch failed" url=https://go.dev/dl/go1.24.13.linux-armv6l.tar.gz status=302 error="unexpected status 302"
time=2026-09-24T20:42:58.960+03:00 level=WARN msg="fetch failed" url=https://go.dev/dl/go1.24.13.linux-amd64.tar.gz status=302 error="unexpected status 302"
time=2026-09-24T20:42:58.960+03:00 level=WARN msg="fetch failed" url=https://go.dev/dl/go1.24.13.freebsd-arm64.tar.gz status=302 error="unexpected status 302"
time=2026-09-24T20:42:58.960+03:00 level=WARN msg="fetch failed" url=https://go.dev/dl/go1.24.13.linux-arm64.tar.gz status=302 error="unexpected status 302"
time=2026-09-24T20:42:59.164+03:00 level=WARN msg="fetch failed" url=https://go.dev/dl/go1.24.13.illumos-amd64.tar.gz status=302 error="unexpected status 302"
time=2026-09-24T20:42:59.164+03:00 level=WARN msg="fetch failed" url=https://go.dev/dl/go1.24.13.linux-s390x.tar.gz status=302 error="unexpected status 302"
time=2026-09-24T20:42:59.164+03:00 level=WARN msg="fetch failed" url=https://go.dev/dl/go1.24.13.linux-mipsle.tar.gz status=302 error="unexpected status 302"
time=2026-09-24T20:42:59.164+03:00 level=WARN msg="fetch failed" url=https://go.dev/dl/go1.24.13.linux-mips64.tar.gz status=302 error="unexpected status 302"
time=2026-09-24T20:42:59.164+03:00 level=WARN msg="fetch failed" url=https://go.dev/dl/go1.24.13.linux-ppc64le.tar.gz status=302 error="unexpected status 302"
time=2026-09-24T20:42:59.164+03:00 level=WARN msg="fetch failed" url=https://go.dev/dl/go1.24.13.linux-loong64.tar.gz status=302 error="unexpected status 302"
time=2026-09-24T20:42:59.165+03:00 level=WARN msg="fetch failed" url=https://go.dev/dl/go1.24.13.linux-ppc64.tar.gz status=302 error="unexpected status 302"
time=2026-09-24T20:42:59.165+03:00 level=WARN msg="fetch failed" url=https://go.dev/dl/go1.24.13.linux-mips64le.tar.gz status=302 error="unexpected status 302"
time=2026-09-24T20:42:59.165+03:00 level=WARN msg="fetch failed" url=https://go.dev/dl/go1.24.13.netbsd-386.tar.gz status=302 error="unexpected status 302"
time=2026-09-24T20:42:59.165+03:00 level=WARN msg="fetch failed" url=https://go.dev/dl/go1.24.13.linux-riscv64.tar.gz status=302 error="unexpected status 302"
time=2026-09-24T20:42:59.462+03:00 level=WARN msg="fetch failed" url=https://go.dev/dl/go1.24.13.openbsd-arm64.tar.gz status=302 error="unexpected status 302"
time=2026-09-24T20:42:59.462+03:00 level=WARN msg="fetch failed" url=https://go.dev/dl/go1.24.13.netbsd-amd64.tar.gz status=302 error="unexpected status 302"
time=2026-09-24T20:42:59.462+03:00 level=WARN msg="fetch failed" url=https://go.dev/dl/go1.24.13.netbsd-arm64.tar.gz status=302 error="unexpected status 302"
time=2026-09-24T20:42:59.462+03:00 level=WARN msg="fetch failed" url=https://go.dev/dl/go1.24.13.openbsd-386.tar.gz status=302 error="unexpected status 302"
time=2026-09-24T20:42:59.462+03:00 level=WARN msg="fetch failed" url=https://go.dev/dl/go1.24.13.openbsd-riscv64.tar.gz status=302 error="unexpected status 302"
time=2026-09-24T20:42:59.463+03:00 level=WARN msg="fetch failed" url=https://go.dev/dl/go1.24.13.openbsd-amd64.tar.gz status=302 error="unexpected status 302"
time=2026-09-24T20:42:59.463+03:00 level=WARN msg="fetch failed" url=https://go.dev/dl/go1.24.13.openbsd-ppc64.tar.gz status=302 error="unexpected status 302"
time=2026-09-24T20:42:59.463+03:00 level=WARN msg="fetch failed" url=https://go.dev/dl/go1.24.13.netbsd-arm.tar.gz status=302 error="unexpected status 302"
time=2026-09-24T20:42:59.463+03:00 level=WARN msg="fetch failed" url=https://go.dev/dl/go1.24.13.openbsd-arm.tar.gz status=302 error="unexpected status 302"
time=2026-09-24T20:42:59.463+03:00 level=WARN msg="fetch failed" url=https://go.dev/dl/go1.24.13.plan9-386.tar.gz status=302 error="unexpected status 302"
time=2026-09-24T20:42:59.675+03:00 level=WARN msg="fetch failed" url=https://go.dev/dl/go1.24.13.solaris-amd64.tar.gz status=302 error="unexpected status 302"
time=2026-09-24T20:42:59.675+03:00 level=WARN msg="fetch failed" url=https://go.dev/dl/go1.24.13.plan9-arm.tar.gz status=302 error="unexpected status 302"
time=2026-09-24T20:42:59.675+03:00 level=WARN msg="fetch failed" url=https://go.dev/dl/go1.24.13.windows-386.zip status=302 error="unexpected status 302"
time=2026-09-24T20:42:59.675+03:00 level=WARN msg="fetch failed" url=https://go.dev/dl/go1.24.13.windows-386.msi status=302 error="unexpected status 302"
time=2026-09-24T20:42:59.675+03:00 level=WARN msg="fetch failed" url=https://go.dev/dl/go1.24.13.windows-amd64.zip status=302 error="unexpected status 302"
time=2026-09-24T20:42:59.676+03:00 level=WARN msg="fetch failed" url=https://go.dev/dl/go1.24.13.windows-arm64.msi status=302 error="unexpected status 302"
time=2026-09-24T20:42:59.676+03:00 level=WARN msg="fetch failed" url=https://go.dev/dl/go1.24.12.src.tar.gz status=302 error="unexpected status 302"
time=2026-09-24T20:42:59.676+03:00 level=WARN msg="fetch failed" url=https://go.dev/dl/go1.24.13.windows-arm64.zip status=302 error="unexpected status 302"
time=2026-09-24T20:42:59.676+03:00 level=WARN msg="fetch failed" url=https://go.dev/dl/go1.24.13.plan9-amd64.tar.gz status=302 error="unexpected status 302"
time=2026-09-24T20:42:59.676+03:00 level=WARN msg="fetch failed" url=https://go.dev/dl/go1.24.13.windows-amd64.msi status=302 error="unexpected status 302"
time=2026-09-24T20:42:59.881+03:00 level=WARN msg="fetch failed" url=https://go.dev/dl/go1.24.12.aix-ppc64.tar.gz status=302 error="unexpected status 302"
time=2026-09-24T20:42:59.881+03:00 level=WARN msg="fetch failed" url=https://go.dev/dl/go1.24.12.freebsd-amd64.tar.gz status=302 error="unexpected status 302"
time=2026-09-24T20:42:59.881+03:00 level=WARN msg="fetch failed" url=https://go.dev/dl/go1.24.12.dragonfly-amd64.tar.gz status=302 error="unexpected status 302"
time=2026-09-24T20:42:59.881+03:00 level=WARN msg="fetch failed" url=https://go.dev/dl/go1.24.12.freebsd-arm64.tar.gz status=302 error="unexpected status 302"
time=2026-09-24T20:42:59.882+03:00 level=WARN msg="fetch failed" url=https://go.dev/dl/go1.24.12.darwin-amd64.pkg status=302 error="unexpected status 302"
time=2026-09-24T20:42:59.882+03:00 level=WARN msg="fetch failed" url=https://go.dev/dl/go1.24.12.darwin-arm64.tar.gz status=302 error="unexpected status 302"
time=2026-09-24T20:42:59.882+03:00 level=WARN msg="fetch failed" url=https://go.dev/dl/go1.24.12.freebsd-arm.tar.gz status=302 error="unexpected status 302"
time=2026-09-24T20:42:59.882+03:00 level=WARN msg="fetch failed" url=https://go.dev/dl/go1.24.12.freebsd-386.tar.gz status=302 error="unexpected status 302"
time=2026-09-24T20:42:59.882+03:00 level=WARN msg="fetch failed" url=https://go.dev/dl/go1.24.12.darwin-arm64.pkg status=302 error="unexpected status 302"
time=2026-09-24T20:42:59.882+03:00 level=WARN msg="fetch failed" url=https://go.dev/dl/go1.24.12.darwin-amd64.tar.gz status=302 error="unexpected status 302"
time=2026-09-24T20:43:00.086+03:00 level=WARN msg="fetch failed" url=https://go.dev/dl/go1.24.12.linux-mips64.tar.gz status=302 error="unexpected status 302"
time=2026-09-24T20:43:00.086+03:00 level=WARN msg="fetch failed" url=https://go.dev/dl/go1.24.12.linux-amd64.tar.gz status=302 error="unexpected status 302"
time=2026-09-24T20:43:00.086+03:00 level=WARN msg="fetch failed" url=https://go.dev/dl/go1.24.12.illumos-amd64.tar.gz status=302 error="unexpected status 302"
time=2026-09-24T20:43:00.086+03:00 level=WARN msg="fetch failed" url=https://go.dev/dl/go1.24.12.linux-mips.tar.gz status=302 error="unexpected status 302"
time=2026-09-24T20:43:00.086+03:00 level=WARN msg="fetch failed" url=https://go.dev/dl/go1.24.12.linux-386.tar.gz status=302 error="unexpected status 302"
time=2026-09-24T20:43:00.086+03:00 level=WARN msg="fetch failed" url=https://go.dev/dl/go1.24.12.freebsd-riscv64.tar.gz status=302 error="unexpected status 302"
time=2026-09-24T20:43:00.086+03:00 level=WARN msg="fetch failed" url=https://go.dev/dl/go1.24.12.linux-loong64.tar.gz status=302 error="unexpected status 302"
time=2026-09-24T20:43:00.086+03:00 level=WARN msg="fetch failed" url=https://go.dev/dl/go1.24.12.linux-arm64.tar.gz status=302 error="unexpected status 302"
time=2026-09-24T20:43:00.086+03:00 level=WARN msg="fetch failed" url=https://go.dev/dl/go1.24.12.linux-mips64le.tar.gz status=302 error="unexpected status 302"
time=2026-09-24T20:43:00.107+03:00 level=WARN msg="fetch failed" url=https://go.dev/dl/go1.24.12.linux-armv6l.tar.gz status=302 error="unexpected status 302"
time=2026-09-24T20:43:00.291+03:00 level=WARN msg="fetch failed" url=https://go.dev/dl/go1.24.12.linux-mipsle.tar.gz status=302 error="unexpected status 302"
time=2026-09-24T20:43:00.291+03:00 level=WARN msg="fetch failed" url=https://go.dev/dl/go1.24.12.linux-ppc64.tar.gz status=302 error="unexpected status 302"
time=2026-09-24T20:43:00.291+03:00 level=WARN msg="fetch failed" url=https://go.dev/dl/go1.24.12.linux-ppc64le.tar.gz status=302 error="unexpected status 302"
time=2026-09-24T20:43:00.291+03:00 level=WARN msg="fetch failed" url=https://go.dev/dl/go1.24.12.linux-riscv64.tar.gz status=302 error="unexpected status 302"
time=2026-09-24T20:43:00.291+03:00 level=WARN msg="fetch failed" url=https://go.dev/dl/go1.24.12.linux-s390x.tar.gz status=302 error="unexpected status 302"
time=2026-09-24T20:43:00.291+03:00 level=WARN msg="fetch failed" url=https://go.dev/dl/go1.24.12.netbsd-arm.tar.gz status=302 error="unexpected status 302"
time=2026-09-24T20:43:00.291+03:00 level=WARN msg="fetch failed" url=https://go.dev/dl/go1.24.12.openbsd-386.tar.gz status=302 error="unexpected status 302"
time=2026-09-24T20:43:00.291+03:00 level=WARN msg="fetch failed" url=https://go.dev/dl/go1.24.12.netbsd-386.tar.gz status=302 error="unexpected status 302"
time=2026-09-24T20:43:00.292+03:00 level=WARN msg="fetch failed" url=https://go.dev/dl/go1.24.12.netbsd-arm64.tar.gz status=302 error="unexpected status 302"
time=2026-09-24T20:43:00.292+03:00 level=WARN msg="fetch failed" url=https://go.dev/dl/go1.24.12.netbsd-amd64.tar.gz status=302 error="unexpected status 302"
time=2026-09-24T20:43:00.498+03:00 level=WARN msg="fetch failed" url=https://go.dev/dl/go1.24.12.openbsd-amd64.tar.gz status=302 error="unexpected status 302"
time=2026-09-24T20:43:00.498+03:00 level=WARN msg="fetch failed" url=https://go.dev/dl/go1.24.12.openbsd-riscv64.tar.gz status=302 error="unexpected status 302"
time=2026-09-24T20:43:00.498+03:00 level=WARN msg="fetch failed" url=https://go.dev/dl/go1.24.12.plan9-arm.tar.gz status=302 error="unexpected status 302"
time=2026-09-24T20:43:00.498+03:00 level=WARN msg="fetch failed" url=https://go.dev/dl/go1.24.12.openbsd-arm.tar.gz status=302 error="unexpected status 302"
time=2026-09-24T20:43:00.498+03:00 level=WARN msg="fetch failed" url=https://go.dev/dl/go1.24.12.plan9-386.tar.gz status=302 error="unexpected status 302"
time=2026-09-24T20:43:00.498+03:00 level=WARN msg="fetch failed" url=https://go.dev/dl/go1.24.12.windows-386.zip status=302 error="unexpected status 302"
time=2026-09-24T20:43:00.498+03:00 level=WARN msg="fetch failed" url=https://go.dev/dl/go1.24.12.openbsd-ppc64.tar.gz status=302 error="unexpected status 302"
time=2026-09-24T20:43:00.498+03:00 level=WARN msg="fetch failed" url=https://go.dev/dl/go1.24.12.solaris-amd64.tar.gz status=302 error="unexpected status 302"
time=2026-09-24T20:43:00.498+03:00 level=WARN msg="fetch failed" url=https://go.dev/dl/go1.24.12.plan9-amd64.tar.gz status=302 error="unexpected status 302"
time=2026-09-24T20:43:00.499+03:00 level=WARN msg="fetch failed" url=https://go.dev/dl/go1.24.12.openbsd-arm64.tar.gz status=302 error="unexpected status 302"
time=2026-09-24T20:43:00.700+03:00 level=WARN msg="fetch failed" url=https://go.dev/dl/go1.24.12.windows-386.msi status=302 error="unexpected status 302"
time=2026-09-24T20:43:00.700+03:00 level=WARN msg="fetch failed" url=https://go.dev/dl/go1.24.12.windows-amd64.msi status=302 error="unexpected status 302"
time=2026-09-24T20:43:00.700+03:00 level=WARN msg="fetch failed" url=https://go.dev/dl/go1.24.12.windows-amd64.zip status=302 error="unexpected status 302"
time=2026-09-24T20:43:00.700+03:00 level=WARN msg="fetch failed" url=https://go.dev/dl/go1.24.11.darwin-amd64.tar.gz status=302 error="unexpected status 302"
time=2026-09-24T20:43:00.700+03:00 level=WARN msg="fetch failed" url=https://go.dev/dl/go1.24.11.src.tar.gz status=302 error="unexpected status 302"
time=2026-09-24T20:43:00.701+03:00 level=WARN msg="fetch failed" url=https://go.dev/dl/go1.24.12.windows-arm64.zip status=302 error="unexpected status 302"
time=2026-09-24T20:43:00.701+03:00 level=WARN msg="fetch failed" url=https://go.dev/dl/go1.24.11.darwin-amd64.pkg status=302 error="unexpected status 302"
time=2026-09-24T20:43:00.701+03:00 level=WARN msg="fetch failed" url=https://go.dev/dl/go1.24.12.windows-arm64.msi status=302 error="unexpected status 302"
time=2026-09-24T20:43:00.701+03:00 level=WARN msg="fetch failed" url=https://go.dev/dl/go1.24.11.aix-ppc64.tar.gz status=302 error="unexpected status 302"
time=2026-09-24T20:43:00.701+03:00 level=WARN msg="fetch failed" url=https://go.dev/dl/go1.24.11.darwin-arm64.tar.gz status=302 error="unexpected status 302"
time=2026-09-24T20:43:00.905+03:00 level=WARN msg="fetch failed" url=https://go.dev/dl/go1.24.11.darwin-arm64.pkg status=302 error="unexpected status 302"
time=2026-09-24T20:43:00.905+03:00 level=WARN msg="fetch failed" url=https://go.dev/dl/go1.24.11.freebsd-riscv64.tar.gz status=302 error="unexpected status 302"
time=2026-09-24T20:43:00.905+03:00 level=WARN msg="fetch failed" url=https://go.dev/dl/go1.24.11.freebsd-arm64.tar.gz status=302 error="unexpected status 302"
time=2026-09-24T20:43:00.905+03:00 level=WARN msg="fetch failed" url=https://go.dev/dl/go1.24.11.freebsd-386.tar.gz status=302 error="unexpected status 302"
time=2026-09-24T20:43:00.905+03:00 level=WARN msg="fetch failed" url=https://go.dev/dl/go1.24.11.illumos-amd64.tar.gz status=302 error="unexpected status 302"
time=2026-09-24T20:43:00.905+03:00 level=WARN msg="fetch failed" url=https://go.dev/dl/go1.24.11.dragonfly-amd64.tar.gz status=302 error="unexpected status 302"
time=2026-09-24T20:43:00.905+03:00 level=WARN msg="fetch failed" url=https://go.dev/dl/go1.24.11.freebsd-amd64.tar.gz status=302 error="unexpected status 302"
time=2026-09-24T20:43:00.905+03:00 level=WARN msg="fetch failed" url=https://go.dev/dl/go1.24.11.linux-386.tar.gz status=302 error="unexpected status 302"
time=2026-09-24T20:43:00.905+03:00 level=WARN msg="fetch failed" url=https://go.dev/dl/go1.24.11.linux-amd64.tar.gz status=302 error="unexpected status 302"
time=2026-09-24T20:43:00.905+03:00 level=WARN msg="fetch failed" url=https://go.dev/dl/go1.24.11.freebsd-arm.tar.gz status=302 error="unexpected status 302"
time=2026-09-24T20:43:01.113+03:00 level=WARN msg="fetch failed" url=https://go.dev/dl/go1.24.11.linux-arm64.tar.gz status=302 error="unexpected status 302"
time=2026-09-24T20:43:01.113+03:00 level=WARN msg="fetch failed" url=https://go.dev/dl/go1.24.11.linux-ppc64.tar.gz status=302 error="unexpected status 302"
time=2026-09-24T20:43:01.113+03:00 level=WARN msg="fetch failed" url=https://go.dev/dl/go1.24.11.linux-mips64le.tar.gz status=302 error="unexpected status 302"
time=2026-09-24T20:43:01.113+03:00 level=WARN msg="fetch failed" url=https://go.dev/dl/go1.24.11.linux-mipsle.tar.gz status=302 error="unexpected status 302"
time=2026-09-24T20:43:01.113+03:00 level=WARN msg="fetch failed" url=https://go.dev/dl/go1.24.11.linux-loong64.tar.gz status=302 error="unexpected status 302"
time=2026-09-24T20:43:01.113+03:00 level=WARN msg="fetch failed" url=https://go.dev/dl/go1.24.11.linux-armv6l.tar.gz status=302 error="unexpected status 302"
time=2026-09-24T20:43:01.113+03:00 level=WARN msg="fetch failed" url=https://go.dev/dl/go1.24.11.linux-mips.tar.gz status=302 error="unexpected status 302"
time=2026-09-24T20:43:01.113+03:00 level=WARN msg="fetch failed" url=https://go.dev/dl/go1.24.11.linux-riscv64.tar.gz status=302 error="unexpected status 302"
time=2026-09-24T20:43:01.113+03:00 level=WARN msg="fetch failed" url=https://go.dev/dl/go1.24.11.linux-ppc64le.tar.gz status=302 error="unexpected status 302"
time=2026-09-24T20:43:01.113+03:00 level=WARN msg="fetch failed" url=https://go.dev/dl/go1.24.11.linux-mips64.tar.gz status=302 error="unexpected status 302"
time=2026-09-24T20:43:01.321+03:00 level=WARN msg="fetch failed" url=https://go.dev/dl/go1.24.11.openbsd-arm.tar.gz status=302 error="unexpected status 302"
time=2026-09-24T20:43:01.321+03:00 level=WARN msg="fetch failed" url=https://go.dev/dl/go1.24.11.netbsd-amd64.tar.gz status=302 error="unexpected status 302"
time=2026-09-24T20:43:01.321+03:00 level=WARN msg="fetch failed" url=https://go.dev/dl/go1.24.11.netbsd-386.tar.gz status=302 error="unexpected status 302"
time=2026-09-24T20:43:01.321+03:00 level=WARN msg="fetch failed" url=https://go.dev/dl/go1.24.11.linux-s390x.tar.gz status=302 error="unexpected status 302"
time=2026-09-24T20:43:01.321+03:00 level=WARN msg="fetch failed" url=https://go.dev/dl/go1.24.11.openbsd-arm64.tar.gz status=302 error="unexpected status 302"
time=2026-09-24T20:43:01.321+03:00 level=WARN msg="fetch failed" url=https://go.dev/dl/go1.24.11.netbsd-arm.tar.gz status=302 error="unexpected status 302"
time=2026-09-24T20:43:01.321+03:00 level=WARN msg="fetch failed" url=https://go.dev/dl/go1.24.11.netbsd-arm64.tar.gz status=302 error="unexpected status 302"
time=2026-09-24T20:43:01.321+03:00 level=WARN msg="fetch failed" url=https://go.dev/dl/go1.24.11.openbsd-386.tar.gz status=302 error="unexpected status 302"
time=2026-09-24T20:43:01.321+03:00 level=WARN msg="fetch failed" url=https://go.dev/dl/go1.24.11.openbsd-ppc64.tar.gz status=302 error="unexpected status 302"
time=2026-09-24T20:43:01.321+03:00 level=WARN msg="fetch failed" url=https://go.dev/dl/go1.24.11.openbsd-amd64.tar.gz status=302 error="unexpected status 302"
time=2026-09-24T20:43:01.620+03:00 level=WARN msg="fetch failed" url=https://go.dev/dl/go1.24.11.openbsd-riscv64.tar.gz status=302 error="unexpected status 302"
time=2026-09-24T20:43:01.621+03:00 level=WARN msg="fetch failed" url=https://go.dev/dl/go1.24.11.windows-386.msi status=302 error="unexpected status 302"
time=2026-09-24T20:43:01.621+03:00 level=WARN msg="fetch failed" url=https://go.dev/dl/go1.24.11.plan9-amd64.tar.gz status=302 error="unexpected status 302"
time=2026-09-24T20:43:01.621+03:00 level=WARN msg="fetch failed" url=https://go.dev/dl/go1.24.11.solaris-amd64.tar.gz status=302 error="unexpected status 302"
time=2026-09-24T20:43:01.621+03:00 level=WARN msg="fetch failed" url=https://go.dev/dl/go1.24.11.windows-amd64.msi status=302 error="unexpected status 302"
time=2026-09-24T20:43:01.621+03:00 level=WARN msg="fetch failed" url=https://go.dev/dl/go1.24.11.plan9-arm.tar.gz status=302 error="unexpected status 302"
time=2026-09-24T20:43:01.621+03:00 level=WARN msg="fetch failed" url=https://go.dev/dl/go1.24.11.plan9-386.tar.gz status=302 error="unexpected status 302"
time=2026-09-24T20:43:01.621+03:00 level=WARN msg="fetch failed" url=https://go.dev/dl/go1.24.11.windows-arm64.zip status=302 error="unexpected status 302"
time=2026-09-24T20:43:01.622+03:00 level=WARN msg="fetch failed" url=https://go.dev/dl/go1.24.11.windows-amd64.zip status=302 error="unexpected status 302"
time=2026-09-24T20:43:01.622+03:00 level=WARN msg="fetch failed" url=https://go.dev/dl/go1.24.11.windows-386.zip status=302 error="unexpected status 302"
time=2026-09-24T20:43:01.826+03:00 level=WARN msg="fetch failed" url=https://go.dev/dl/go1.24.11.windows-arm64.msi status=302 error="unexpected status 302"
time=2026-09-24T20:43:01.827+03:00 level=WARN msg="fetch failed" url=https://go.dev/dl/go1.24.10.freebsd-amd64.tar.gz status=302 error="unexpected status 302"
time=2026-09-24T20:43:01.827+03:00 level=WARN msg="fetch failed" url=https://go.dev/dl/go1.24.10.aix-ppc64.tar.gz status=302 error="unexpected status 302"
time=2026-09-24T20:43:01.827+03:00 level=WARN msg="fetch failed" url=https://go.dev/dl/go1.24.10.src.tar.gz status=302 error="unexpected status 302"
time=2026-09-24T20:43:01.827+03:00 level=WARN msg="fetch failed" url=https://go.dev/dl/go1.24.10.freebsd-386.tar.gz status=302 error="unexpected status 302"
time=2026-09-24T20:43:01.827+03:00 level=WARN msg="fetch failed" url=https://go.dev/dl/go1.24.10.darwin-arm64.pkg status=302 error="unexpected status 302"
time=2026-09-24T20:43:01.827+03:00 level=WARN msg="fetch failed" url=https://go.dev/dl/go1.24.10.darwin-amd64.tar.gz status=302 error="unexpected status 302"
time=2026-09-24T20:43:01.826+03:00 level=WARN msg="fetch failed" url=https://go.dev/dl/go1.24.10.darwin-amd64.pkg status=302 error="unexpected status 302"
time=2026-09-24T20:43:01.827+03:00 level=WARN msg="fetch failed" url=https://go.dev/dl/go1.24.10.dragonfly-amd64.tar.gz status=302 error="unexpected status 302"
time=2026-09-24T20:43:01.827+03:00 level=WARN msg="fetch failed" url=https://go.dev/dl/go1.24.10.darwin-arm64.tar.gz status=302 error="unexpected status 302"
time=2026-09-24T20:43:02.032+03:00 level=WARN msg="fetch failed" url=https://go.dev/dl/go1.24.10.freebsd-arm.tar.gz status=302 error="unexpected status 302"
time=2026-09-24T20:43:02.032+03:00 level=WARN msg="fetch failed" url=https://go.dev/dl/go1.24.10.linux-loong64.tar.gz status=302 error="unexpected status 302"
time=2026-09-24T20:43:02.032+03:00 level=WARN msg="fetch failed" url=https://go.dev/dl/go1.24.10.freebsd-arm64.tar.gz status=302 error="unexpected status 302"
time=2026-09-24T20:43:02.033+03:00 level=WARN msg="fetch failed" url=https://go.dev/dl/go1.24.10.linux-arm64.tar.gz status=302 error="unexpected status 302"
time=2026-09-24T20:43:02.032+03:00 level=WARN msg="fetch failed" url=https://go.dev/dl/go1.24.10.linux-386.tar.gz status=302 error="unexpected status 302"
time=2026-09-24T20:43:02.033+03:00 level=WARN msg="fetch failed" url=https://go.dev/dl/go1.24.10.illumos-amd64.tar.gz status=302 error="unexpected status 302"
time=2026-09-24T20:43:02.033+03:00 level=WARN msg="fetch failed" url=https://go.dev/dl/go1.24.10.linux-mips.tar.gz status=302 error="unexpected status 302"
time=2026-09-24T20:43:02.033+03:00 level=WARN msg="fetch failed" url=https://go.dev/dl/go1.24.10.freebsd-riscv64.tar.gz status=302 error="unexpected status 302"
time=2026-09-24T20:43:02.047+03:00 level=WARN msg="fetch failed" url=https://go.dev/dl/go1.24.10.linux-amd64.tar.gz status=302 error="unexpected status 302"
time=2026-09-24T20:43:02.050+03:00 level=WARN msg="fetch failed" url=https://go.dev/dl/go1.24.10.linux-armv6l.tar.gz status=302 error="unexpected status 302"
time=2026-09-24T20:43:02.237+03:00 level=WARN msg="fetch failed" url=https://go.dev/dl/go1.24.10.linux-mips64.tar.gz status=302 error="unexpected status 302"
time=2026-09-24T20:43:02.237+03:00 level=WARN msg="fetch failed" url=https://go.dev/dl/go1.24.10.linux-ppc64le.tar.gz status=302 error="unexpected status 302"
time=2026-09-24T20:43:02.237+03:00 level=WARN msg="fetch failed" url=https://go.dev/dl/go1.24.10.linux-riscv64.tar.gz status=302 error="unexpected status 302"
time=2026-09-24T20:43:02.237+03:00 level=WARN msg="fetch failed" url=https://go.dev/dl/go1.24.10.linux-mips64le.tar.gz status=302 error="unexpected status 302"
time=2026-09-24T20:43:02.237+03:00 level=WARN msg="fetch failed" url=https://go.dev/dl/go1.24.10.netbsd-386.tar.gz status=302 error="unexpected status 302"
time=2026-09-24T20:43:02.237+03:00 level=WARN msg="fetch failed" url=https://go.dev/dl/go1.24.10.linux-mipsle.tar.gz status=302 error="unexpected status 302"
time=2026-09-24T20:43:02.237+03:00 level=WARN msg="fetch failed" url=https://go.dev/dl/go1.24.10.netbsd-arm.tar.gz status=302 error="unexpected status 302"
time=2026-09-24T20:43:02.237+03:00 level=WARN msg="fetch failed" url=https://go.dev/dl/go1.24.10.netbsd-amd64.tar.gz status=302 error="unexpected status 302"
time=2026-09-24T20:43:02.237+03:00 level=WARN msg="fetch failed" url=https://go.dev/dl/go1.24.10.linux-ppc64.tar.gz status=302 error="unexpected status 302"
time=2026-09-24T20:43:02.238+03:00 level=WARN msg="fetch failed" url=https://go.dev/dl/go1.24.10.linux-s390x.tar.gz status=302 error="unexpected status 302"
time=2026-09-24T20:43:02.646+03:00 level=WARN msg="fetch failed" url=https://go.dev/dl/go1.24.10.netbsd-arm64.tar.gz status=302 error="unexpected status 302"
time=2026-09-24T20:43:02.646+03:00 level=WARN msg="fetch failed" url=https://go.dev/dl/go1.24.10.openbsd-amd64.tar.gz status=302 error="unexpected status 302"
time=2026-09-24T20:43:02.646+03:00 level=WARN msg="fetch failed" url=https://go.dev/dl/go1.24.10.plan9-arm.tar.gz status=302 error="unexpected status 302"
time=2026-09-24T20:43:02.646+03:00 level=WARN msg="fetch failed" url=https://go.dev/dl/go1.24.10.openbsd-arm64.tar.gz status=302 error="unexpected status 302"
time=2026-09-24T20:43:02.646+03:00 level=WARN msg="fetch failed" url=https://go.dev/dl/go1.24.10.openbsd-riscv64.tar.gz status=302 error="unexpected status 302"
time=2026-09-24T20:43:02.646+03:00 level=WARN msg="fetch failed" url=https://go.dev/dl/go1.24.10.openbsd-386.tar.gz status=302 error="unexpected status 302"
time=2026-09-24T20:43:02.646+03:00 level=WARN msg="fetch failed" url=https://go.dev/dl/go1.24.10.openbsd-arm.tar.gz status=302 error="unexpected status 302"
time=2026-09-24T20:43:02.646+03:00 level=WARN msg="fetch failed" url=https://go.dev/dl/go1.24.10.plan9-386.tar.gz status=302 error="unexpected status 302"
time=2026-09-24T20:43:02.646+03:00 level=WARN msg="fetch failed" url=https://go.dev/dl/go1.24.10.openbsd-ppc64.tar.gz status=302 error="unexpected status 302"
time=2026-09-24T20:43:02.646+03:00 level=WARN msg="fetch failed" url=https://go.dev/dl/go1.24.10.plan9-amd64.tar.gz status=302 error="unexpected status 302"
time=2026-09-24T20:43:02.852+03:00 level=WARN msg="fetch failed" url=https://go.dev/dl/go1.24.10.solaris-amd64.tar.gz status=302 error="unexpected status 302"
time=2026-09-24T20:43:02.852+03:00 level=WARN msg="fetch failed" url=https://go.dev/dl/go1.24.10.windows-386.zip status=302 error="unexpected status 302"
time=2026-09-24T20:43:02.852+03:00 level=WARN msg="fetch failed" url=https://go.dev/dl/go1.24.10.windows-amd64.msi status=302 error="unexpected status 302"
time=2026-09-24T20:43:02.852+03:00 level=WARN msg="fetch failed" url=https://go.dev/dl/go1.24.10.windows-arm64.msi status=302 error="unexpected status 302"
time=2026-09-24T20:43:02.852+03:00 level=WARN msg="fetch failed" url=https://go.dev/dl/go1.24.10.windows-386.msi status=302 error="unexpected status 302"
time=2026-09-24T20:43:02.852+03:00 level=WARN msg="fetch failed" url=https://go.dev/dl/go1.24.10.windows-arm64.zip status=302 error="unexpected status 302"
time=2026-09-24T20:43:02.853+03:00 level=WARN msg="fetch failed" url=https://go.dev/dl/go1.24.10.windows-amd64.zip status=302 error="unexpected status 302"
time=2026-09-24T20:43:02.853+03:00 level=WARN msg="fetch failed" url=https://go.dev/dl/go1.24.9.src.tar.gz status=302 error="unexpected status 302"
time=2026-09-24T20:43:02.853+03:00 level=WARN msg="fetch failed" url=https://go.dev/dl/go1.24.9.aix-ppc64.tar.gz status=302 error="unexpected status 302"
time=2026-09-24T20:43:02.867+03:00 level=WARN msg="fetch failed" url=https://go.dev/dl/go1.24.9.darwin-amd64.tar.gz status=302 error="unexpected status 302"
time=2026-09-24T20:43:03.055+03:00 level=WARN msg="fetch failed" url=https://go.dev/dl/go1.24.9.darwin-amd64.pkg status=302 error="unexpected status 302"
time=2026-09-24T20:43:03.055+03:00 level=WARN msg="fetch failed" url=https://go.dev/dl/go1.24.9.freebsd-arm64.tar.gz status=302 error="unexpected status 302"
time=2026-09-24T20:43:03.055+03:00 level=WARN msg="fetch failed" url=https://go.dev/dl/go1.24.9.darwin-arm64.pkg status=302 error="unexpected status 302"
time=2026-09-24T20:43:03.055+03:00 level=WARN msg="fetch failed" url=https://go.dev/dl/go1.24.9.freebsd-amd64.tar.gz status=302 error="unexpected status 302"
time=2026-09-24T20:43:03.056+03:00 level=WARN msg="fetch failed" url=https://go.dev/dl/go1.24.9.freebsd-arm.tar.gz status=302 error="unexpected status 302"
time=2026-09-24T20:43:03.056+03:00 level=WARN msg="fetch failed" url=https://go.dev/dl/go1.24.9.darwin-arm64.tar.gz status=302 error="unexpected status 302"
time=2026-09-24T20:43:03.056+03:00 level=WARN msg="fetch failed" url=https://go.dev/dl/go1.24.9.freebsd-riscv64.tar.gz status=302 error="unexpected status 302"
time=2026-09-24T20:43:03.056+03:00 level=WARN msg="fetch failed" url=https://go.dev/dl/go1.24.9.dragonfly-amd64.tar.gz status=302 error="unexpected status 302"
time=2026-09-24T20:43:03.056+03:00 level=WARN msg="fetch failed" url=https://go.dev/dl/go1.24.9.freebsd-386.tar.gz status=302 error="unexpected status 302"
time=2026-09-24T20:43:03.056+03:00 level=WARN msg="fetch failed" url=https://go.dev/dl/go1.24.9.illumos-amd64.tar.gz status=302 error="unexpected status 302"
time=2026-09-24T20:43:03.261+03:00 level=WARN msg="fetch failed" url=https://go.dev/dl/go1.24.9.linux-arm64.tar.gz status=302 error="unexpected status 302"
time=2026-09-24T20:43:03.261+03:00 level=WARN msg="fetch failed" url=https://go.dev/dl/go1.24.9.linux-386.tar.gz status=302 error="unexpected status 302"
time=2026-09-24T20:43:03.261+03:00 level=WARN msg="fetch failed" url=https://go.dev/dl/go1.24.9.linux-armv6l.tar.gz status=302 error="unexpected status 302"
time=2026-09-24T20:43:03.261+03:00 level=WARN msg="fetch failed" url=https://go.dev/dl/go1.24.9.linux-loong64.tar.gz status=302 error="unexpected status 302"
time=2026-09-24T20:43:03.262+03:00 level=WARN msg="fetch failed" url=https://go.dev/dl/go1.24.9.linux-mips.tar.gz status=302 error="unexpected status 302"
time=2026-09-24T20:43:03.262+03:00 level=WARN msg="fetch failed" url=https://go.dev/dl/go1.24.9.linux-mips64le.tar.gz status=302 error="unexpected status 302"
time=2026-09-24T20:43:03.262+03:00 level=WARN msg="fetch failed" url=https://go.dev/dl/go1.24.9.linux-mipsle.tar.gz status=302 error="unexpected status 302"
time=2026-09-24T20:43:03.262+03:00 level=WARN msg="fetch failed" url=https://go.dev/dl/go1.24.9.linux-mips64.tar.gz status=302 error="unexpected status 302"
time=2026-09-24T20:43:03.262+03:00 level=WARN msg="fetch failed" url=https://go.dev/dl/go1.24.9.linux-ppc64.tar.gz status=302 error="unexpected status 302"
time=2026-09-24T20:43:03.262+03:00 level=WARN msg="fetch failed" url=https://go.dev/dl/go1.24.9.linux-amd64.tar.gz status=302 error="unexpected status 302"
time=2026-09-24T20:43:03.469+03:00 level=WARN msg="fetch failed" url=https://go.dev/dl/go1.24.9.linux-riscv64.tar.gz status=302 error="unexpected status 302"
time=2026-09-24T20:43:03.469+03:00 level=WARN msg="fetch failed" url=https://go.dev/dl/go1.24.9.netbsd-amd64.tar.gz status=302 error="unexpected status 302"
time=2026-09-24T20:43:03.469+03:00 level=WARN msg="fetch failed" url=https://go.dev/dl/go1.24.9.openbsd-amd64.tar.gz status=302 error="unexpected status 302"
time=2026-09-24T20:43:03.469+03:00 level=WARN msg="fetch failed" url=https://go.dev/dl/go1.24.9.linux-s390x.tar.gz status=302 error="unexpected status 302"
time=2026-09-24T20:43:03.469+03:00 level=WARN msg="fetch failed" url=https://go.dev/dl/go1.24.9.netbsd-arm64.tar.gz status=302 error="unexpected status 302"
time=2026-09-24T20:43:03.469+03:00 level=WARN msg="fetch failed" url=https://go.dev/dl/go1.24.9.openbsd-386.tar.gz status=302 error="unexpected status 302"
time=2026-09-24T20:43:03.469+03:00 level=WARN msg="fetch failed" url=https://go.dev/dl/go1.24.9.openbsd-arm.tar.gz status=302 error="unexpected status 302"
time=2026-09-24T20:43:03.469+03:00 level=WARN msg="fetch failed" url=https://go.dev/dl/go1.24.9.netbsd-386.tar.gz status=302 error="unexpected status 302"
time=2026-09-24T20:43:03.469+03:00 level=WARN msg="fetch failed" url=https://go.dev/dl/go1.24.9.netbsd-arm.tar.gz status=302 error="unexpected status 302"
time=2026-09-24T20:43:03.469+03:00 level=WARN msg="fetch failed" url=https://go.dev/dl/go1.24.9.linux-ppc64le.tar.gz status=302 error="unexpected status 302"
time=2026-09-24T20:43:03.669+03:00 level=WARN msg="fetch failed" url=https://go.dev/dl/go1.24.9.openbsd-arm64.tar.gz status=302 error="unexpected status 302"
time=2026-09-24T20:43:03.670+03:00 level=WARN msg="fetch failed" url=https://go.dev/dl/go1.24.9.solaris-amd64.tar.gz status=302 error="unexpected status 302"
time=2026-09-24T20:43:03.670+03:00 level=WARN msg="fetch failed" url=https://go.dev/dl/go1.24.9.windows-386.zip status=302 error="unexpected status 302"
time=2026-09-24T20:43:03.670+03:00 level=WARN msg="fetch failed" url=https://go.dev/dl/go1.24.9.plan9-amd64.tar.gz status=302 error="unexpected status 302"
time=2026-09-24T20:43:03.670+03:00 level=WARN msg="fetch failed" url=https://go.dev/dl/go1.24.9.openbsd-riscv64.tar.gz status=302 error="unexpected status 302"
time=2026-09-24T20:43:03.670+03:00 level=WARN msg="fetch failed" url=https://go.dev/dl/go1.24.9.openbsd-ppc64.tar.gz status=302 error="unexpected status 302"
time=2026-09-24T20:43:03.670+03:00 level=WARN msg="fetch failed" url=https://go.dev/dl/go1.24.9.windows-386.msi status=302 error="unexpected status 302"
time=2026-09-24T20:43:03.670+03:00 level=WARN msg="fetch failed" url=https://go.dev/dl/go1.24.9.plan9-arm.tar.gz status=302 error="unexpected status 302"
time=2026-09-24T20:43:03.670+03:00 level=WARN msg="fetch failed" url=https://go.dev/dl/go1.24.9.plan9-386.tar.gz status=302 error="unexpected status 302"
time=2026-09-24T20:43:03.681+03:00 level=WARN msg="fetch failed" url=https://go.dev/dl/go1.24.9.windows-amd64.zip status=302 error="unexpected status 302"
time=2026-09-24T20:43:03.876+03:00 level=WARN msg="fetch failed" url=https://go.dev/dl/go1.24.8.aix-ppc64.tar.gz status=302 error="unexpected status 302"
time=2026-09-24T20:43:03.876+03:00 level=WARN msg="fetch failed" url=https://go.dev/dl/go1.24.8.darwin-arm64.pkg status=302 error="unexpected status 302"
time=2026-09-24T20:43:03.876+03:00 level=WARN msg="fetch failed" url=https://go.dev/dl/go1.24.9.windows-amd64.msi status=302 error="unexpected status 302"
time=2026-09-24T20:43:03.876+03:00 level=WARN msg="fetch failed" url=https://go.dev/dl/go1.24.9.windows-arm64.msi status=302 error="unexpected status 302"
time=2026-09-24T20:43:03.876+03:00 level=WARN msg="fetch failed" url=https://go.dev/dl/go1.24.9.windows-arm64.zip status=302 error="unexpected status 302"
time=2026-09-24T20:43:03.876+03:00 level=WARN msg="fetch failed" url=https://go.dev/dl/go1.24.8.dragonfly-amd64.tar.gz status=302 error="unexpected status 302"
time=2026-09-24T20:43:03.876+03:00 level=WARN msg="fetch failed" url=https://go.dev/dl/go1.24.8.darwin-arm64.tar.gz status=302 error="unexpected status 302"
time=2026-09-24T20:43:03.876+03:00 level=WARN msg="fetch failed" url=https://go.dev/dl/go1.24.8.darwin-amd64.pkg status=302 error="unexpected status 302"
time=2026-09-24T20:43:03.877+03:00 level=WARN msg="fetch failed" url=https://go.dev/dl/go1.24.8.darwin-amd64.tar.gz status=302 error="unexpected status 302"
time=2026-09-24T20:43:03.877+03:00 level=WARN msg="fetch failed" url=https://go.dev/dl/go1.24.8.src.tar.gz status=302 error="unexpected status 302"
time=2026-09-24T20:43:04.130+03:00 level=WARN msg="fetch failed" url=https://go.dev/dl/go1.24.8.freebsd-arm64.tar.gz status=302 error="unexpected status 302"
time=2026-09-24T20:43:04.133+03:00 level=WARN msg="fetch failed" url=https://go.dev/dl/go1.24.8.freebsd-amd64.tar.gz status=302 error="unexpected status 302"
time=2026-09-24T20:43:04.134+03:00 level=WARN msg="fetch failed" url=https://go.dev/dl/go1.24.8.linux-arm64.tar.gz status=302 error="unexpected status 302"
time=2026-09-24T20:43:04.137+03:00 level=WARN msg="fetch failed" url=https://go.dev/dl/go1.24.8.freebsd-riscv64.tar.gz status=302 error="unexpected status 302"
time=2026-09-24T20:43:04.142+03:00 level=WARN msg="fetch failed" url=https://go.dev/dl/go1.24.8.freebsd-386.tar.gz status=302 error="unexpected status 302"
time=2026-09-24T20:43:04.143+03:00 level=WARN msg="fetch failed" url=https://go.dev/dl/go1.24.8.linux-386.tar.gz status=302 error="unexpected status 302"
time=2026-09-24T20:43:04.145+03:00 level=WARN msg="fetch failed" url=https://go.dev/dl/go1.24.8.linux-armv6l.tar.gz status=302 error="unexpected status 302"
time=2026-09-24T20:43:04.149+03:00 level=WARN msg="fetch failed" url=https://go.dev/dl/go1.24.8.linux-amd64.tar.gz status=302 error="unexpected status 302"
time=2026-09-24T20:43:04.151+03:00 level=WARN msg="fetch failed" url=https://go.dev/dl/go1.24.8.freebsd-arm.tar.gz status=302 error="unexpected status 302"
time=2026-09-24T20:43:04.165+03:00 level=WARN msg="fetch failed" url=https://go.dev/dl/go1.24.8.illumos-amd64.tar.gz status=302 error="unexpected status 302"
time=2026-09-24T20:43:04.282+03:00 level=WARN msg="fetch failed" url=https://go.dev/dl/go1.24.8.linux-loong64.tar.gz status=302 error="unexpected status 302"
time=2026-09-24T20:43:04.287+03:00 level=WARN msg="fetch failed" url=https://go.dev/dl/go1.24.8.linux-mips64.tar.gz status=302 error="unexpected status 302"
time=2026-09-24T20:43:04.287+03:00 level=WARN msg="fetch failed" url=https://go.dev/dl/go1.24.8.linux-mips64le.tar.gz status=302 error="unexpected status 302"
time=2026-09-24T20:43:04.297+03:00 level=WARN msg="fetch failed" url=https://go.dev/dl/go1.24.8.linux-mipsle.tar.gz status=302 error="unexpected status 302"
time=2026-09-24T20:43:04.301+03:00 level=WARN msg="fetch failed" url=https://go.dev/dl/go1.24.8.linux-ppc64le.tar.gz status=302 error="unexpected status 302"
time=2026-09-24T20:43:04.304+03:00 level=WARN msg="fetch failed" url=https://go.dev/dl/go1.24.8.linux-riscv64.tar.gz status=302 error="unexpected status 302"
time=2026-09-24T20:43:04.305+03:00 level=WARN msg="fetch failed" url=https://go.dev/dl/go1.24.8.linux-s390x.tar.gz status=302 error="unexpected status 302"
time=2026-09-24T20:43:04.437+03:00 level=WARN msg="fetch failed" url=https://go.dev/dl/go1.24.8.netbsd-amd64.tar.gz status=302 error="unexpected status 302"
time=2026-09-24T20:43:04.444+03:00 level=WARN msg="fetch failed" url=https://go.dev/dl/go1.24.8.netbsd-arm64.tar.gz status=302 error="unexpected status 302"
time=2026-09-24T20:43:04.545+03:00 level=WARN msg="fetch failed" url=https://go.dev/dl/go1.24.8.openbsd-arm.tar.gz status=302 error="unexpected status 302"
time=2026-09-24T20:43:04.545+03:00 level=WARN msg="fetch failed" url=https://go.dev/dl/go1.24.8.openbsd-386.tar.gz status=302 error="unexpected status 302"
time=2026-09-24T20:43:04.545+03:00 level=WARN msg="fetch failed" url=https://go.dev/dl/go1.24.8.netbsd-386.tar.gz status=302 error="unexpected status 302"
time=2026-09-24T20:43:04.545+03:00 level=WARN msg="fetch failed" url=https://go.dev/dl/go1.24.8.linux-mips.tar.gz status=302 error="unexpected status 302"
time=2026-09-24T20:43:04.545+03:00 level=WARN msg="fetch failed" url=https://go.dev/dl/go1.24.8.openbsd-amd64.tar.gz status=302 error="unexpected status 302"
time=2026-09-24T20:43:04.545+03:00 level=WARN msg="fetch failed" url=https://go.dev/dl/go1.24.8.linux-ppc64.tar.gz status=302 error="unexpected status 302"
time=2026-09-24T20:43:04.545+03:00 level=WARN msg="fetch failed" url=https://go.dev/dl/go1.24.8.netbsd-arm.tar.gz status=302 error="unexpected status 302"
time=2026-09-24T20:43:04.557+03:00 level=WARN msg="fetch failed" url=https://go.dev/dl/go1.24.8.openbsd-arm64.tar.gz status=302 error="unexpected status 302"
time=2026-09-24T20:43:04.590+03:00 level=WARN msg="fetch failed" url=https://go.dev/dl/go1.24.8.openbsd-ppc64.tar.gz status=302 error="unexpected status 302"
time=2026-09-24T20:43:04.641+03:00 level=WARN msg="fetch failed" url=https://go.dev/dl/go1.24.8.openbsd-riscv64.tar.gz status=302 error="unexpected status 302"
time=2026-09-24T20:43:04.817+03:00 level=WARN msg="fetch failed" url=https://go.dev/dl/go1.24.8.solaris-amd64.tar.gz status=302 error="unexpected status 302"
time=2026-09-24T20:43:04.817+03:00 level=WARN msg="fetch failed" url=https://go.dev/dl/go1.24.8.plan9-arm.tar.gz status=302 error="unexpected status 302"
time=2026-09-24T20:43:04.817+03:00 level=WARN msg="fetch failed" url=https://go.dev/dl/go1.24.8.plan9-386.tar.gz status=302 error="unexpected status 302"
time=2026-09-24T20:43:04.817+03:00 level=WARN msg="fetch failed" url=https://go.dev/dl/go1.24.8.windows-386.zip status=302 error="unexpected status 302"
time=2026-09-24T20:43:04.817+03:00 level=WARN msg="fetch failed" url=https://go.dev/dl/go1.24.8.windows-amd64.msi status=302 error="unexpected status 302"
time=2026-09-24T20:43:04.817+03:00 level=WARN msg="fetch failed" url=https://go.dev/dl/go1.24.8.plan9-amd64.tar.gz status=302 error="unexpected status 302"
time=2026-09-24T20:43:04.817+03:00 level=WARN msg="fetch failed" url=https://go.dev/dl/go1.24.8.windows-amd64.zip status=302 error="unexpected status 302"
time=2026-09-24T20:43:04.817+03:00 level=WARN msg="fetch failed" url=https://go.dev/dl/go1.24.8.windows-386.msi status=302 error="unexpected status 302"
time=2026-09-24T20:43:04.817+03:00 level=WARN msg="fetch failed" url=https://go.dev/dl/go1.24.8.windows-arm64.msi status=302 error="unexpected status 302"
time=2026-09-24T20:43:04.818+03:00 level=WARN msg="fetch failed" url=https://go.dev/dl/go1.24.8.windows-arm64.zip status=302 error="unexpected status 302"
time=2026-09-24T20:43:05.070+03:00 level=WARN msg="fetch failed" url=https://go.dev/dl/go1.24.7.src.tar.gz status=302 error="unexpected status 302"
time=2026-09-24T20:43:05.070+03:00 level=WARN msg="fetch failed" url=https://go.dev/dl/go1.24.7.darwin-amd64.pkg status=302 error="unexpected status 302"
time=2026-09-24T20:43:05.070+03:00 level=WARN msg="fetch failed" url=https://go.dev/dl/go1.24.7.aix-ppc64.tar.gz status=302 error="unexpected status 302"
time=2026-09-24T20:43:05.071+03:00 level=WARN msg="fetch failed" url=https://go.dev/dl/go1.24.7.freebsd-arm.tar.gz status=302 error="unexpected status 302"
time=2026-09-24T20:43:05.071+03:00 level=WARN msg="fetch failed" url=https://go.dev/dl/go1.24.7.freebsd-386.tar.gz status=302 error="unexpected status 302"
time=2026-09-24T20:43:05.071+03:00 level=WARN msg="fetch failed" url=https://go.dev/dl/go1.24.7.dragonfly-amd64.tar.gz status=302 error="unexpected status 302"
time=2026-09-24T20:43:05.071+03:00 level=WARN msg="fetch failed" url=https://go.dev/dl/go1.24.7.darwin-arm64.tar.gz status=302 error="unexpected status 302"
time=2026-09-24T20:43:05.071+03:00 level=WARN msg="fetch failed" url=https://go.dev/dl/go1.24.7.freebsd-amd64.tar.gz status=302 error="unexpected status 302"
time=2026-09-24T20:43:05.071+03:00 level=WARN msg="fetch failed" url=https://go.dev/dl/go1.24.7.darwin-arm64.pkg status=302 error="unexpected status 302"
time=2026-09-24T20:43:05.234+03:00 level=WARN msg="fetch failed" url=https://go.dev/dl/go1.24.7.linux-armv6l.tar.gz status=302 error="unexpected status 302"
time=2026-09-24T20:43:05.235+03:00 level=WARN msg="fetch failed" url=https://go.dev/dl/go1.24.7.linux-arm64.tar.gz status=302 error="unexpected status 302"
time=2026-09-24T20:43:05.239+03:00 level=WARN msg="fetch failed" url=https://go.dev/dl/go1.24.7.linux-386.tar.gz status=302 error="unexpected status 302"
time=2026-09-24T20:43:05.239+03:00 level=WARN msg="fetch failed" url=https://go.dev/dl/go1.24.7.illumos-amd64.tar.gz status=302 error="unexpected status 302"
time=2026-09-24T20:43:05.239+03:00 level=WARN msg="fetch failed" url=https://go.dev/dl/go1.24.7.linux-loong64.tar.gz status=302 error="unexpected status 302"
time=2026-09-24T20:43:05.239+03:00 level=WARN msg="fetch failed" url=https://go.dev/dl/go1.24.7.linux-amd64.tar.gz status=302 error="unexpected status 302"
time=2026-09-24T20:43:05.243+03:00 level=WARN msg="fetch failed" url=https://go.dev/dl/go1.24.7.freebsd-riscv64.tar.gz status=302 error="unexpected status 302"
time=2026-09-24T20:43:05.245+03:00 level=WARN msg="fetch failed" url=https://go.dev/dl/go1.24.7.darwin-amd64.tar.gz status=302 error="unexpected status 302"
time=2026-09-24T20:43:05.246+03:00 level=WARN msg="fetch failed" url=https://go.dev/dl/go1.24.7.freebsd-arm64.tar.gz status=302 error="unexpected status 302"
time=2026-09-24T20:43:05.310+03:00 level=WARN msg="fetch failed" url=https://go.dev/dl/go1.24.7.linux-mips.tar.gz status=302 error="unexpected status 302"
time=2026-09-24T20:43:05.460+03:00 level=WARN msg="fetch failed" url=https://go.dev/dl/go1.24.7.linux-mips64.tar.gz status=302 error="unexpected status 302"
time=2026-09-24T20:43:05.460+03:00 level=WARN msg="fetch failed" url=https://go.dev/dl/go1.24.7.linux-ppc64.tar.gz status=302 error="unexpected status 302"
time=2026-09-24T20:43:05.460+03:00 level=WARN msg="fetch failed" url=https://go.dev/dl/go1.24.7.linux-mips64le.tar.gz status=302 error="unexpected status 302"
time=2026-09-24T20:43:05.460+03:00 level=WARN msg="fetch failed" url=https://go.dev/dl/go1.24.7.linux-riscv64.tar.gz status=302 error="unexpected status 302"
time=2026-09-24T20:43:05.460+03:00 level=WARN msg="fetch failed" url=https://go.dev/dl/go1.24.7.netbsd-386.tar.gz status=302 error="unexpected status 302"
time=2026-09-24T20:43:05.460+03:00 level=WARN msg="fetch failed" url=https://go.dev/dl/go1.24.7.linux-ppc64le.tar.gz status=302 error="unexpected status 302"
time=2026-09-24T20:43:05.460+03:00 level=WARN msg="fetch failed" url=https://go.dev/dl/go1.24.7.linux-mipsle.tar.gz status=302 error="unexpected status 302"
time=2026-09-24T20:43:05.461+03:00 level=WARN msg="fetch failed" url=https://go.dev/dl/go1.24.7.linux-s390x.tar.gz status=302 error="unexpected status 302"
time=2026-09-24T20:43:05.461+03:00 level=WARN msg="fetch failed" url=https://go.dev/dl/go1.24.7.netbsd-amd64.tar.gz status=302 error="unexpected status 302"
time=2026-09-24T20:43:05.472+03:00 level=WARN msg="fetch failed" url=https://go.dev/dl/go1.24.7.netbsd-arm.tar.gz status=302 error="unexpected status 302"
time=2026-09-24T20:43:05.616+03:00 level=WARN msg="fetch failed" url=https://go.dev/dl/go1.24.7.netbsd-arm64.tar.gz status=302 error="unexpected status 302"
time=2026-09-24T20:43:05.623+03:00 level=WARN msg="fetch failed" url=https://go.dev/dl/go1.24.7.plan9-amd64.tar.gz status=302 error="unexpected status 302"
time=2026-09-24T20:43:05.623+03:00 level=WARN msg="fetch failed" url=https://go.dev/dl/go1.24.7.plan9-386.tar.gz status=302 error="unexpected status 302"
time=2026-09-24T20:43:05.624+03:00 level=WARN msg="fetch failed" url=https://go.dev/dl/go1.24.7.openbsd-ppc64.tar.gz status=302 error="unexpected status 302"
time=2026-09-24T20:43:05.625+03:00 level=WARN msg="fetch failed" url=https://go.dev/dl/go1.24.7.openbsd-386.tar.gz status=302 error="unexpected status 302"
time=2026-09-24T20:43:05.625+03:00 level=WARN msg="fetch failed" url=https://go.dev/dl/go1.24.7.openbsd-arm64.tar.gz status=302 error="unexpected status 302"
time=2026-09-24T20:43:05.627+03:00 level=WARN msg="fetch failed" url=https://go.dev/dl/go1.24.7.openbsd-arm.tar.gz status=302 error="unexpected status 302"
time=2026-09-24T20:43:05.628+03:00 level=WARN msg="fetch failed" url=https://go.dev/dl/go1.24.7.openbsd-amd64.tar.gz status=302 error="unexpected status 302"
time=2026-09-24T20:43:05.628+03:00 level=WARN msg="fetch failed" url=https://go.dev/dl/go1.24.7.openbsd-riscv64.tar.gz status=302 error="unexpected status 302"
time=2026-09-24T20:43:05.633+03:00 level=WARN msg="fetch failed" url=https://go.dev/dl/go1.24.7.plan9-arm.tar.gz status=302 error="unexpected status 302"
time=2026-09-24T20:43:05.771+03:00 level=WARN msg="fetch failed" url=https://go.dev/dl/go1.24.7.solaris-amd64.tar.gz status=302 error="unexpected status 302"
time=2026-09-24T20:43:05.777+03:00 level=WARN msg="fetch failed" url=https://go.dev/dl/go1.24.7.windows-386.zip status=302 error="unexpected status 302"
time=2026-09-24T20:43:05.780+03:00 level=WARN msg="fetch failed" url=https://go.dev/dl/go1.24.7.windows-386.msi status=302 error="unexpected status 302"
time=2026-09-24T20:43:05.784+03:00 level=WARN msg="fetch failed" url=https://go.dev/dl/go1.24.7.windows-amd64.msi status=302 error="unexpected status 302"
time=2026-09-24T20:43:05.785+03:00 level=WARN msg="fetch failed" url=https://go.dev/dl/go1.24.7.windows-arm64.zip status=302 error="unexpected status 302"
time=2026-09-24T20:43:05.785+03:00 level=WARN msg="fetch failed" url=https://go.dev/dl/go1.24.7.windows-arm64.msi status=302 error="unexpected status 302"
time=2026-09-24T20:43:05.786+03:00 level=WARN msg="fetch failed" url=https://go.dev/dl/go1.24.7.windows-amd64.zip status=302 error="unexpected status 302"
time=2026-09-24T20:43:05.789+03:00 level=WARN msg="fetch failed" url=https://go.dev/dl/go1.24.6.aix-ppc64.tar.gz status=302 error="unexpected status 302"
time=2026-09-24T20:43:05.789+03:00 level=WARN msg="fetch failed" url=https://go.dev/dl/go1.24.6.src.tar.gz status=302 error="unexpected status 302"
time=2026-09-24T20:43:05.792+03:00 level=WARN msg="fetch failed" url=https://go.dev/dl/go1.24.6.darwin-amd64.tar.gz status=302 error="unexpected status 302"
time=2026-09-24T20:43:05.929+03:00 level=WARN msg="fetch failed" url=https://go.dev/dl/go1.24.6.darwin-amd64.pkg status=302 error="unexpected status 302"
time=2026-09-24T20:43:05.929+03:00 level=WARN msg="fetch failed" url=https://go.dev/dl/go1.24.6.darwin-arm64.pkg status=302 error="unexpected status 302"
time=2026-09-24T20:43:05.929+03:00 level=WARN msg="fetch failed" url=https://go.dev/dl/go1.24.6.darwin-arm64.tar.gz status=302 error="unexpected status 302"
time=2026-09-24T20:43:05.940+03:00 level=WARN msg="fetch failed" url=https://go.dev/dl/go1.24.6.dragonfly-amd64.tar.gz status=302 error="unexpected status 302"
time=2026-09-24T20:43:05.940+03:00 level=WARN msg="fetch failed" url=https://go.dev/dl/go1.24.6.freebsd-arm.tar.gz status=302 error="unexpected status 302"
time=2026-09-24T20:43:05.941+03:00 level=WARN msg="fetch failed" url=https://go.dev/dl/go1.24.6.freebsd-386.tar.gz status=302 error="unexpected status 302"
time=2026-09-24T20:43:05.944+03:00 level=WARN msg="fetch failed" url=https://go.dev/dl/go1.24.6.illumos-amd64.tar.gz status=302 error="unexpected status 302"
time=2026-09-24T20:43:05.947+03:00 level=WARN msg="fetch failed" url=https://go.dev/dl/go1.24.6.freebsd-riscv64.tar.gz status=302 error="unexpected status 302"
time=2026-09-24T20:43:05.955+03:00 level=WARN msg="fetch failed" url=https://go.dev/dl/go1.24.6.freebsd-arm64.tar.gz status=302 error="unexpected status 302"
time=2026-09-24T20:43:05.967+03:00 level=WARN msg="fetch failed" url=https://go.dev/dl/go1.24.6.freebsd-amd64.tar.gz status=302 error="unexpected status 302"
time=2026-09-24T20:43:06.106+03:00 level=WARN msg="fetch failed" url=https://go.dev/dl/go1.24.6.linux-arm64.tar.gz status=302 error="unexpected status 302"
time=2026-09-24T20:43:06.106+03:00 level=WARN msg="fetch failed" url=https://go.dev/dl/go1.24.6.linux-386.tar.gz status=302 error="unexpected status 302"
time=2026-09-24T20:43:06.106+03:00 level=WARN msg="fetch failed" url=https://go.dev/dl/go1.24.6.linux-amd64.tar.gz status=302 error="unexpected status 302"
time=2026-09-24T20:43:06.106+03:00 level=WARN msg="fetch failed" url=https://go.dev/dl/go1.24.6.linux-mips.tar.gz status=302 error="unexpected status 302"
time=2026-09-24T20:43:06.106+03:00 level=WARN msg="fetch failed" url=https://go.dev/dl/go1.24.6.linux-armv6l.tar.gz status=302 error="unexpected status 302"
time=2026-09-24T20:43:06.106+03:00 level=WARN msg="fetch failed" url=https://go.dev/dl/go1.24.6.linux-mips64le.tar.gz status=302 error="unexpected status 302"
time=2026-09-24T20:43:06.107+03:00 level=WARN msg="fetch failed" url=https://go.dev/dl/go1.24.6.linux-loong64.tar.gz status=302 error="unexpected status 302"
time=2026-09-24T20:43:06.107+03:00 level=WARN msg="fetch failed" url=https://go.dev/dl/go1.24.6.linux-mips64.tar.gz status=302 error="unexpected status 302"
time=2026-09-24T20:43:06.117+03:00 level=WARN msg="fetch failed" url=https://go.dev/dl/go1.24.6.linux-mipsle.tar.gz status=302 error="unexpected status 302"
time=2026-09-24T20:43:06.126+03:00 level=WARN msg="fetch failed" url=https://go.dev/dl/go1.24.6.linux-ppc64.tar.gz status=302 error="unexpected status 302"
time=2026-09-24T20:43:06.263+03:00 level=WARN msg="fetch failed" url=https://go.dev/dl/go1.24.6.netbsd-amd64.tar.gz status=302 error="unexpected status 302"
time=2026-09-24T20:43:06.263+03:00 level=WARN msg="fetch failed" url=https://go.dev/dl/go1.24.6.linux-riscv64.tar.gz status=302 error="unexpected status 302"
time=2026-09-24T20:43:06.263+03:00 level=WARN msg="fetch failed" url=https://go.dev/dl/go1.24.6.netbsd-arm.tar.gz status=302 error="unexpected status 302"
time=2026-09-24T20:43:06.263+03:00 level=WARN msg="fetch failed" url=https://go.dev/dl/go1.24.6.linux-s390x.tar.gz status=302 error="unexpected status 302"
time=2026-09-24T20:43:06.264+03:00 level=WARN msg="fetch failed" url=https://go.dev/dl/go1.24.6.netbsd-arm64.tar.gz status=302 error="unexpected status 302"
time=2026-09-24T20:43:06.267+03:00 level=WARN msg="fetch failed" url=https://go.dev/dl/go1.24.6.linux-ppc64le.tar.gz status=302 error="unexpected status 302"
time=2026-09-24T20:43:06.269+03:00 level=WARN msg="fetch failed" url=https://go.dev/dl/go1.24.6.openbsd-386.tar.gz status=302 error="unexpected status 302"
time=2026-09-24T20:43:06.273+03:00 level=WARN msg="fetch failed" url=https://go.dev/dl/go1.24.6.openbsd-arm.tar.gz status=302 error="unexpected status 302"
time=2026-09-24T20:43:06.275+03:00 level=WARN msg="fetch failed" url=https://go.dev/dl/go1.24.6.openbsd-amd64.tar.gz status=302 error="unexpected status 302"
time=2026-09-24T20:43:06.291+03:00 level=WARN msg="fetch failed" url=https://go.dev/dl/go1.24.6.netbsd-386.tar.gz status=302 error="unexpected status 302"
time=2026-09-24T20:43:06.418+03:00 level=WARN msg="fetch failed" url=https://go.dev/dl/go1.24.6.plan9-386.tar.gz status=302 error="unexpected status 302"
time=2026-09-24T20:43:06.418+03:00 level=WARN msg="fetch failed" url=https://go.dev/dl/go1.24.6.openbsd-arm64.tar.gz status=302 error="unexpected status 302"
time=2026-09-24T20:43:06.418+03:00 level=WARN msg="fetch failed" url=https://go.dev/dl/go1.24.6.openbsd-riscv64.tar.gz status=302 error="unexpected status 302"
time=2026-09-24T20:43:06.424+03:00 level=WARN msg="fetch failed" url=https://go.dev/dl/go1.24.6.solaris-amd64.tar.gz status=302 error="unexpected status 302"
time=2026-09-24T20:43:06.426+03:00 level=WARN msg="fetch failed" url=https://go.dev/dl/go1.24.6.plan9-amd64.tar.gz status=302 error="unexpected status 302"
time=2026-09-24T20:43:06.433+03:00 level=WARN msg="fetch failed" url=https://go.dev/dl/go1.24.6.plan9-arm.tar.gz status=302 error="unexpected status 302"
time=2026-09-24T20:43:06.434+03:00 level=WARN msg="fetch failed" url=https://go.dev/dl/go1.24.6.windows-386.zip status=302 error="unexpected status 302"
time=2026-09-24T20:43:06.434+03:00 level=WARN msg="fetch failed" url=https://go.dev/dl/go1.24.6.openbsd-ppc64.tar.gz status=302 error="unexpected status 302"
time=2026-09-24T20:43:06.435+03:00 level=WARN msg="fetch failed" url=https://go.dev/dl/go1.24.6.windows-386.msi status=302 error="unexpected status 302"
time=2026-09-24T20:43:06.445+03:00 level=WARN msg="fetch failed" url=https://go.dev/dl/go1.24.6.windows-amd64.zip status=302 error="unexpected status 302"
time=2026-09-24T20:43:06.580+03:00 level=WARN msg="fetch failed" url=https://go.dev/dl/go1.24.6.windows-arm64.msi status=302 error="unexpected status 302"
time=2026-09-24T20:43:06.580+03:00 level=WARN msg="fetch failed" url=https://go.dev/dl/go1.24.6.windows-amd64.msi status=302 error="unexpected status 302"
time=2026-09-24T20:43:06.580+03:00 level=WARN msg="fetch failed" url=https://go.dev/dl/go1.24.6.windows-arm64.zip status=302 error="unexpected status 302"
time=2026-09-24T20:43:06.587+03:00 level=WARN msg="fetch failed" url=https://go.dev/dl/go1.24.5.darwin-amd64.tar.gz status=302 error="unexpected status 302"
time=2026-09-24T20:43:06.587+03:00 level=WARN msg="fetch failed" url=https://go.dev/dl/go1.24.5.aix-ppc64.tar.gz status=302 error="unexpected status 302"
time=2026-09-24T20:43:06.587+03:00 level=WARN msg="fetch failed" url=https://go.dev/dl/go1.24.5.src.tar.gz status=302 error="unexpected status 302"
time=2026-09-24T20:43:06.587+03:00 level=WARN msg="fetch failed" url=https://go.dev/dl/go1.24.5.darwin-amd64.pkg status=302 error="unexpected status 302"
time=2026-09-24T20:43:06.588+03:00 level=WARN msg="fetch failed" url=https://go.dev/dl/go1.24.5.darwin-arm64.tar.gz status=302 error="unexpected status 302"
time=2026-09-24T20:43:06.590+03:00 level=WARN msg="fetch failed" url=https://go.dev/dl/go1.24.5.darwin-arm64.pkg status=302 error="unexpected status 302"
time=2026-09-24T20:43:06.731+03:00 level=WARN msg="fetch failed" url=https://go.dev/dl/go1.24.5.dragonfly-amd64.tar.gz status=302 error="unexpected status 302"
time=2026-09-24T20:43:06.740+03:00 level=WARN msg="fetch failed" url=https://go.dev/dl/go1.24.5.freebsd-arm.tar.gz status=302 error="unexpected status 302"
time=2026-09-24T20:43:06.744+03:00 level=WARN msg="fetch failed" url=https://go.dev/dl/go1.24.5.linux-amd64.tar.gz status=302 error="unexpected status 302"
time=2026-09-24T20:43:06.753+03:00 level=WARN msg="fetch failed" url=https://go.dev/dl/go1.24.5.freebsd-amd64.tar.gz status=302 error="unexpected status 302"
time=2026-09-24T20:43:06.762+03:00 level=WARN msg="fetch failed" url=https://go.dev/dl/go1.24.5.linux-arm64.tar.gz status=302 error="unexpected status 302"
time=2026-09-24T20:43:06.764+03:00 level=WARN msg="fetch failed" url=https://go.dev/dl/go1.24.5.freebsd-386.tar.gz status=302 error="unexpected status 302"
time=2026-09-24T20:43:06.764+03:00 level=WARN msg="fetch failed" url=https://go.dev/dl/go1.24.5.illumos-amd64.tar.gz status=302 error="unexpected status 302"
time=2026-09-24T20:43:06.766+03:00 level=WARN msg="fetch failed" url=https://go.dev/dl/go1.24.5.freebsd-arm64.tar.gz status=302 error="unexpected status 302"
time=2026-09-24T20:43:06.886+03:00 level=WARN msg="fetch failed" url=https://go.dev/dl/go1.24.5.linux-386.tar.gz status=302 error="unexpected status 302"
time=2026-09-24T20:43:06.887+03:00 level=WARN msg="fetch failed" url=https://go.dev/dl/go1.24.5.freebsd-riscv64.tar.gz status=302 error="unexpected status 302"
time=2026-09-24T20:43:06.888+03:00 level=WARN msg="fetch failed" url=https://go.dev/dl/go1.24.5.linux-armv6l.tar.gz status=302 error="unexpected status 302"
time=2026-09-24T20:43:06.892+03:00 level=WARN msg="fetch failed" url=https://go.dev/dl/go1.24.5.linux-loong64.tar.gz status=302 error="unexpected status 302"
time=2026-09-24T20:43:06.898+03:00 level=WARN msg="fetch failed" url=https://go.dev/dl/go1.24.5.linux-mips.tar.gz status=302 error="unexpected status 302"
time=2026-09-24T20:43:06.914+03:00 level=WARN msg="fetch failed" url=https://go.dev/dl/go1.24.5.linux-mips64.tar.gz status=302 error="unexpected status 302"
time=2026-09-24T20:43:06.914+03:00 level=WARN msg="fetch failed" url=https://go.dev/dl/go1.24.5.linux-mips64le.tar.gz status=302 error="unexpected status 302"
time=2026-09-24T20:43:06.922+03:00 level=WARN msg="fetch failed" url=https://go.dev/dl/go1.24.5.linux-mipsle.tar.gz status=302 error="unexpected status 302"
time=2026-09-24T20:43:06.925+03:00 level=WARN msg="fetch failed" url=https://go.dev/dl/go1.24.5.linux-ppc64le.tar.gz status=302 error="unexpected status 302"
time=2026-09-24T20:43:06.930+03:00 level=WARN msg="fetch failed" url=https://go.dev/dl/go1.24.5.linux-ppc64.tar.gz status=302 error="unexpected status 302"
time=2026-09-24T20:43:07.049+03:00 level=WARN msg="fetch failed" url=https://go.dev/dl/go1.24.5.netbsd-386.tar.gz status=302 error="unexpected status 302"
time=2026-09-24T20:43:07.049+03:00 level=WARN msg="fetch failed" url=https://go.dev/dl/go1.24.5.netbsd-arm.tar.gz status=302 error="unexpected status 302"
time=2026-09-24T20:43:07.049+03:00 level=WARN msg="fetch failed" url=https://go.dev/dl/go1.24.5.linux-s390x.tar.gz status=302 error="unexpected status 302"
time=2026-09-24T20:43:07.049+03:00 level=WARN msg="fetch failed" url=https://go.dev/dl/go1.24.5.netbsd-amd64.tar.gz status=302 error="unexpected status 302"
time=2026-09-24T20:43:07.059+03:00 level=WARN msg="fetch failed" url=https://go.dev/dl/go1.24.5.linux-riscv64.tar.gz status=302 error="unexpected status 302"
time=2026-09-24T20:43:07.063+03:00 level=WARN msg="fetch failed" url=https://go.dev/dl/go1.24.5.netbsd-arm64.tar.gz status=302 error="unexpected status 302"
time=2026-09-24T20:43:07.082+03:00 level=WARN msg="fetch failed" url=https://go.dev/dl/go1.24.5.openbsd-amd64.tar.gz status=302 error="unexpected status 302"
time=2026-09-24T20:43:07.082+03:00 level=WARN msg="fetch failed" url=https://go.dev/dl/go1.24.5.openbsd-386.tar.gz status=302 error="unexpected status 302"
time=2026-09-24T20:43:07.082+03:00 level=WARN msg="fetch failed" url=https://go.dev/dl/go1.24.5.openbsd-arm.tar.gz status=302 error="unexpected status 302"
time=2026-09-24T20:43:07.206+03:00 level=WARN msg="fetch failed" url=https://go.dev/dl/go1.24.5.openbsd-arm64.tar.gz status=302 error="unexpected status 302"
time=2026-09-24T20:43:07.223+03:00 level=WARN msg="fetch failed" url=https://go.dev/dl/go1.24.5.plan9-386.tar.gz status=302 error="unexpected status 302"
time=2026-09-24T20:43:07.223+03:00 level=WARN msg="fetch failed" url=https://go.dev/dl/go1.24.5.plan9-amd64.tar.gz status=302 error="unexpected status 302"
time=2026-09-24T20:43:07.223+03:00 level=WARN msg="fetch failed" url=https://go.dev/dl/go1.24.5.openbsd-riscv64.tar.gz status=302 error="unexpected status 302"
time=2026-09-24T20:43:07.231+03:00 level=WARN msg="fetch failed" url=https://go.dev/dl/go1.24.5.solaris-amd64.tar.gz status=302 error="unexpected status 302"
time=2026-09-24T20:43:07.231+03:00 level=WARN msg="fetch failed" url=https://go.dev/dl/go1.24.5.plan9-arm.tar.gz status=302 error="unexpected status 302"
time=2026-09-24T20:43:07.358+03:00 level=WARN msg="fetch failed" url=https://go.dev/dl/go1.24.5.windows-386.zip status=302 error="unexpected status 302"
time=2026-09-24T20:43:07.358+03:00 level=WARN msg="fetch failed" url=https://go.dev/dl/go1.24.5.openbsd-ppc64.tar.gz status=302 error="unexpected status 302"
time=2026-09-24T20:43:07.358+03:00 level=WARN msg="fetch failed" url=https://go.dev/dl/go1.24.5.windows-amd64.zip status=302 error="unexpected status 302"
time=2026-09-24T20:43:07.358+03:00 level=WARN msg="fetch failed" url=https://go.dev/dl/go1.24.5.windows-amd64.msi status=302 error="unexpected status 302"
time=2026-09-24T20:43:07.359+03:00 level=WARN msg="fetch failed" url=https://go.dev/dl/go1.24.5.windows-386.msi status=302 error="unexpected status 302"
time=2026-09-24T20:43:07.370+03:00 level=WARN msg="fetch failed" url=https://go.dev/dl/go1.24.5.windows-arm64.zip status=302 error="unexpected status 302"
time=2026-09-24T20:43:07.376+03:00 level=WARN msg="fetch failed" url=https://go.dev/dl/go1.24.5.windows-arm64.msi status=302 error="unexpected status 302"
time=2026-09-24T20:43:07.381+03:00 level=WARN msg="fetch failed" url=https://go.dev/dl/go1.24.4.darwin-amd64.tar.gz status=302 error="unexpected status 302"
time=2026-09-24T20:43:07.385+03:00 level=WARN msg="fetch failed" url=https://go.dev/dl/go1.24.4.aix-ppc64.tar.gz status=302 error="unexpected status 302"
time=2026-09-24T20:43:07.516+03:00 level=WARN msg="fetch failed" url=https://go.dev/dl/go1.24.4.darwin-arm64.tar.gz status=302 error="unexpected status 302"
time=2026-09-24T20:43:07.516+03:00 level=WARN msg="fetch failed" url=https://go.dev/dl/go1.24.4.src.tar.gz status=302 error="unexpected status 302"
time=2026-09-24T20:43:07.516+03:00 level=WARN msg="fetch failed" url=https://go.dev/dl/go1.24.4.freebsd-386.tar.gz status=302 error="unexpected status 302"
time=2026-09-24T20:43:07.516+03:00 level=WARN msg="fetch failed" url=https://go.dev/dl/go1.24.4.darwin-arm64.pkg status=302 error="unexpected status 302"
time=2026-09-24T20:43:07.516+03:00 level=WARN msg="fetch failed" url=https://go.dev/dl/go1.24.4.darwin-amd64.pkg status=302 error="unexpected status 302"
time=2026-09-24T20:43:07.525+03:00 level=WARN msg="fetch failed" url=https://go.dev/dl/go1.24.4.freebsd-amd64.tar.gz status=302 error="unexpected status 302"
time=2026-09-24T20:43:07.527+03:00 level=WARN msg="fetch failed" url=https://go.dev/dl/go1.24.4.dragonfly-amd64.tar.gz status=302 error="unexpected status 302"
time=2026-09-24T20:43:07.534+03:00 level=WARN msg="fetch failed" url=https://go.dev/dl/go1.24.4.freebsd-arm.tar.gz status=302 error="unexpected status 302"
time=2026-09-24T20:43:07.548+03:00 level=WARN msg="fetch failed" url=https://go.dev/dl/go1.24.4.freebsd-arm64.tar.gz status=302 error="unexpected status 302"
time=2026-09-24T20:43:07.670+03:00 level=WARN msg="fetch failed" url=https://go.dev/dl/go1.24.4.freebsd-riscv64.tar.gz status=302 error="unexpected status 302"
time=2026-09-24T20:43:07.670+03:00 level=WARN msg="fetch failed" url=https://go.dev/dl/go1.24.4.linux-386.tar.gz status=302 error="unexpected status 302"
time=2026-09-24T20:43:07.670+03:00 level=WARN msg="fetch failed" url=https://go.dev/dl/go1.24.4.linux-armv6l.tar.gz status=302 error="unexpected status 302"
time=2026-09-24T20:43:07.678+03:00 level=WARN msg="fetch failed" url=https://go.dev/dl/go1.24.4.linux-loong64.tar.gz status=302 error="unexpected status 302"
time=2026-09-24T20:43:07.697+03:00 level=WARN msg="fetch failed" url=https://go.dev/dl/go1.24.4.linux-mips64le.tar.gz status=302 error="unexpected status 302"
time=2026-09-24T20:43:07.710+03:00 level=WARN msg="fetch failed" url=https://go.dev/dl/go1.24.4.linux-amd64.tar.gz status=302 error="unexpected status 302"
time=2026-09-24T20:43:07.711+03:00 level=WARN msg="fetch failed" url=https://go.dev/dl/go1.24.4.illumos-amd64.tar.gz status=302 error="unexpected status 302"
time=2026-09-24T20:43:07.826+03:00 level=WARN msg="fetch failed" url=https://go.dev/dl/go1.24.4.linux-mips.tar.gz status=302 error="unexpected status 302"
time=2026-09-24T20:43:07.826+03:00 level=WARN msg="fetch failed" url=https://go.dev/dl/go1.24.4.linux-mipsle.tar.gz status=302 error="unexpected status 302"
time=2026-09-24T20:43:07.826+03:00 level=WARN msg="fetch failed" url=https://go.dev/dl/go1.24.4.linux-mips64.tar.gz status=302 error="unexpected status 302"
time=2026-09-24T20:43:07.826+03:00 level=WARN msg="fetch failed" url=https://go.dev/dl/go1.24.4.linux-arm64.tar.gz status=302 error="unexpected status 302"
time=2026-09-24T20:43:07.826+03:00 level=WARN msg="fetch failed" url=https://go.dev/dl/go1.24.4.linux-ppc64.tar.gz status=302 error="unexpected status 302"
time=2026-09-24T20:43:07.827+03:00 level=WARN msg="fetch failed" url=https://go.dev/dl/go1.24.4.linux-ppc64le.tar.gz status=302 error="unexpected status 302"
time=2026-09-24T20:43:07.849+03:00 level=WARN msg="fetch failed" url=https://go.dev/dl/go1.24.4.linux-s390x.tar.gz status=302 error="unexpected status 302"
time=2026-09-24T20:43:07.868+03:00 level=WARN msg="fetch failed" url=https://go.dev/dl/go1.24.4.linux-riscv64.tar.gz status=302 error="unexpected status 302"
time=2026-09-24T20:43:07.982+03:00 level=WARN msg="fetch failed" url=https://go.dev/dl/go1.24.4.netbsd-386.tar.gz status=302 error="unexpected status 302"
time=2026-09-24T20:43:07.985+03:00 level=WARN msg="fetch failed" url=https://go.dev/dl/go1.24.4.netbsd-arm.tar.gz status=302 error="unexpected status 302"
time=2026-09-24T20:43:07.985+03:00 level=WARN msg="fetch failed" url=https://go.dev/dl/go1.24.4.netbsd-arm64.tar.gz status=302 error="unexpected status 302"
time=2026-09-24T20:43:07.985+03:00 level=WARN msg="fetch failed" url=https://go.dev/dl/go1.24.4.netbsd-amd64.tar.gz status=302 error="unexpected status 302"
time=2026-09-24T20:43:07.985+03:00 level=WARN msg="fetch failed" url=https://go.dev/dl/go1.24.4.openbsd-386.tar.gz status=302 error="unexpected status 302"
time=2026-09-24T20:43:07.987+03:00 level=WARN msg="fetch failed" url=https://go.dev/dl/go1.24.4.openbsd-arm.tar.gz status=302 error="unexpected status 302"
time=2026-09-24T20:43:07.992+03:00 level=WARN msg="fetch failed" url=https://go.dev/dl/go1.24.4.openbsd-amd64.tar.gz status=302 error="unexpected status 302"
time=2026-09-24T20:43:07.992+03:00 level=WARN msg="fetch failed" url=https://go.dev/dl/go1.24.4.openbsd-arm64.tar.gz status=302 error="unexpected status 302"
time=2026-09-24T20:43:07.994+03:00 level=WARN msg="fetch failed" url=https://go.dev/dl/go1.24.4.openbsd-ppc64.tar.gz status=302 error="unexpected status 302"
time=2026-09-24T20:43:08.152+03:00 level=WARN msg="fetch failed" url=https://go.dev/dl/go1.24.4.windows-amd64.msi status=302 error="unexpected status 302"
time=2026-09-24T20:43:08.153+03:00 level=WARN msg="fetch failed" url=https://go.dev/dl/go1.24.4.windows-amd64.zip status=302 error="unexpected status 302"
time=2026-09-24T20:43:08.153+03:00 level=WARN msg="fetch failed" url=https://go.dev/dl/go1.24.4.plan9-arm.tar.gz status=302 error="unexpected status 302"
time=2026-09-24T20:43:08.156+03:00 level=WARN msg="fetch failed" url=https://go.dev/dl/go1.24.4.windows-386.zip status=302 error="unexpected status 302"
time=2026-09-24T20:43:08.156+03:00 level=WARN msg="fetch failed" url=https://go.dev/dl/go1.24.4.plan9-386.tar.gz status=302 error="unexpected status 302"
time=2026-09-24T20:43:08.156+03:00 level=WARN msg="fetch failed" url=https://go.dev/dl/go1.24.4.openbsd-riscv64.tar.gz status=302 error="unexpected status 302"
time=2026-09-24T20:43:08.161+03:00 level=WARN msg="fetch failed" url=https://go.dev/dl/go1.24.4.solaris-amd64.tar.gz status=302 error="unexpected status 302"
time=2026-09-24T20:43:08.294+03:00 level=WARN msg="fetch failed" url=https://go.dev/dl/go1.24.4.windows-386.msi status=302 error="unexpected status 302"
time=2026-09-24T20:43:08.294+03:00 level=WARN msg="fetch failed" url=https://go.dev/dl/go1.24.4.windows-arm64.zip status=302 error="unexpected status 302"
time=2026-09-24T20:43:08.295+03:00 level=WARN msg="fetch failed" url=https://go.dev/dl/go1.24.4.plan9-amd64.tar.gz status=302 error="unexpected status 302"
time=2026-09-24T20:43:08.303+03:00 level=WARN msg="fetch failed" url=https://go.dev/dl/go1.24.3.src.tar.gz status=302 error="unexpected status 302"
time=2026-09-24T20:43:08.303+03:00 level=WARN msg="fetch failed" url=https://go.dev/dl/go1.24.4.windows-arm64.msi status=302 error="unexpected status 302"
time=2026-09-24T20:43:08.313+03:00 level=WARN msg="fetch failed" url=https://go.dev/dl/go1.24.3.darwin-amd64.pkg status=302 error="unexpected status 302"
time=2026-09-24T20:43:08.313+03:00 level=WARN msg="fetch failed" url=https://go.dev/dl/go1.24.3.darwin-arm64.pkg status=302 error="unexpected status 302"
time=2026-09-24T20:43:08.314+03:00 level=WARN msg="fetch failed" url=https://go.dev/dl/go1.24.3.darwin-amd64.tar.gz status=302 error="unexpected status 302"
time=2026-09-24T20:43:08.322+03:00 level=WARN msg="fetch failed" url=https://go.dev/dl/go1.24.3.darwin-arm64.tar.gz status=302 error="unexpected status 302"
time=2026-09-24T20:43:08.453+03:00 level=WARN msg="fetch failed" url=https://go.dev/dl/go1.24.3.aix-ppc64.tar.gz status=302 error="unexpected status 302"
time=2026-09-24T20:43:08.453+03:00 level=WARN msg="fetch failed" url=https://go.dev/dl/go1.24.3.dragonfly-amd64.tar.gz status=302 error="unexpected status 302"
time=2026-09-24T20:43:08.453+03:00 level=WARN msg="fetch failed" url=https://go.dev/dl/go1.24.3.freebsd-386.tar.gz status=302 error="unexpected status 302"
time=2026-09-24T20:43:08.453+03:00 level=WARN msg="fetch failed" url=https://go.dev/dl/go1.24.3.freebsd-amd64.tar.gz status=302 error="unexpected status 302"
time=2026-09-24T20:43:08.458+03:00 level=WARN msg="fetch failed" url=https://go.dev/dl/go1.24.3.freebsd-arm.tar.gz status=302 error="unexpected status 302"
time=2026-09-24T20:43:08.458+03:00 level=WARN msg="fetch failed" url=https://go.dev/dl/go1.24.3.freebsd-arm64.tar.gz status=302 error="unexpected status 302"
time=2026-09-24T20:43:08.462+03:00 level=WARN msg="fetch failed" url=https://go.dev/dl/go1.24.3.illumos-amd64.tar.gz status=302 error="unexpected status 302"
time=2026-09-24T20:43:08.466+03:00 level=WARN msg="fetch failed" url=https://go.dev/dl/go1.24.3.linux-386.tar.gz status=302 error="unexpected status 302"
time=2026-09-24T20:43:08.466+03:00 level=WARN msg="fetch failed" url=https://go.dev/dl/go1.24.3.freebsd-riscv64.tar.gz status=302 error="unexpected status 302"
time=2026-09-24T20:43:08.496+03:00 level=WARN msg="fetch failed" url=https://go.dev/dl/go1.24.3.linux-amd64.tar.gz status=302 error="unexpected status 302"
time=2026-09-24T20:43:08.612+03:00 level=WARN msg="fetch failed" url=https://go.dev/dl/go1.24.3.linux-arm64.tar.gz status=302 error="unexpected status 302"
time=2026-09-24T20:43:08.612+03:00 level=WARN msg="fetch failed" url=https://go.dev/dl/go1.24.3.linux-armv6l.tar.gz status=302 error="unexpected status 302"
time=2026-09-24T20:43:08.612+03:00 level=WARN msg="fetch failed" url=https://go.dev/dl/go1.24.3.linux-mips.tar.gz status=302 error="unexpected status 302"
time=2026-09-24T20:43:08.612+03:00 level=WARN msg="fetch failed" url=https://go.dev/dl/go1.24.3.linux-loong64.tar.gz status=302 error="unexpected status 302"
time=2026-09-24T20:43:08.619+03:00 level=WARN msg="fetch failed" url=https://go.dev/dl/go1.24.3.linux-mips64.tar.gz status=302 error="unexpected status 302"
time=2026-09-24T20:43:08.619+03:00 level=WARN msg="fetch failed" url=https://go.dev/dl/go1.24.3.linux-mips64le.tar.gz status=302 error="unexpected status 302"
time=2026-09-24T20:43:08.631+03:00 level=WARN msg="fetch failed" url=https://go.dev/dl/go1.24.3.linux-ppc64le.tar.gz status=302 error="unexpected status 302"
time=2026-09-24T20:43:08.632+03:00 level=WARN msg="fetch failed" url=https://go.dev/dl/go1.24.3.linux-ppc64.tar.gz status=302 error="unexpected status 302"
time=2026-09-24T20:43:08.655+03:00 level=WARN msg="fetch failed" url=https://go.dev/dl/go1.24.3.linux-riscv64.tar.gz status=302 error="unexpected status 302"
time=2026-09-24T20:43:08.774+03:00 level=WARN msg="fetch failed" url=https://go.dev/dl/go1.24.3.linux-mipsle.tar.gz status=302 error="unexpected status 302"
time=2026-09-24T20:43:08.995+03:00 level=WARN msg="fetch failed" url=https://go.dev/dl/go1.24.3.netbsd-arm.tar.gz status=302 error="unexpected status 302"
time=2026-09-24T20:43:08.995+03:00 level=WARN msg="fetch failed" url=https://go.dev/dl/go1.24.3.linux-s390x.tar.gz status=302 error="unexpected status 302"
time=2026-09-24T20:43:08.995+03:00 level=WARN msg="fetch failed" url=https://go.dev/dl/go1.24.3.netbsd-amd64.tar.gz status=302 error="unexpected status 302"
time=2026-09-24T20:43:08.995+03:00 level=WARN msg="fetch failed" url=https://go.dev/dl/go1.24.3.openbsd-386.tar.gz status=302 error="unexpected status 302"
time=2026-09-24T20:43:08.996+03:00 level=WARN msg="fetch failed" url=https://go.dev/dl/go1.24.3.openbsd-arm.tar.gz status=302 error="unexpected status 302"
time=2026-09-24T20:43:08.996+03:00 level=WARN msg="fetch failed" url=https://go.dev/dl/go1.24.3.openbsd-amd64.tar.gz status=302 error="unexpected status 302"
time=2026-09-24T20:43:08.996+03:00 level=WARN msg="fetch failed" url=https://go.dev/dl/go1.24.3.netbsd-arm64.tar.gz status=302 error="unexpected status 302"
time=2026-09-24T20:43:08.996+03:00 level=WARN msg="fetch failed" url=https://go.dev/dl/go1.24.3.openbsd-ppc64.tar.gz status=302 error="unexpected status 302"
time=2026-09-24T20:43:08.996+03:00 level=WARN msg="fetch failed" url=https://go.dev/dl/go1.24.3.openbsd-arm64.tar.gz status=302 error="unexpected status 302"
time=2026-09-24T20:43:08.996+03:00 level=WARN msg="fetch failed" url=https://go.dev/dl/go1.24.3.netbsd-386.tar.gz status=302 error="unexpected status 302"
time=2026-09-24T20:43:09.404+03:00 level=WARN msg="fetch failed" url=https://go.dev/dl/go1.24.3.openbsd-riscv64.tar.gz status=302 error="unexpected status 302"
time=2026-09-24T20:43:09.404+03:00 level=WARN msg="fetch failed" url=https://go.dev/dl/go1.24.3.solaris-amd64.tar.gz status=302 error="unexpected status 302"
time=2026-09-24T20:43:09.404+03:00 level=WARN msg="fetch failed" url=https://go.dev/dl/go1.24.3.plan9-386.tar.gz status=302 error="unexpected status 302"
time=2026-09-24T20:43:09.404+03:00 level=WARN msg="fetch failed" url=https://go.dev/dl/go1.24.3.windows-amd64.zip status=302 error="unexpected status 302"
time=2026-09-24T20:43:09.404+03:00 level=WARN msg="fetch failed" url=https://go.dev/dl/go1.24.3.plan9-arm.tar.gz status=302 error="unexpected status 302"
time=2026-09-24T20:43:09.404+03:00 level=WARN msg="fetch failed" url=https://go.dev/dl/go1.24.3.plan9-amd64.tar.gz status=302 error="unexpected status 302"
time=2026-09-24T20:43:09.404+03:00 level=WARN msg="fetch failed" url=https://go.dev/dl/go1.24.3.windows-arm64.zip status=302 error="unexpected status 302"
time=2026-09-24T20:43:09.404+03:00 level=WARN msg="fetch failed" url=https://go.dev/dl/go1.24.3.windows-386.zip status=302 error="unexpected status 302"
time=2026-09-24T20:43:09.404+03:00 level=WARN msg="fetch failed" url=https://go.dev/dl/go1.24.3.windows-386.msi status=302 error="unexpected status 302"
time=2026-09-24T20:43:09.404+03:00 level=WARN msg="fetch failed" url=https://go.dev/dl/go1.24.3.windows-amd64.msi status=302 error="unexpected status 302"
time=2026-09-24T20:43:09.609+03:00 level=WARN msg="fetch failed" url=https://go.dev/dl/go1.24.3.windows-arm64.msi status=302 error="unexpected status 302"
time=2026-09-24T20:43:09.610+03:00 level=WARN msg="fetch failed" url=https://go.dev/dl/go1.24.2.darwin-arm64.tar.gz status=302 error="unexpected status 302"
time=2026-09-24T20:43:09.610+03:00 level=WARN msg="fetch failed" url=https://go.dev/dl/go1.24.2.src.tar.gz status=302 error="unexpected status 302"
time=2026-09-24T20:43:09.610+03:00 level=WARN msg="fetch failed" url=https://go.dev/dl/go1.24.2.darwin-arm64.pkg status=302 error="unexpected status 302"
time=2026-09-24T20:43:09.610+03:00 level=WARN msg="fetch failed" url=https://go.dev/dl/go1.24.2.darwin-amd64.tar.gz status=302 error="unexpected status 302"
time=2026-09-24T20:43:09.610+03:00 level=WARN msg="fetch failed" url=https://go.dev/dl/go1.24.2.dragonfly-amd64.tar.gz status=302 error="unexpected status 302"
time=2026-09-24T20:43:09.610+03:00 level=WARN msg="fetch failed" url=https://go.dev/dl/go1.24.2.freebsd-amd64.tar.gz status=302 error="unexpected status 302"
time=2026-09-24T20:43:09.610+03:00 level=WARN msg="fetch failed" url=https://go.dev/dl/go1.24.2.aix-ppc64.tar.gz status=302 error="unexpected status 302"
time=2026-09-24T20:43:09.610+03:00 level=WARN msg="fetch failed" url=https://go.dev/dl/go1.24.2.darwin-amd64.pkg status=302 error="unexpected status 302"
time=2026-09-24T20:43:09.610+03:00 level=WARN msg="fetch failed" url=https://go.dev/dl/go1.24.2.freebsd-386.tar.gz status=302 error="unexpected status 302"
time=2026-09-24T20:43:09.804+03:00 level=WARN msg="fetch failed" url=https://go.dev/dl/go1.24.2.freebsd-arm.tar.gz status=302 error="unexpected status 302"
time=2026-09-24T20:43:09.908+03:00 level=WARN msg="fetch failed" url=https://go.dev/dl/go1.24.2.illumos-amd64.tar.gz status=302 error="unexpected status 302"
time=2026-09-24T20:43:09.908+03:00 level=WARN msg="fetch failed" url=https://go.dev/dl/go1.24.2.freebsd-riscv64.tar.gz status=302 error="unexpected status 302"
time=2026-09-24T20:43:09.909+03:00 level=WARN msg="fetch failed" url=https://go.dev/dl/go1.24.2.linux-mips.tar.gz status=302 error="unexpected status 302"
time=2026-09-24T20:43:09.909+03:00 level=WARN msg="fetch failed" url=https://go.dev/dl/go1.24.2.freebsd-arm64.tar.gz status=302 error="unexpected status 302"
time=2026-09-24T20:43:09.909+03:00 level=WARN msg="fetch failed" url=https://go.dev/dl/go1.24.2.linux-386.tar.gz status=302 error="unexpected status 302"
time=2026-09-24T20:43:09.909+03:00 level=WARN msg="fetch failed" url=https://go.dev/dl/go1.24.2.linux-arm64.tar.gz status=302 error="unexpected status 302"
time=2026-09-24T20:43:09.909+03:00 level=WARN msg="fetch failed" url=https://go.dev/dl/go1.24.2.linux-amd64.tar.gz status=302 error="unexpected status 302"
time=2026-09-24T20:43:09.909+03:00 level=WARN msg="fetch failed" url=https://go.dev/dl/go1.24.2.linux-loong64.tar.gz status=302 error="unexpected status 302"
time=2026-09-24T20:43:09.909+03:00 level=WARN msg="fetch failed" url=https://go.dev/dl/go1.24.2.linux-armv6l.tar.gz status=302 error="unexpected status 302"
time=2026-09-24T20:43:10.122+03:00 level=WARN msg="fetch failed" url=https://go.dev/dl/go1.24.2.linux-mips64.tar.gz status=302 error="unexpected status 302"
time=2026-09-24T20:43:10.122+03:00 level=WARN msg="fetch failed" url=https://go.dev/dl/go1.24.2.linux-ppc64le.tar.gz status=302 error="unexpected status 302"
time=2026-09-24T20:43:10.122+03:00 level=WARN msg="fetch failed" url=https://go.dev/dl/go1.24.2.netbsd-arm.tar.gz status=302 error="unexpected status 302"
time=2026-09-24T20:43:10.123+03:00 level=WARN msg="fetch failed" url=https://go.dev/dl/go1.24.2.linux-mipsle.tar.gz status=302 error="unexpected status 302"
time=2026-09-24T20:43:10.123+03:00 level=WARN msg="fetch failed" url=https://go.dev/dl/go1.24.2.linux-riscv64.tar.gz status=302 error="unexpected status 302"
time=2026-09-24T20:43:10.123+03:00 level=WARN msg="fetch failed" url=https://go.dev/dl/go1.24.2.netbsd-386.tar.gz status=302 error="unexpected status 302"
time=2026-09-24T20:43:10.123+03:00 level=WARN msg="fetch failed" url=https://go.dev/dl/go1.24.2.netbsd-amd64.tar.gz status=302 error="unexpected status 302"
time=2026-09-24T20:43:10.123+03:00 level=WARN msg="fetch failed" url=https://go.dev/dl/go1.24.2.linux-mips64le.tar.gz status=302 error="unexpected status 302"
time=2026-09-24T20:43:10.326+03:00 level=WARN msg="fetch failed" url=https://go.dev/dl/go1.24.2.openbsd-amd64.tar.gz status=302 error="unexpected status 302"
time=2026-09-24T20:43:10.326+03:00 level=WARN msg="fetch failed" url=https://go.dev/dl/go1.24.2.openbsd-386.tar.gz status=302 error="unexpected status 302"
time=2026-09-24T20:43:10.326+03:00 level=WARN msg="fetch failed" url=https://go.dev/dl/go1.24.2.openbsd-ppc64.tar.gz status=302 error="unexpected status 302"
time=2026-09-24T20:43:10.326+03:00 level=WARN msg="fetch failed" url=https://go.dev/dl/go1.24.2.openbsd-riscv64.tar.gz status=302 error="unexpected status 302"
time=2026-09-24T20:43:10.326+03:00 level=WARN msg="fetch failed" url=https://go.dev/dl/go1.24.2.plan9-386.tar.gz status=302 error="unexpected status 302"
time=2026-09-24T20:43:10.326+03:00 level=WARN msg="fetch failed" url=https://go.dev/dl/go1.24.2.openbsd-arm.tar.gz status=302 error="unexpected status 302"
time=2026-09-24T20:43:10.326+03:00 level=WARN msg="fetch failed" url=https://go.dev/dl/go1.24.2.netbsd-arm64.tar.gz status=302 error="unexpected status 302"
time=2026-09-24T20:43:10.531+03:00 level=WARN msg="fetch failed" url=https://go.dev/dl/go1.24.2.plan9-amd64.tar.gz status=302 error="unexpected status 302"
time=2026-09-24T20:43:10.531+03:00 level=WARN msg="fetch failed" url=https://go.dev/dl/go1.24.2.windows-386.msi status=302 error="unexpected status 302"
time=2026-09-24T20:43:10.531+03:00 level=WARN msg="fetch failed" url=https://go.dev/dl/go1.24.2.solaris-amd64.tar.gz status=302 error="unexpected status 302"
time=2026-09-24T20:43:10.531+03:00 level=WARN msg="fetch failed" url=https://go.dev/dl/go1.24.2.windows-amd64.zip status=302 error="unexpected status 302"
time=2026-09-24T20:43:10.531+03:00 level=WARN msg="fetch failed" url=https://go.dev/dl/go1.24.2.plan9-arm.tar.gz status=302 error="unexpected status 302"
time=2026-09-24T20:43:10.531+03:00 level=WARN msg="fetch failed" url=https://go.dev/dl/go1.24.2.windows-386.zip status=302 error="unexpected status 302"
time=2026-09-24T20:43:10.532+03:00 level=WARN msg="fetch failed" url=https://go.dev/dl/go1.24.2.windows-amd64.msi status=302 error="unexpected status 302"
time=2026-09-24T20:43:10.532+03:00 level=WARN msg="fetch failed" url=https://go.dev/dl/go1.24.2.linux-ppc64.tar.gz status=302 error="unexpected status 302"
time=2026-09-24T20:43:10.532+03:00 level=WARN msg="fetch failed" url=https://go.dev/dl/go1.24.2.linux-s390x.tar.gz status=302 error="unexpected status 302"
time=2026-09-24T20:43:10.635+03:00 level=WARN msg="fetch failed" url=https://go.dev/dl/go1.24.2.openbsd-arm64.tar.gz status=302 error="unexpected status 302"
time=2026-09-24T20:43:10.736+03:00 level=WARN msg="fetch failed" url=https://go.dev/dl/go1.24.2.windows-arm64.zip status=302 error="unexpected status 302"
time=2026-09-24T20:43:10.736+03:00 level=WARN msg="fetch failed" url=https://go.dev/dl/go1.24.1.darwin-arm64.pkg status=302 error="unexpected status 302"
time=2026-09-24T20:43:10.736+03:00 level=WARN msg="fetch failed" url=https://go.dev/dl/go1.24.1.darwin-arm64.tar.gz status=302 error="unexpected status 302"
time=2026-09-24T20:43:10.736+03:00 level=WARN msg="fetch failed" url=https://go.dev/dl/go1.24.1.src.tar.gz status=302 error="unexpected status 302"
time=2026-09-24T20:43:10.736+03:00 level=WARN msg="fetch failed" url=https://go.dev/dl/go1.24.1.darwin-amd64.tar.gz status=302 error="unexpected status 302"
time=2026-09-24T20:43:10.736+03:00 level=WARN msg="fetch failed" url=https://go.dev/dl/go1.24.1.darwin-amd64.pkg status=302 error="unexpected status 302"
time=2026-09-24T20:43:10.736+03:00 level=WARN msg="fetch failed" url=https://go.dev/dl/go1.24.1.dragonfly-amd64.tar.gz status=302 error="unexpected status 302"
time=2026-09-24T20:43:10.736+03:00 level=WARN msg="fetch failed" url=https://go.dev/dl/go1.24.2.windows-arm64.msi status=302 error="unexpected status 302"
time=2026-09-24T20:43:10.736+03:00 level=WARN msg="fetch failed" url=https://go.dev/dl/go1.24.1.aix-ppc64.tar.gz status=302 error="unexpected status 302"
time=2026-09-24T20:43:10.838+03:00 level=WARN msg="fetch failed" url=https://go.dev/dl/go1.24.1.freebsd-386.tar.gz status=302 error="unexpected status 302"
time=2026-09-24T20:43:10.936+03:00 level=WARN msg="fetch failed" url=https://go.dev/dl/go1.24.1.linux-arm64.tar.gz status=302 error="unexpected status 302"
time=2026-09-24T20:43:10.937+03:00 level=WARN msg="fetch failed" url=https://go.dev/dl/go1.24.1.freebsd-arm64.tar.gz status=302 error="unexpected status 302"
time=2026-09-24T20:43:10.937+03:00 level=WARN msg="fetch failed" url=https://go.dev/dl/go1.24.1.freebsd-riscv64.tar.gz status=302 error="unexpected status 302"
time=2026-09-24T20:43:10.937+03:00 level=WARN msg="fetch failed" url=https://go.dev/dl/go1.24.1.linux-386.tar.gz status=302 error="unexpected status 302"
time=2026-09-24T20:43:10.937+03:00 level=WARN msg="fetch failed" url=https://go.dev/dl/go1.24.1.illumos-amd64.tar.gz status=302 error="unexpected status 302"
time=2026-09-24T20:43:10.937+03:00 level=WARN msg="fetch failed" url=https://go.dev/dl/go1.24.1.freebsd-arm.tar.gz status=302 error="unexpected status 302"
time=2026-09-24T20:43:10.937+03:00 level=WARN msg="fetch failed" url=https://go.dev/dl/go1.24.1.linux-armv6l.tar.gz status=302 error="unexpected status 302"
time=2026-09-24T20:43:10.937+03:00 level=WARN msg="fetch failed" url=https://go.dev/dl/go1.24.1.linux-amd64.tar.gz status=302 error="unexpected status 302"
time=2026-09-24T20:43:11.247+03:00 level=WARN msg="fetch failed" url=https://go.dev/dl/go1.24.1.linux-loong64.tar.gz status=302 error="unexpected status 302"
time=2026-09-24T20:43:11.247+03:00 level=WARN msg="fetch failed" url=https://go.dev/dl/go1.24.1.linux-mips64le.tar.gz status=302 error="unexpected status 302"
time=2026-09-24T20:43:11.247+03:00 level=WARN msg="fetch failed" url=https://go.dev/dl/go1.24.1.linux-ppc64le.tar.gz status=302 error="unexpected status 302"
time=2026-09-24T20:43:11.247+03:00 level=WARN msg="fetch failed" url=https://go.dev/dl/go1.24.1.linux-ppc64.tar.gz status=302 error="unexpected status 302"
time=2026-09-24T20:43:11.247+03:00 level=WARN msg="fetch failed" url=https://go.dev/dl/go1.24.1.linux-mips.tar.gz status=302 error="unexpected status 302"
time=2026-09-24T20:43:11.248+03:00 level=WARN msg="fetch failed" url=https://go.dev/dl/go1.24.1.linux-riscv64.tar.gz status=302 error="unexpected status 302"
time=2026-09-24T20:43:11.248+03:00 level=WARN msg="fetch failed" url=https://go.dev/dl/go1.24.1.linux-mips64.tar.gz status=302 error="unexpected status 302"
time=2026-09-24T20:43:11.248+03:00 level=WARN msg="fetch failed" url=https://go.dev/dl/go1.24.1.linux-s390x.tar.gz status=302 error="unexpected status 302"
time=2026-09-24T20:43:11.248+03:00 level=WARN msg="fetch failed" url=https://go.dev/dl/go1.24.1.linux-mipsle.tar.gz status=302 error="unexpected status 302"
time=2026-09-24T20:43:11.248+03:00 level=WARN msg="fetch failed" url=https://go.dev/dl/go1.24.1.freebsd-amd64.tar.gz status=302 error="unexpected status 302"
time=2026-09-24T20:43:11.964+03:00 level=WARN msg="fetch failed" url=https://go.dev/dl/go1.24.1.netbsd-386.tar.gz status=302 error="unexpected status 302"
time=2026-09-24T20:43:11.964+03:00 level=WARN msg="fetch failed" url=https://go.dev/dl/go1.24.1.openbsd-amd64.tar.gz status=302 error="unexpected status 302"
time=2026-09-24T20:43:11.964+03:00 level=WARN msg="fetch failed" url=https://go.dev/dl/go1.24.1.netbsd-arm.tar.gz status=302 error="unexpected status 302"
time=2026-09-24T20:43:11.964+03:00 level=WARN msg="fetch failed" url=https://go.dev/dl/go1.24.1.openbsd-riscv64.tar.gz status=302 error="unexpected status 302"
time=2026-09-24T20:43:11.964+03:00 level=WARN msg="fetch failed" url=https://go.dev/dl/go1.24.1.netbsd-amd64.tar.gz status=302 error="unexpected status 302"
time=2026-09-24T20:43:11.964+03:00 level=WARN msg="fetch failed" url=https://go.dev/dl/go1.24.1.openbsd-ppc64.tar.gz status=302 error="unexpected status 302"
time=2026-09-24T20:43:11.964+03:00 level=WARN msg="fetch failed" url=https://go.dev/dl/go1.24.1.openbsd-arm.tar.gz status=302 error="unexpected status 302"
time=2026-09-24T20:43:11.964+03:00 level=WARN msg="fetch failed" url=https://go.dev/dl/go1.24.1.openbsd-arm64.tar.gz status=302 error="unexpected status 302"
time=2026-09-24T20:43:11.964+03:00 level=WARN msg="fetch failed" url=https://go.dev/dl/go1.24.1.netbsd-arm64.tar.gz status=302 error="unexpected status 302"
time=2026-09-24T20:43:11.964+03:00 level=WARN msg="fetch failed" url=https://go.dev/dl/go1.24.1.openbsd-386.tar.gz status=302 error="unexpected status 302"
time=2026-09-24T20:43:12.167+03:00 level=WARN msg="fetch failed" url=https://go.dev/dl/go1.24.1.plan9-386.tar.gz status=302 error="unexpected status 302"
time=2026-09-24T20:43:12.167+03:00 level=WARN msg="fetch failed" url=https://go.dev/dl/go1.24.1.windows-arm64.msi status=302 error="unexpected status 302"
time=2026-09-24T20:43:12.167+03:00 level=WARN msg="fetch failed" url=https://go.dev/dl/go1.24.1.windows-amd64.msi status=302 error="unexpected status 302"
time=2026-09-24T20:43:12.167+03:00 level=WARN msg="fetch failed" url=https://go.dev/dl/go1.24.1.windows-386.zip status=302 error="unexpected status 302"
time=2026-09-24T20:43:12.167+03:00 level=WARN msg="fetch failed" url=https://go.dev/dl/go1.24.1.plan9-amd64.tar.gz status=302 error="unexpected status 302"
time=2026-09-24T20:43:12.167+03:00 level=WARN msg="fetch failed" url=https://go.dev/dl/go1.24.1.plan9-arm.tar.gz status=302 error="unexpected status 302"
time=2026-09-24T20:43:12.167+03:00 level=WARN msg="fetch failed" url=https://go.dev/dl/go1.24.1.solaris-amd64.tar.gz status=302 error="unexpected status 302"
time=2026-09-24T20:43:12.167+03:00 level=WARN msg="fetch failed" url=https://go.dev/dl/go1.24.1.windows-386.msi status=302 error="unexpected status 302"
time=2026-09-24T20:43:12.167+03:00 level=WARN msg="fetch failed" url=https://go.dev/dl/go1.24.1.windows-arm64.zip status=302 error="unexpected status 302"
time=2026-09-24T20:43:12.167+03:00 level=WARN msg="fetch failed" url=https://go.dev/dl/go1.24.1.windows-amd64.zip status=302 error="unexpected status 302"
time=2026-09-24T20:43:12.374+03:00 level=WARN msg="fetch failed" url=https://go.dev/dl/go1.24.0.darwin-amd64.tar.gz status=302 error="unexpected status 302"
time=2026-09-24T20:43:12.374+03:00 level=WARN msg="fetch failed" url=https://go.dev/dl/go1.24.0.darwin-arm64.tar.gz status=302 error="unexpected status 302"
time=2026-09-24T20:43:12.374+03:00 level=WARN msg="fetch failed" url=https://go.dev/dl/go1.24.0.dragonfly-amd64.tar.gz status=302 error="unexpected status 302"
time=2026-09-24T20:43:12.374+03:00 level=WARN msg="fetch failed" url=https://go.dev/dl/go1.24.0.aix-ppc64.tar.gz status=302 error="unexpected status 302"
time=2026-09-24T20:43:12.374+03:00 level=WARN msg="fetch failed" url=https://go.dev/dl/go1.24.0.src.tar.gz status=302 error="unexpected status 302"
time=2026-09-24T20:43:12.374+03:00 level=WARN msg="fetch failed" url=https://go.dev/dl/go1.24.0.darwin-amd64.pkg status=302 error="unexpected status 302"
time=2026-09-24T20:43:12.374+03:00 level=WARN msg="fetch failed" url=https://go.dev/dl/go1.24.0.freebsd-386.tar.gz status=302 error="unexpected status 302"
time=2026-09-24T20:43:12.375+03:00 level=WARN msg="fetch failed" url=https://go.dev/dl/go1.24.0.darwin-arm64.pkg status=302 error="unexpected status 302"
time=2026-09-24T20:43:12.375+03:00 level=WARN msg="fetch failed" url=https://go.dev/dl/go1.24.0.freebsd-amd64.tar.gz status=302 error="unexpected status 302"
time=2026-09-24T20:43:12.375+03:00 level=WARN msg="fetch failed" url=https://go.dev/dl/go1.24.0.freebsd-arm.tar.gz status=302 error="unexpected status 302"
time=2026-09-24T20:43:12.800+03:00 level=WARN msg="fetch failed" url=https://go.dev/dl/go1.24.0.freebsd-arm64.tar.gz status=302 error="unexpected status 302"
time=2026-09-24T20:43:12.800+03:00 level=WARN msg="fetch failed" url=https://go.dev/dl/go1.24.0.linux-amd64.tar.gz status=302 error="unexpected status 302"
time=2026-09-24T20:43:12.800+03:00 level=WARN msg="fetch failed" url=https://go.dev/dl/go1.24.0.linux-arm64.tar.gz status=302 error="unexpected status 302"
time=2026-09-24T20:43:12.800+03:00 level=WARN msg="fetch failed" url=https://go.dev/dl/go1.24.0.illumos-amd64.tar.gz status=302 error="unexpected status 302"
time=2026-09-24T20:43:12.800+03:00 level=WARN msg="fetch failed" url=https://go.dev/dl/go1.24.0.linux-mips64.tar.gz status=302 error="unexpected status 302"
time=2026-09-24T20:43:12.801+03:00 level=WARN msg="fetch failed" url=https://go.dev/dl/go1.24.0.freebsd-riscv64.tar.gz status=302 error="unexpected status 302"
time=2026-09-24T20:43:12.801+03:00 level=WARN msg="fetch failed" url=https://go.dev/dl/go1.24.0.linux-loong64.tar.gz status=302 error="unexpected status 302"
time=2026-09-24T20:43:12.801+03:00 level=WARN msg="fetch failed" url=https://go.dev/dl/go1.24.0.linux-armv6l.tar.gz status=302 error="unexpected status 302"
time=2026-09-24T20:43:12.801+03:00 level=WARN msg="fetch failed" url=https://go.dev/dl/go1.24.0.linux-mips.tar.gz status=302 error="unexpected status 302"
time=2026-09-24T20:43:12.801+03:00 level=WARN msg="fetch failed" url=https://go.dev/dl/go1.24.0.linux-386.tar.gz status=302 error="unexpected status 302"
time=2026-09-24T20:43:12.988+03:00 level=WARN msg="fetch failed" url=https://go.dev/dl/go1.24.0.linux-riscv64.tar.gz status=302 error="unexpected status 302"
time=2026-09-24T20:43:12.988+03:00 level=WARN msg="fetch failed" url=https://go.dev/dl/go1.24.0.netbsd-arm.tar.gz status=302 error="unexpected status 302"
time=2026-09-24T20:43:12.988+03:00 level=WARN msg="fetch failed" url=https://go.dev/dl/go1.24.0.linux-ppc64.tar.gz status=302 error="unexpected status 302"
time=2026-09-24T20:43:12.988+03:00 level=WARN msg="fetch failed" url=https://go.dev/dl/go1.24.0.netbsd-386.tar.gz status=302 error="unexpected status 302"
time=2026-09-24T20:43:12.988+03:00 level=WARN msg="fetch failed" url=https://go.dev/dl/go1.24.0.linux-ppc64le.tar.gz status=302 error="unexpected status 302"
time=2026-09-24T20:43:12.988+03:00 level=WARN msg="fetch failed" url=https://go.dev/dl/go1.24.0.linux-s390x.tar.gz status=302 error="unexpected status 302"
time=2026-09-24T20:43:12.989+03:00 level=WARN msg="fetch failed" url=https://go.dev/dl/go1.24.0.linux-mips64le.tar.gz status=302 error="unexpected status 302"
time=2026-09-24T20:43:13.091+03:00 level=WARN msg="fetch failed" url=https://go.dev/dl/go1.24.0.netbsd-arm64.tar.gz status=302 error="unexpected status 302"
time=2026-09-24T20:43:13.091+03:00 level=WARN msg="fetch failed" url=https://go.dev/dl/go1.24.0.linux-mipsle.tar.gz status=302 error="unexpected status 302"
time=2026-09-24T20:43:13.116+03:00 level=WARN msg="fetch failed" url=https://go.dev/dl/go1.24.0.netbsd-amd64.tar.gz status=302 error="unexpected status 302"
time=2026-09-24T20:43:13.296+03:00 level=WARN msg="fetch failed" url=https://go.dev/dl/go1.24.0.openbsd-arm64.tar.gz status=302 error="unexpected status 302"
time=2026-09-24T20:43:13.297+03:00 level=WARN msg="fetch failed" url=https://go.dev/dl/go1.24.0.openbsd-amd64.tar.gz status=302 error="unexpected status 302"
time=2026-09-24T20:43:13.297+03:00 level=WARN msg="fetch failed" url=https://go.dev/dl/go1.24.0.openbsd-riscv64.tar.gz status=302 error="unexpected status 302"
time=2026-09-24T20:43:13.502+03:00 level=WARN msg="fetch failed" url=https://go.dev/dl/go1.24.0.openbsd-386.tar.gz status=302 error="unexpected status 302"
time=2026-09-24T20:43:13.502+03:00 level=WARN msg="fetch failed" url=https://go.dev/dl/go1.24.0.plan9-386.tar.gz status=302 error="unexpected status 302"
time=2026-09-24T20:43:13.503+03:00 level=WARN msg="fetch failed" url=https://go.dev/dl/go1.24.0.windows-amd64.zip status=302 error="unexpected status 302"
time=2026-09-24T20:43:13.503+03:00 level=WARN msg="fetch failed" url=https://go.dev/dl/go1.24.0.plan9-amd64.tar.gz status=302 error="unexpected status 302"
time=2026-09-24T20:43:13.502+03:00 level=WARN msg="fetch failed" url=https://go.dev/dl/go1.24.0.openbsd-arm.tar.gz status=302 error="unexpected status 302"
time=2026-09-24T20:43:13.502+03:00 level=WARN msg="fetch failed" url=https://go.dev/dl/go1.24.0.windows-386.msi status=302 error="unexpected status 302"
time=2026-09-24T20:43:13.502+03:00 level=WARN msg="fetch failed" url=https://go.dev/dl/go1.24.0.plan9-arm.tar.gz status=302 error="unexpected status 302"
time=2026-09-24T20:43:13.503+03:00 level=WARN msg="fetch failed" url=https://go.dev/dl/go1.24.0.openbsd-ppc64.tar.gz status=302 error="unexpected status 302"
time=2026-09-24T20:43:13.502+03:00 level=WARN msg="fetch failed" url=https://go.dev/dl/go1.24.0.solaris-amd64.tar.gz status=302 error="unexpected status 302"
time=2026-09-24T20:43:13.503+03:00 level=WARN msg="fetch failed" url=https://go.dev/dl/go1.24.0.windows-386.zip status=302 error="unexpected status 302"
time=2026-09-24T20:43:13.654+03:00 level=WARN msg="fetch failed" url=https://go.dev/dl/go1.24.0.windows-amd64.msi status=302 error="unexpected status 302"
time=2026-09-24T20:43:13.707+03:00 level=WARN msg="fetch failed" url=https://go.dev/dl/go1.23.12.src.tar.gz status=302 error="unexpected status 302"
time=2026-09-24T20:43:13.708+03:00 level=WARN msg="fetch failed" url=https://go.dev/dl/go1.23.12.darwin-arm64.tar.gz status=302 error="unexpected status 302"
time=2026-09-24T20:43:13.708+03:00 level=WARN msg="fetch failed" url=https://go.dev/dl/go1.23.12.darwin-arm64.pkg status=302 error="unexpected status 302"
time=2026-09-24T20:43:13.708+03:00 level=WARN msg="fetch failed" url=https://go.dev/dl/go1.24.0.windows-arm64.msi status=302 error="unexpected status 302"
time=2026-09-24T20:43:13.708+03:00 level=WARN msg="fetch failed" url=https://go.dev/dl/go1.23.12.aix-ppc64.tar.gz status=302 error="unexpected status 302"
time=2026-09-24T20:43:13.707+03:00 level=WARN msg="fetch failed" url=https://go.dev/dl/go1.23.12.darwin-amd64.tar.gz status=302 error="unexpected status 302"
time=2026-09-24T20:43:13.708+03:00 level=WARN msg="fetch failed" url=https://go.dev/dl/go1.23.12.darwin-amd64.pkg status=302 error="unexpected status 302"
time=2026-09-24T20:43:13.808+03:00 level=WARN msg="fetch failed" url=https://go.dev/dl/go1.23.12.dragonfly-amd64.tar.gz status=302 error="unexpected status 302"
time=2026-09-24T20:43:13.808+03:00 level=WARN msg="fetch failed" url=https://go.dev/dl/go1.23.12.freebsd-386.tar.gz status=302 error="unexpected status 302"
time=2026-09-24T20:43:13.808+03:00 level=WARN msg="fetch failed" url=https://go.dev/dl/go1.24.0.windows-arm64.zip status=302 error="unexpected status 302"
time=2026-09-24T20:43:14.338+03:00 level=WARN msg="fetch failed" url=https://go.dev/dl/go1.23.12.freebsd-amd64.tar.gz status=302 error="unexpected status 302"
time=2026-09-24T20:43:14.338+03:00 level=WARN msg="fetch failed" url=https://go.dev/dl/go1.23.12.freebsd-arm.tar.gz status=302 error="unexpected status 302"
time=2026-09-24T20:43:14.338+03:00 level=WARN msg="fetch failed" url=https://go.dev/dl/go1.23.12.linux-amd64.tar.gz status=302 error="unexpected status 302"
time=2026-09-24T20:43:14.338+03:00 level=WARN msg="fetch failed" url=https://go.dev/dl/go1.23.12.linux-386.tar.gz status=302 error="unexpected status 302"
time=2026-09-24T20:43:14.338+03:00 level=WARN msg="fetch failed" url=https://go.dev/dl/go1.23.12.freebsd-arm64.tar.gz status=302 error="unexpected status 302"
time=2026-09-24T20:43:14.339+03:00 level=WARN msg="fetch failed" url=https://go.dev/dl/go1.23.12.linux-arm64.tar.gz status=302 error="unexpected status 302"
time=2026-09-24T20:43:14.339+03:00 level=WARN msg="fetch failed" url=https://go.dev/dl/go1.23.12.freebsd-riscv64.tar.gz status=302 error="unexpected status 302"
time=2026-09-24T20:43:14.339+03:00 level=WARN msg="fetch failed" url=https://go.dev/dl/go1.23.12.illumos-amd64.tar.gz status=302 error="unexpected status 302"
time=2026-09-24T20:43:14.339+03:00 level=WARN msg="fetch failed" url=https://go.dev/dl/go1.23.12.linux-loong64.tar.gz status=302 error="unexpected status 302"
time=2026-09-24T20:43:14.339+03:00 level=WARN msg="fetch failed" url=https://go.dev/dl/go1.23.12.linux-armv6l.tar.gz status=302 error="unexpected status 302"
time=2026-09-24T20:43:14.525+03:00 level=WARN msg="fetch failed" url=https://go.dev/dl/go1.23.12.linux-mipsle.tar.gz status=302 error="unexpected status 302"
time=2026-09-24T20:43:14.525+03:00 level=WARN msg="fetch failed" url=https://go.dev/dl/go1.23.12.linux-ppc64le.tar.gz status=302 error="unexpected status 302"
time=2026-09-24T20:43:14.525+03:00 level=WARN msg="fetch failed" url=https://go.dev/dl/go1.23.12.linux-mips.tar.gz status=302 error="unexpected status 302"
time=2026-09-24T20:43:14.525+03:00 level=WARN msg="fetch failed" url=https://go.dev/dl/go1.23.12.linux-ppc64.tar.gz status=302 error="unexpected status 302"
time=2026-09-24T20:43:14.525+03:00 level=WARN msg="fetch failed" url=https://go.dev/dl/go1.23.12.linux-mips64le.tar.gz status=302 error="unexpected status 302"
time=2026-09-24T20:43:14.525+03:00 level=WARN msg="fetch failed" url=https://go.dev/dl/go1.23.12.netbsd-386.tar.gz status=302 error="unexpected status 302"
time=2026-09-24T20:43:14.525+03:00 level=WARN msg="fetch failed" url=https://go.dev/dl/go1.23.12.linux-mips64.tar.gz status=302 error="unexpected status 302"
time=2026-09-24T20:43:14.526+03:00 level=WARN msg="fetch failed" url=https://go.dev/dl/go1.23.12.netbsd-amd64.tar.gz status=302 error="unexpected status 302"
time=2026-09-24T20:43:14.627+03:00 level=WARN msg="fetch failed" url=https://go.dev/dl/go1.23.12.linux-riscv64.tar.gz status=302 error="unexpected status 302"
time=2026-09-24T20:43:14.939+03:00 level=WARN msg="fetch failed" url=https://go.dev/dl/go1.23.12.linux-s390x.tar.gz status=302 error="unexpected status 302"
time=2026-09-24T20:43:14.939+03:00 level=WARN msg="fetch failed" url=https://go.dev/dl/go1.23.12.netbsd-arm.tar.gz status=302 error="unexpected status 302"
time=2026-09-24T20:43:14.939+03:00 level=WARN msg="fetch failed" url=https://go.dev/dl/go1.23.12.openbsd-arm64.tar.gz status=302 error="unexpected status 302"
time=2026-09-24T20:43:14.939+03:00 level=WARN msg="fetch failed" url=https://go.dev/dl/go1.23.12.openbsd-386.tar.gz status=302 error="unexpected status 302"
time=2026-09-24T20:43:14.939+03:00 level=WARN msg="fetch failed" url=https://go.dev/dl/go1.23.12.openbsd-ppc64.tar.gz status=302 error="unexpected status 302"
time=2026-09-24T20:43:14.939+03:00 level=WARN msg="fetch failed" url=https://go.dev/dl/go1.23.12.plan9-386.tar.gz status=302 error="unexpected status 302"
time=2026-09-24T20:43:14.939+03:00 level=WARN msg="fetch failed" url=https://go.dev/dl/go1.23.12.openbsd-amd64.tar.gz status=302 error="unexpected status 302"
time=2026-09-24T20:43:14.939+03:00 level=WARN msg="fetch failed" url=https://go.dev/dl/go1.23.12.netbsd-arm64.tar.gz status=302 error="unexpected status 302"
time=2026-09-24T20:43:14.939+03:00 level=WARN msg="fetch failed" url=https://go.dev/dl/go1.23.12.openbsd-riscv64.tar.gz status=302 error="unexpected status 302"
time=2026-09-24T20:43:14.939+03:00 level=WARN msg="fetch failed" url=https://go.dev/dl/go1.23.12.openbsd-arm.tar.gz status=302 error="unexpected status 302"
time=2026-09-24T20:43:15.138+03:00 level=WARN msg="fetch failed" url=https://go.dev/dl/go1.23.12.plan9-amd64.tar.gz status=302 error="unexpected status 302"
time=2026-09-24T20:43:15.138+03:00 level=WARN msg="fetch failed" url=https://go.dev/dl/go1.23.12.plan9-arm.tar.gz status=302 error="unexpected status 302"
time=2026-09-24T20:43:15.139+03:00 level=WARN msg="fetch failed" url=https://go.dev/dl/go1.23.12.windows-arm.zip status=302 error="unexpected status 302"
time=2026-09-24T20:43:15.139+03:00 level=WARN msg="fetch failed" url=https://go.dev/dl/go1.23.12.windows-386.zip status=302 error="unexpected status 302"
time=2026-09-24T20:43:15.139+03:00 level=WARN msg="fetch failed" url=https://go.dev/dl/go1.23.12.windows-amd64.msi status=302 error="unexpected status 302"
time=2026-09-24T20:43:15.138+03:00 level=WARN msg="fetch failed" url=https://go.dev/dl/go1.23.12.solaris-amd64.tar.gz status=302 error="unexpected status 302"
time=2026-09-24T20:43:15.139+03:00 level=WARN msg="fetch failed" url=https://go.dev/dl/go1.23.12.windows-amd64.zip status=302 error="unexpected status 302"
time=2026-09-24T20:43:15.139+03:00 level=WARN msg="fetch failed" url=https://go.dev/dl/go1.23.12.windows-arm64.zip status=302 error="unexpected status 302"
time=2026-09-24T20:43:15.139+03:00 level=WARN msg="fetch failed" url=https://go.dev/dl/go1.23.12.windows-386.msi status=302 error="unexpected status 302"
time=2026-09-24T20:43:15.139+03:00 level=WARN msg="fetch failed" url=https://go.dev/dl/go1.23.12.windows-arm.msi status=302 error="unexpected status 302"
time=2026-09-24T20:43:15.343+03:00 level=WARN msg="fetch failed" url=https://go.dev/dl/go1.23.12.windows-arm64.msi status=302 error="unexpected status 302"
time=2026-09-24T20:43:15.344+03:00 level=WARN msg="fetch failed" url=https://go.dev/dl/go1.23.11.darwin-amd64.tar.gz status=302 error="unexpected status 302"
time=2026-09-24T20:43:15.344+03:00 level=WARN msg="fetch failed" url=https://go.dev/dl/go1.23.11.dragonfly-amd64.tar.gz status=302 error="unexpected status 302"
time=2026-09-24T20:43:15.344+03:00 level=WARN msg="fetch failed" url=https://go.dev/dl/go1.23.11.freebsd-386.tar.gz status=302 error="unexpected status 302"
time=2026-09-24T20:43:15.344+03:00 level=WARN msg="fetch failed" url=https://go.dev/dl/go1.23.11.darwin-arm64.pkg status=302 error="unexpected status 302"
time=2026-09-24T20:43:15.344+03:00 level=WARN msg="fetch failed" url=https://go.dev/dl/go1.23.11.freebsd-amd64.tar.gz status=302 error="unexpected status 302"
time=2026-09-24T20:43:15.344+03:00 level=WARN msg="fetch failed" url=https://go.dev/dl/go1.23.11.aix-ppc64.tar.gz status=302 error="unexpected status 302"
time=2026-09-24T20:43:15.344+03:00 level=WARN msg="fetch failed" url=https://go.dev/dl/go1.23.11.src.tar.gz status=302 error="unexpected status 302"
time=2026-09-24T20:43:15.344+03:00 level=WARN msg="fetch failed" url=https://go.dev/dl/go1.23.11.darwin-amd64.pkg status=302 error="unexpected status 302"
time=2026-09-24T20:43:15.549+03:00 level=WARN msg="fetch failed" url=https://go.dev/dl/go1.23.11.darwin-arm64.tar.gz status=302 error="unexpected status 302"
time=2026-09-24T20:43:15.549+03:00 level=WARN msg="fetch failed" url=https://go.dev/dl/go1.23.11.freebsd-riscv64.tar.gz status=302 error="unexpected status 302"
time=2026-09-24T20:43:15.550+03:00 level=WARN msg="fetch failed" url=https://go.dev/dl/go1.23.11.illumos-amd64.tar.gz status=302 error="unexpected status 302"
time=2026-09-24T20:43:15.549+03:00 level=WARN msg="fetch failed" url=https://go.dev/dl/go1.23.11.freebsd-arm.tar.gz status=302 error="unexpected status 302"
time=2026-09-24T20:43:15.550+03:00 level=WARN msg="fetch failed" url=https://go.dev/dl/go1.23.11.linux-armv6l.tar.gz status=302 error="unexpected status 302"
time=2026-09-24T20:43:15.550+03:00 level=WARN msg="fetch failed" url=https://go.dev/dl/go1.23.11.linux-loong64.tar.gz status=302 error="unexpected status 302"
time=2026-09-24T20:43:15.550+03:00 level=WARN msg="fetch failed" url=https://go.dev/dl/go1.23.11.linux-386.tar.gz status=302 error="unexpected status 302"
time=2026-09-24T20:43:15.550+03:00 level=WARN msg="fetch failed" url=https://go.dev/dl/go1.23.11.linux-amd64.tar.gz status=302 error="unexpected status 302"
time=2026-09-24T20:43:15.550+03:00 level=WARN msg="fetch failed" url=https://go.dev/dl/go1.23.11.freebsd-arm64.tar.gz status=302 error="unexpected status 302"
time=2026-09-24T20:43:15.552+03:00 level=WARN msg="fetch failed" url=https://go.dev/dl/go1.23.11.linux-arm64.tar.gz status=302 error="unexpected status 302"
time=2026-09-24T20:43:15.767+03:00 level=WARN msg="fetch failed" url=https://go.dev/dl/go1.23.11.linux-mips.tar.gz status=302 error="unexpected status 302"
time=2026-09-24T20:43:15.767+03:00 level=WARN msg="fetch failed" url=https://go.dev/dl/go1.23.11.netbsd-386.tar.gz status=302 error="unexpected status 302"
time=2026-09-24T20:43:15.767+03:00 level=WARN msg="fetch failed" url=https://go.dev/dl/go1.23.11.linux-ppc64.tar.gz status=302 error="unexpected status 302"
time=2026-09-24T20:43:15.767+03:00 level=WARN msg="fetch failed" url=https://go.dev/dl/go1.23.11.linux-s390x.tar.gz status=302 error="unexpected status 302"
time=2026-09-24T20:43:15.767+03:00 level=WARN msg="fetch failed" url=https://go.dev/dl/go1.23.11.linux-mipsle.tar.gz status=302 error="unexpected status 302"
time=2026-09-24T20:43:15.767+03:00 level=WARN msg="fetch failed" url=https://go.dev/dl/go1.23.11.netbsd-amd64.tar.gz status=302 error="unexpected status 302"
time=2026-09-24T20:43:15.767+03:00 level=WARN msg="fetch failed" url=https://go.dev/dl/go1.23.11.linux-mips64le.tar.gz status=302 error="unexpected status 302"
time=2026-09-24T20:43:15.767+03:00 level=WARN msg="fetch failed" url=https://go.dev/dl/go1.23.11.linux-ppc64le.tar.gz status=302 error="unexpected status 302"
time=2026-09-24T20:43:15.767+03:00 level=WARN msg="fetch failed" url=https://go.dev/dl/go1.23.11.linux-mips64.tar.gz status=302 error="unexpected status 302"
time=2026-09-24T20:43:15.767+03:00 level=WARN msg="fetch failed" url=https://go.dev/dl/go1.23.11.linux-riscv64.tar.gz status=302 error="unexpected status 302"
time=2026-09-24T20:43:15.957+03:00 level=WARN msg="fetch failed" url=https://go.dev/dl/go1.23.11.netbsd-arm.tar.gz status=302 error="unexpected status 302"
time=2026-09-24T20:43:15.957+03:00 level=WARN msg="fetch failed" url=https://go.dev/dl/go1.23.11.openbsd-riscv64.tar.gz status=302 error="unexpected status 302"
time=2026-09-24T20:43:15.987+03:00 level=WARN msg="fetch failed" url=https://go.dev/dl/go1.23.11.openbsd-arm64.tar.gz status=302 error="unexpected status 302"
time=2026-09-24T20:43:15.987+03:00 level=WARN msg="fetch failed" url=https://go.dev/dl/go1.23.11.openbsd-arm.tar.gz status=302 error="unexpected status 302"
time=2026-09-24T20:43:16.018+03:00 level=WARN msg="fetch failed" url=https://go.dev/dl/go1.23.11.plan9-amd64.tar.gz status=302 error="unexpected status 302"
time=2026-09-24T20:43:16.022+03:00 level=WARN msg="fetch failed" url=https://go.dev/dl/go1.23.11.openbsd-amd64.tar.gz status=302 error="unexpected status 302"
time=2026-09-24T20:43:16.022+03:00 level=WARN msg="fetch failed" url=https://go.dev/dl/go1.23.11.plan9-386.tar.gz status=302 error="unexpected status 302"
time=2026-09-24T20:43:16.023+03:00 level=WARN msg="fetch failed" url=https://go.dev/dl/go1.23.11.openbsd-ppc64.tar.gz status=302 error="unexpected status 302"
time=2026-09-24T20:43:16.024+03:00 level=WARN msg="fetch failed" url=https://go.dev/dl/go1.23.11.netbsd-arm64.tar.gz status=302 error="unexpected status 302"
time=2026-09-24T20:43:16.025+03:00 level=WARN msg="fetch failed" url=https://go.dev/dl/go1.23.11.openbsd-386.tar.gz status=302 error="unexpected status 302"
time=2026-09-24T20:43:16.266+03:00 level=WARN msg="fetch failed" url=https://go.dev/dl/go1.23.11.plan9-arm.tar.gz status=302 error="unexpected status 302"
time=2026-09-24T20:43:16.267+03:00 level=WARN msg="fetch failed" url=https://go.dev/dl/go1.23.11.windows-386.zip status=302 error="unexpected status 302"
time=2026-09-24T20:43:16.267+03:00 level=WARN msg="fetch failed" url=https://go.dev/dl/go1.23.11.solaris-amd64.tar.gz status=302 error="unexpected status 302"
time=2026-09-24T20:43:16.267+03:00 level=WARN msg="fetch failed" url=https://go.dev/dl/go1.23.11.windows-amd64.zip status=302 error="unexpected status 302"
time=2026-09-24T20:43:16.267+03:00 level=WARN msg="fetch failed" url=https://go.dev/dl/go1.23.11.windows-386.msi status=302 error="unexpected status 302"
time=2026-09-24T20:43:16.267+03:00 level=WARN msg="fetch failed" url=https://go.dev/dl/go1.23.11.windows-arm.msi status=302 error="unexpected status 302"
time=2026-09-24T20:43:16.267+03:00 level=WARN msg="fetch failed" url=https://go.dev/dl/go1.23.11.windows-arm.zip status=302 error="unexpected status 302"
time=2026-09-24T20:43:16.267+03:00 level=WARN msg="fetch failed" url=https://go.dev/dl/go1.23.11.windows-arm64.msi status=302 error="unexpected status 302"
time=2026-09-24T20:43:16.267+03:00 level=WARN msg="fetch failed" url=https://go.dev/dl/go1.23.11.windows-amd64.msi status=302 error="unexpected status 302"
time=2026-09-24T20:43:16.267+03:00 level=WARN msg="fetch failed" url=https://go.dev/dl/go1.23.11.windows-arm64.zip status=302 error="unexpected status 302"
time=2026-09-24T20:43:16.469+03:00 level=WARN msg="fetch failed" url=https://go.dev/dl/go1.23.10.src.tar.gz status=302 error="unexpected status 302"
time=2026-09-24T20:43:16.469+03:00 level=WARN msg="fetch failed" url=https://go.dev/dl/go1.23.10.darwin-arm64.pkg status=302 error="unexpected status 302"
time=2026-09-24T20:43:16.469+03:00 level=WARN msg="fetch failed" url=https://go.dev/dl/go1.23.10.darwin-amd64.pkg status=302 error="unexpected status 302"
time=2026-09-24T20:43:16.469+03:00 level=WARN msg="fetch failed" url=https://go.dev/dl/go1.23.10.darwin-arm64.tar.gz status=302 error="unexpected status 302"
time=2026-09-24T20:43:16.469+03:00 level=WARN msg="fetch failed" url=https://go.dev/dl/go1.23.10.aix-ppc64.tar.gz status=302 error="unexpected status 302"
time=2026-09-24T20:43:16.469+03:00 level=WARN msg="fetch failed" url=https://go.dev/dl/go1.23.10.freebsd-386.tar.gz status=302 error="unexpected status 302"
time=2026-09-24T20:43:16.469+03:00 level=WARN msg="fetch failed" url=https://go.dev/dl/go1.23.10.dragonfly-amd64.tar.gz status=302 error="unexpected status 302"
time=2026-09-24T20:43:16.469+03:00 level=WARN msg="fetch failed" url=https://go.dev/dl/go1.23.10.darwin-amd64.tar.gz status=302 error="unexpected status 302"
time=2026-09-24T20:43:16.469+03:00 level=WARN msg="fetch failed" url=https://go.dev/dl/go1.23.10.freebsd-arm.tar.gz status=302 error="unexpected status 302"
time=2026-09-24T20:43:16.469+03:00 level=WARN msg="fetch failed" url=https://go.dev/dl/go1.23.10.freebsd-amd64.tar.gz status=302 error="unexpected status 302"
time=2026-09-24T20:43:16.714+03:00 level=WARN msg="fetch failed" url=https://go.dev/dl/go1.23.10.freebsd-arm64.tar.gz status=302 error="unexpected status 302"
time=2026-09-24T20:43:16.723+03:00 level=WARN msg="fetch failed" url=https://go.dev/dl/go1.23.10.linux-amd64.tar.gz status=302 error="unexpected status 302"
time=2026-09-24T20:43:16.725+03:00 level=WARN msg="fetch failed" url=https://go.dev/dl/go1.23.10.illumos-amd64.tar.gz status=302 error="unexpected status 302"
time=2026-09-24T20:43:16.729+03:00 level=WARN msg="fetch failed" url=https://go.dev/dl/go1.23.10.linux-loong64.tar.gz status=302 error="unexpected status 302"
time=2026-09-24T20:43:16.730+03:00 level=WARN msg="fetch failed" url=https://go.dev/dl/go1.23.10.linux-armv6l.tar.gz status=302 error="unexpected status 302"
time=2026-09-24T20:43:16.730+03:00 level=WARN msg="fetch failed" url=https://go.dev/dl/go1.23.10.freebsd-riscv64.tar.gz status=302 error="unexpected status 302"
time=2026-09-24T20:43:16.732+03:00 level=WARN msg="fetch failed" url=https://go.dev/dl/go1.23.10.linux-arm64.tar.gz status=302 error="unexpected status 302"
time=2026-09-24T20:43:16.732+03:00 level=WARN msg="fetch failed" url=https://go.dev/dl/go1.23.10.linux-mips64.tar.gz status=302 error="unexpected status 302"
time=2026-09-24T20:43:16.854+03:00 level=WARN msg="fetch failed" url=https://go.dev/dl/go1.23.10.linux-mips.tar.gz status=302 error="unexpected status 302"
time=2026-09-24T20:43:16.854+03:00 level=WARN msg="fetch failed" url=https://go.dev/dl/go1.23.10.linux-386.tar.gz status=302 error="unexpected status 302"
time=2026-09-24T20:43:16.863+03:00 level=WARN msg="fetch failed" url=https://go.dev/dl/go1.23.10.linux-mips64le.tar.gz status=302 error="unexpected status 302"
time=2026-09-24T20:43:16.878+03:00 level=WARN msg="fetch failed" url=https://go.dev/dl/go1.23.10.linux-mipsle.tar.gz status=302 error="unexpected status 302"
time=2026-09-24T20:43:16.883+03:00 level=WARN msg="fetch failed" url=https://go.dev/dl/go1.23.10.linux-s390x.tar.gz status=302 error="unexpected status 302"
time=2026-09-24T20:43:16.884+03:00 level=WARN msg="fetch failed" url=https://go.dev/dl/go1.23.10.linux-ppc64.tar.gz status=302 error="unexpected status 302"
time=2026-09-24T20:43:16.884+03:00 level=WARN msg="fetch failed" url=https://go.dev/dl/go1.23.10.linux-ppc64le.tar.gz status=302 error="unexpected status 302"
time=2026-09-24T20:43:16.888+03:00 level=WARN msg="fetch failed" url=https://go.dev/dl/go1.23.10.linux-riscv64.tar.gz status=302 error="unexpected status 302"
time=2026-09-24T20:43:16.891+03:00 level=WARN msg="fetch failed" url=https://go.dev/dl/go1.23.10.netbsd-amd64.tar.gz status=302 error="unexpected status 302"
time=2026-09-24T20:43:16.898+03:00 level=WARN msg="fetch failed" url=https://go.dev/dl/go1.23.10.netbsd-386.tar.gz status=302 error="unexpected status 302"
time=2026-09-24T20:43:17.007+03:00 level=WARN msg="fetch failed" url=https://go.dev/dl/go1.23.10.netbsd-arm.tar.gz status=302 error="unexpected status 302"
time=2026-09-24T20:43:17.007+03:00 level=WARN msg="fetch failed" url=https://go.dev/dl/go1.23.10.netbsd-arm64.tar.gz status=302 error="unexpected status 302"
time=2026-09-24T20:43:17.030+03:00 level=WARN msg="fetch failed" url=https://go.dev/dl/go1.23.10.openbsd-arm.tar.gz status=302 error="unexpected status 302"
time=2026-09-24T20:43:17.033+03:00 level=WARN msg="fetch failed" url=https://go.dev/dl/go1.23.10.openbsd-amd64.tar.gz status=302 error="unexpected status 302"
time=2026-09-24T20:43:17.037+03:00 level=WARN msg="fetch failed" url=https://go.dev/dl/go1.23.10.openbsd-386.tar.gz status=302 error="unexpected status 302"
time=2026-09-24T20:43:17.039+03:00 level=WARN msg="fetch failed" url=https://go.dev/dl/go1.23.10.openbsd-ppc64.tar.gz status=302 error="unexpected status 302"
time=2026-09-24T20:43:17.138+03:00 level=WARN msg="fetch failed" url=https://go.dev/dl/go1.23.10.openbsd-riscv64.tar.gz status=302 error="unexpected status 302"
time=2026-09-24T20:43:17.138+03:00 level=WARN msg="fetch failed" url=https://go.dev/dl/go1.23.10.openbsd-arm64.tar.gz status=302 error="unexpected status 302"
time=2026-09-24T20:43:17.138+03:00 level=WARN msg="fetch failed" url=https://go.dev/dl/go1.23.10.plan9-amd64.tar.gz status=302 error="unexpected status 302"
time=2026-09-24T20:43:17.138+03:00 level=WARN msg="fetch failed" url=https://go.dev/dl/go1.23.10.plan9-386.tar.gz status=302 error="unexpected status 302"
time=2026-09-24T20:43:17.161+03:00 level=WARN msg="fetch failed" url=https://go.dev/dl/go1.23.10.plan9-arm.tar.gz status=302 error="unexpected status 302"
time=2026-09-24T20:43:17.163+03:00 level=WARN msg="fetch failed" url=https://go.dev/dl/go1.23.10.solaris-amd64.tar.gz status=302 error="unexpected status 302"
time=2026-09-24T20:43:17.234+03:00 level=WARN msg="fetch failed" url=https://go.dev/dl/go1.23.10.windows-386.msi status=302 error="unexpected status 302"
time=2026-09-24T20:43:17.235+03:00 level=WARN msg="fetch failed" url=https://go.dev/dl/go1.23.10.windows-amd64.zip status=302 error="unexpected status 302"
time=2026-09-24T20:43:17.235+03:00 level=WARN msg="fetch failed" url=https://go.dev/dl/go1.23.10.windows-amd64.msi status=302 error="unexpected status 302"
time=2026-09-24T20:43:17.271+03:00 level=WARN msg="fetch failed" url=https://go.dev/dl/go1.23.10.windows-386.zip status=302 error="unexpected status 302"
time=2026-09-24T20:43:17.412+03:00 level=WARN msg="fetch failed" url=https://go.dev/dl/go1.23.10.windows-arm.msi status=302 error="unexpected status 302"
time=2026-09-24T20:43:17.412+03:00 level=WARN msg="fetch failed" url=https://go.dev/dl/go1.23.9.aix-ppc64.tar.gz status=302 error="unexpected status 302"
time=2026-09-24T20:43:17.412+03:00 level=WARN msg="fetch failed" url=https://go.dev/dl/go1.23.10.windows-arm.zip status=302 error="unexpected status 302"
time=2026-09-24T20:43:17.413+03:00 level=WARN msg="fetch failed" url=https://go.dev/dl/go1.23.9.darwin-amd64.tar.gz status=302 error="unexpected status 302"
time=2026-09-24T20:43:17.413+03:00 level=WARN msg="fetch failed" url=https://go.dev/dl/go1.23.9.src.tar.gz status=302 error="unexpected status 302"
time=2026-09-24T20:43:17.413+03:00 level=WARN msg="fetch failed" url=https://go.dev/dl/go1.23.9.darwin-amd64.pkg status=302 error="unexpected status 302"
time=2026-09-24T20:43:17.413+03:00 level=WARN msg="fetch failed" url=https://go.dev/dl/go1.23.10.windows-arm64.msi status=302 error="unexpected status 302"
time=2026-09-24T20:43:17.413+03:00 level=WARN msg="fetch failed" url=https://go.dev/dl/go1.23.10.windows-arm64.zip status=302 error="unexpected status 302"
time=2026-09-24T20:43:17.413+03:00 level=WARN msg="fetch failed" url=https://go.dev/dl/go1.23.9.darwin-arm64.tar.gz status=302 error="unexpected status 302"
time=2026-09-24T20:43:17.426+03:00 level=WARN msg="fetch failed" url=https://go.dev/dl/go1.23.9.darwin-arm64.pkg status=302 error="unexpected status 302"
time=2026-09-24T20:43:17.662+03:00 level=WARN msg="fetch failed" url=https://go.dev/dl/go1.23.9.freebsd-arm64.tar.gz status=302 error="unexpected status 302"
time=2026-09-24T20:43:17.662+03:00 level=WARN msg="fetch failed" url=https://go.dev/dl/go1.23.9.illumos-amd64.tar.gz status=302 error="unexpected status 302"
time=2026-09-24T20:43:17.662+03:00 level=WARN msg="fetch failed" url=https://go.dev/dl/go1.23.9.freebsd-amd64.tar.gz status=302 error="unexpected status 302"
time=2026-09-24T20:43:17.662+03:00 level=WARN msg="fetch failed" url=https://go.dev/dl/go1.23.9.freebsd-arm.tar.gz status=302 error="unexpected status 302"
time=2026-09-24T20:43:17.662+03:00 level=WARN msg="fetch failed" url=https://go.dev/dl/go1.23.9.freebsd-riscv64.tar.gz status=302 error="unexpected status 302"
time=2026-09-24T20:43:17.663+03:00 level=WARN msg="fetch failed" url=https://go.dev/dl/go1.23.9.linux-amd64.tar.gz status=302 error="unexpected status 302"
time=2026-09-24T20:43:17.663+03:00 level=WARN msg="fetch failed" url=https://go.dev/dl/go1.23.9.linux-386.tar.gz status=302 error="unexpected status 302"
time=2026-09-24T20:43:17.663+03:00 level=WARN msg="fetch failed" url=https://go.dev/dl/go1.23.9.linux-arm64.tar.gz status=302 error="unexpected status 302"
time=2026-09-24T20:43:17.663+03:00 level=WARN msg="fetch failed" url=https://go.dev/dl/go1.23.9.freebsd-386.tar.gz status=302 error="unexpected status 302"
time=2026-09-24T20:43:17.663+03:00 level=WARN msg="fetch failed" url=https://go.dev/dl/go1.23.9.dragonfly-amd64.tar.gz status=302 error="unexpected status 302"
time=2026-09-24T20:43:17.819+03:00 level=WARN msg="fetch failed" url=https://go.dev/dl/go1.23.9.linux-mips.tar.gz status=302 error="unexpected status 302"
time=2026-09-24T20:43:17.819+03:00 level=WARN msg="fetch failed" url=https://go.dev/dl/go1.23.9.linux-armv6l.tar.gz status=302 error="unexpected status 302"
time=2026-09-24T20:43:17.820+03:00 level=WARN msg="fetch failed" url=https://go.dev/dl/go1.23.9.linux-mips64.tar.gz status=302 error="unexpected status 302"
time=2026-09-24T20:43:17.821+03:00 level=WARN msg="fetch failed" url=https://go.dev/dl/go1.23.9.linux-mips64le.tar.gz status=302 error="unexpected status 302"
time=2026-09-24T20:43:17.828+03:00 level=WARN msg="fetch failed" url=https://go.dev/dl/go1.23.9.linux-ppc64le.tar.gz status=302 error="unexpected status 302"
time=2026-09-24T20:43:17.830+03:00 level=WARN msg="fetch failed" url=https://go.dev/dl/go1.23.9.linux-s390x.tar.gz status=302 error="unexpected status 302"
time=2026-09-24T20:43:17.831+03:00 level=WARN msg="fetch failed" url=https://go.dev/dl/go1.23.9.linux-mipsle.tar.gz status=302 error="unexpected status 302"
time=2026-09-24T20:43:17.832+03:00 level=WARN msg="fetch failed" url=https://go.dev/dl/go1.23.9.linux-riscv64.tar.gz status=302 error="unexpected status 302"
time=2026-09-24T20:43:17.905+03:00 level=WARN msg="fetch failed" url=https://go.dev/dl/go1.23.9.linux-ppc64.tar.gz status=302 error="unexpected status 302"
time=2026-09-24T20:43:17.906+03:00 level=WARN msg="fetch failed" url=https://go.dev/dl/go1.23.9.linux-loong64.tar.gz status=302 error="unexpected status 302"
time=2026-09-24T20:43:18.055+03:00 level=WARN msg="fetch failed" url=https://go.dev/dl/go1.23.9.netbsd-amd64.tar.gz status=302 error="unexpected status 302"
time=2026-09-24T20:43:18.055+03:00 level=WARN msg="fetch failed" url=https://go.dev/dl/go1.23.9.netbsd-arm.tar.gz status=302 error="unexpected status 302"
time=2026-09-24T20:43:18.055+03:00 level=WARN msg="fetch failed" url=https://go.dev/dl/go1.23.9.openbsd-arm.tar.gz status=302 error="unexpected status 302"
time=2026-09-24T20:43:18.055+03:00 level=WARN msg="fetch failed" url=https://go.dev/dl/go1.23.9.netbsd-386.tar.gz status=302 error="unexpected status 302"
time=2026-09-24T20:43:18.055+03:00 level=WARN msg="fetch failed" url=https://go.dev/dl/go1.23.9.openbsd-arm64.tar.gz status=302 error="unexpected status 302"
time=2026-09-24T20:43:18.056+03:00 level=WARN msg="fetch failed" url=https://go.dev/dl/go1.23.9.openbsd-amd64.tar.gz status=302 error="unexpected status 302"
time=2026-09-24T20:43:18.056+03:00 level=WARN msg="fetch failed" url=https://go.dev/dl/go1.23.9.openbsd-386.tar.gz status=302 error="unexpected status 302"
time=2026-09-24T20:43:18.056+03:00 level=WARN msg="fetch failed" url=https://go.dev/dl/go1.23.9.netbsd-arm64.tar.gz status=302 error="unexpected status 302"
time=2026-09-24T20:43:18.064+03:00 level=WARN msg="fetch failed" url=https://go.dev/dl/go1.23.9.openbsd-ppc64.tar.gz status=302 error="unexpected status 302"
time=2026-09-24T20:43:18.067+03:00 level=WARN msg="fetch failed" url=https://go.dev/dl/go1.23.9.openbsd-riscv64.tar.gz status=302 error="unexpected status 302"
time=2026-09-24T20:43:18.211+03:00 level=WARN msg="fetch failed" url=https://go.dev/dl/go1.23.9.windows-amd64.zip status=302 error="unexpected status 302"
time=2026-09-24T20:43:18.211+03:00 level=WARN msg="fetch failed" url=https://go.dev/dl/go1.23.9.windows-386.zip status=302 error="unexpected status 302"
time=2026-09-24T20:43:18.212+03:00 level=WARN msg="fetch failed" url=https://go.dev/dl/go1.23.9.plan9-386.tar.gz status=302 error="unexpected status 302"
time=2026-09-24T20:43:18.214+03:00 level=WARN msg="fetch failed" url=https://go.dev/dl/go1.23.9.plan9-amd64.tar.gz status=302 error="unexpected status 302"
time=2026-09-24T20:43:18.214+03:00 level=WARN msg="fetch failed" url=https://go.dev/dl/go1.23.9.windows-amd64.msi status=302 error="unexpected status 302"
time=2026-09-24T20:43:18.218+03:00 level=WARN msg="fetch failed" url=https://go.dev/dl/go1.23.9.windows-386.msi status=302 error="unexpected status 302"
time=2026-09-24T20:43:18.221+03:00 level=WARN msg="fetch failed" url=https://go.dev/dl/go1.23.9.windows-arm.msi status=302 error="unexpected status 302"
time=2026-09-24T20:43:18.226+03:00 level=WARN msg="fetch failed" url=https://go.dev/dl/go1.23.9.windows-arm.zip status=302 error="unexpected status 302"
time=2026-09-24T20:43:18.238+03:00 level=WARN msg="fetch failed" url=https://go.dev/dl/go1.23.9.solaris-amd64.tar.gz status=302 error="unexpected status 302"
time=2026-09-24T20:43:18.366+03:00 level=WARN msg="fetch failed" url=https://go.dev/dl/go1.23.9.plan9-arm.tar.gz status=302 error="unexpected status 302"
time=2026-09-24T20:43:18.367+03:00 level=WARN msg="fetch failed" url=https://go.dev/dl/go1.23.8.src.tar.gz status=302 error="unexpected status 302"
time=2026-09-24T20:43:18.367+03:00 level=WARN msg="fetch failed" url=https://go.dev/dl/go1.23.9.windows-arm64.msi status=302 error="unexpected status 302"
time=2026-09-24T20:43:18.367+03:00 level=WARN msg="fetch failed" url=https://go.dev/dl/go1.23.9.windows-arm64.zip status=302 error="unexpected status 302"
time=2026-09-24T20:43:18.374+03:00 level=WARN msg="fetch failed" url=https://go.dev/dl/go1.23.8.darwin-amd64.pkg status=302 error="unexpected status 302"
time=2026-09-24T20:43:18.374+03:00 level=WARN msg="fetch failed" url=https://go.dev/dl/go1.23.8.darwin-arm64.tar.gz status=302 error="unexpected status 302"
time=2026-09-24T20:43:18.374+03:00 level=WARN msg="fetch failed" url=https://go.dev/dl/go1.23.8.darwin-amd64.tar.gz status=302 error="unexpected status 302"
time=2026-09-24T20:43:18.376+03:00 level=WARN msg="fetch failed" url=https://go.dev/dl/go1.23.8.aix-ppc64.tar.gz status=302 error="unexpected status 302"
time=2026-09-24T20:43:18.389+03:00 level=WARN msg="fetch failed" url=https://go.dev/dl/go1.23.8.dragonfly-amd64.tar.gz status=302 error="unexpected status 302"
time=2026-09-24T20:43:18.527+03:00 level=WARN msg="fetch failed" url=https://go.dev/dl/go1.23.8.darwin-arm64.pkg status=302 error="unexpected status 302"
time=2026-09-24T20:43:18.527+03:00 level=WARN msg="fetch failed" url=https://go.dev/dl/go1.23.8.freebsd-arm64.tar.gz status=302 error="unexpected status 302"
time=2026-09-24T20:43:18.527+03:00 level=WARN msg="fetch failed" url=https://go.dev/dl/go1.23.8.freebsd-amd64.tar.gz status=302 error="unexpected status 302"
time=2026-09-24T20:43:18.527+03:00 level=WARN msg="fetch failed" url=https://go.dev/dl/go1.23.8.freebsd-386.tar.gz status=302 error="unexpected status 302"
time=2026-09-24T20:43:18.527+03:00 level=WARN msg="fetch failed" url=https://go.dev/dl/go1.23.8.freebsd-arm.tar.gz status=302 error="unexpected status 302"
time=2026-09-24T20:43:18.528+03:00 level=WARN msg="fetch failed" url=https://go.dev/dl/go1.23.8.linux-386.tar.gz status=302 error="unexpected status 302"
time=2026-09-24T20:43:18.529+03:00 level=WARN msg="fetch failed" url=https://go.dev/dl/go1.23.8.illumos-amd64.tar.gz status=302 error="unexpected status 302"
time=2026-09-24T20:43:18.531+03:00 level=WARN msg="fetch failed" url=https://go.dev/dl/go1.23.8.linux-amd64.tar.gz status=302 error="unexpected status 302"
time=2026-09-24T20:43:18.557+03:00 level=WARN msg="fetch failed" url=https://go.dev/dl/go1.23.8.freebsd-riscv64.tar.gz status=302 error="unexpected status 302"
time=2026-09-24T20:43:18.557+03:00 level=WARN msg="fetch failed" url=https://go.dev/dl/go1.23.8.linux-arm64.tar.gz status=302 error="unexpected status 302"
time=2026-09-24T20:43:18.704+03:00 level=WARN msg="fetch failed" url=https://go.dev/dl/go1.23.8.linux-mips64.tar.gz status=302 error="unexpected status 302"
time=2026-09-24T20:43:18.704+03:00 level=WARN msg="fetch failed" url=https://go.dev/dl/go1.23.8.linux-armv6l.tar.gz status=302 error="unexpected status 302"
time=2026-09-24T20:43:18.704+03:00 level=WARN msg="fetch failed" url=https://go.dev/dl/go1.23.8.linux-mips.tar.gz status=302 error="unexpected status 302"
time=2026-09-24T20:43:18.704+03:00 level=WARN msg="fetch failed" url=https://go.dev/dl/go1.23.8.linux-mips64le.tar.gz status=302 error="unexpected status 302"
time=2026-09-24T20:43:18.704+03:00 level=WARN msg="fetch failed" url=https://go.dev/dl/go1.23.8.linux-loong64.tar.gz status=302 error="unexpected status 302"
time=2026-09-24T20:43:18.704+03:00 level=WARN msg="fetch failed" url=https://go.dev/dl/go1.23.8.linux-ppc64.tar.gz status=302 error="unexpected status 302"
time=2026-09-24T20:43:18.704+03:00 level=WARN msg="fetch failed" url=https://go.dev/dl/go1.23.8.linux-mipsle.tar.gz status=302 error="unexpected status 302"
time=2026-09-24T20:43:18.721+03:00 level=WARN msg="fetch failed" url=https://go.dev/dl/go1.23.8.linux-ppc64le.tar.gz status=302 error="unexpected status 302"
time=2026-09-24T20:43:18.724+03:00 level=WARN msg="fetch failed" url=https://go.dev/dl/go1.23.8.linux-s390x.tar.gz status=302 error="unexpected status 302"
time=2026-09-24T20:43:18.727+03:00 level=WARN msg="fetch failed" url=https://go.dev/dl/go1.23.8.linux-riscv64.tar.gz status=302 error="unexpected status 302"
time=2026-09-24T20:43:18.874+03:00 level=WARN msg="fetch failed" url=https://go.dev/dl/go1.23.8.openbsd-amd64.tar.gz status=302 error="unexpected status 302"
time=2026-09-24T20:43:18.876+03:00 level=WARN msg="fetch failed" url=https://go.dev/dl/go1.23.8.openbsd-arm.tar.gz status=302 error="unexpected status 302"
time=2026-09-24T20:43:18.876+03:00 level=WARN msg="fetch failed" url=https://go.dev/dl/go1.23.8.openbsd-arm64.tar.gz status=302 error="unexpected status 302"
time=2026-09-24T20:43:18.876+03:00 level=WARN msg="fetch failed" url=https://go.dev/dl/go1.23.8.netbsd-386.tar.gz status=302 error="unexpected status 302"
time=2026-09-24T20:43:18.877+03:00 level=WARN msg="fetch failed" url=https://go.dev/dl/go1.23.8.netbsd-amd64.tar.gz status=302 error="unexpected status 302"
time=2026-09-24T20:43:18.877+03:00 level=WARN msg="fetch failed" url=https://go.dev/dl/go1.23.8.netbsd-arm64.tar.gz status=302 error="unexpected status 302"
time=2026-09-24T20:43:18.877+03:00 level=WARN msg="fetch failed" url=https://go.dev/dl/go1.23.8.netbsd-arm.tar.gz status=302 error="unexpected status 302"
time=2026-09-24T20:43:18.877+03:00 level=WARN msg="fetch failed" url=https://go.dev/dl/go1.23.8.openbsd-riscv64.tar.gz status=302 error="unexpected status 302"
time=2026-09-24T20:43:18.877+03:00 level=WARN msg="fetch failed" url=https://go.dev/dl/go1.23.8.openbsd-386.tar.gz status=302 error="unexpected status 302"
time=2026-09-24T20:43:19.018+03:00 level=WARN msg="fetch failed" url=https://go.dev/dl/go1.23.8.openbsd-ppc64.tar.gz status=302 error="unexpected status 302"
time=2026-09-24T20:43:19.023+03:00 level=WARN msg="fetch failed" url=https://go.dev/dl/go1.23.8.plan9-386.tar.gz status=302 error="unexpected status 302"
time=2026-09-24T20:43:19.031+03:00 level=WARN msg="fetch failed" url=https://go.dev/dl/go1.23.8.plan9-arm.tar.gz status=302 error="unexpected status 302"
time=2026-09-24T20:43:19.032+03:00 level=WARN msg="fetch failed" url=https://go.dev/dl/go1.23.8.solaris-amd64.tar.gz status=302 error="unexpected status 302"
time=2026-09-24T20:43:19.032+03:00 level=WARN msg="fetch failed" url=https://go.dev/dl/go1.23.8.plan9-amd64.tar.gz status=302 error="unexpected status 302"
time=2026-09-24T20:43:19.033+03:00 level=WARN msg="fetch failed" url=https://go.dev/dl/go1.23.8.windows-386.zip status=302 error="unexpected status 302"
time=2026-09-24T20:43:19.035+03:00 level=WARN msg="fetch failed" url=https://go.dev/dl/go1.23.8.windows-arm.zip status=302 error="unexpected status 302"
time=2026-09-24T20:43:19.040+03:00 level=WARN msg="fetch failed" url=https://go.dev/dl/go1.23.8.windows-amd64.zip status=302 error="unexpected status 302"
time=2026-09-24T20:43:19.040+03:00 level=WARN msg="fetch failed" url=https://go.dev/dl/go1.23.8.windows-amd64.msi status=302 error="unexpected status 302"
time=2026-09-24T20:43:19.171+03:00 level=WARN msg="fetch failed" url=https://go.dev/dl/go1.23.8.windows-386.msi status=302 error="unexpected status 302"
time=2026-09-24T20:43:19.171+03:00 level=WARN msg="fetch failed" url=https://go.dev/dl/go1.23.8.windows-arm.msi status=302 error="unexpected status 302"
time=2026-09-24T20:43:19.175+03:00 level=WARN msg="fetch failed" url=https://go.dev/dl/go1.23.8.windows-arm64.zip status=302 error="unexpected status 302"
time=2026-09-24T20:43:19.186+03:00 level=WARN msg="fetch failed" url=https://go.dev/dl/go1.23.7.darwin-amd64.pkg status=302 error="unexpected status 302"
time=2026-09-24T20:43:19.188+03:00 level=WARN msg="fetch failed" url=https://go.dev/dl/go1.23.7.src.tar.gz status=302 error="unexpected status 302"
time=2026-09-24T20:43:19.189+03:00 level=WARN msg="fetch failed" url=https://go.dev/dl/go1.23.7.aix-ppc64.tar.gz status=302 error="unexpected status 302"
time=2026-09-24T20:43:19.190+03:00 level=WARN msg="fetch failed" url=https://go.dev/dl/go1.23.7.darwin-amd64.tar.gz status=302 error="unexpected status 302"
time=2026-09-24T20:43:19.193+03:00 level=WARN msg="fetch failed" url=https://go.dev/dl/go1.23.7.darwin-arm64.tar.gz status=302 error="unexpected status 302"
time=2026-09-24T20:43:19.195+03:00 level=WARN msg="fetch failed" url=https://go.dev/dl/go1.23.7.darwin-arm64.pkg status=302 error="unexpected status 302"
time=2026-09-24T20:43:19.363+03:00 level=WARN msg="fetch failed" url=https://go.dev/dl/go1.23.8.windows-arm64.msi status=302 error="unexpected status 302"
time=2026-09-24T20:43:19.363+03:00 level=WARN msg="fetch failed" url=https://go.dev/dl/go1.23.7.freebsd-386.tar.gz status=302 error="unexpected status 302"
time=2026-09-24T20:43:19.363+03:00 level=WARN msg="fetch failed" url=https://go.dev/dl/go1.23.7.dragonfly-amd64.tar.gz status=302 error="unexpected status 302"
time=2026-09-24T20:43:19.363+03:00 level=WARN msg="fetch failed" url=https://go.dev/dl/go1.23.7.freebsd-amd64.tar.gz status=302 error="unexpected status 302"
time=2026-09-24T20:43:19.363+03:00 level=WARN msg="fetch failed" url=https://go.dev/dl/go1.23.7.freebsd-arm64.tar.gz status=302 error="unexpected status 302"
time=2026-09-24T20:43:19.363+03:00 level=WARN msg="fetch failed" url=https://go.dev/dl/go1.23.7.freebsd-riscv64.tar.gz status=302 error="unexpected status 302"
time=2026-09-24T20:43:19.363+03:00 level=WARN msg="fetch failed" url=https://go.dev/dl/go1.23.7.freebsd-arm.tar.gz status=302 error="unexpected status 302"
time=2026-09-24T20:43:19.363+03:00 level=WARN msg="fetch failed" url=https://go.dev/dl/go1.23.7.illumos-amd64.tar.gz status=302 error="unexpected status 302"
time=2026-09-24T20:43:19.363+03:00 level=WARN msg="fetch failed" url=https://go.dev/dl/go1.23.7.linux-386.tar.gz status=302 error="unexpected status 302"
time=2026-09-24T20:43:19.364+03:00 level=WARN msg="fetch failed" url=https://go.dev/dl/go1.23.7.linux-amd64.tar.gz status=302 error="unexpected status 302"
time=2026-09-24T20:43:19.514+03:00 level=WARN msg="fetch failed" url=https://go.dev/dl/go1.23.7.linux-arm64.tar.gz status=302 error="unexpected status 302"
time=2026-09-24T20:43:19.645+03:00 level=WARN msg="fetch failed" url=https://go.dev/dl/go1.23.7.linux-mips.tar.gz status=302 error="unexpected status 302"
time=2026-09-24T20:43:19.645+03:00 level=WARN msg="fetch failed" url=https://go.dev/dl/go1.23.7.linux-mips64.tar.gz status=302 error="unexpected status 302"
time=2026-09-24T20:43:19.645+03:00 level=WARN msg="fetch failed" url=https://go.dev/dl/go1.23.7.linux-ppc64.tar.gz status=302 error="unexpected status 302"
time=2026-09-24T20:43:19.645+03:00 level=WARN msg="fetch failed" url=https://go.dev/dl/go1.23.7.linux-mips64le.tar.gz status=302 error="unexpected status 302"
time=2026-09-24T20:43:19.646+03:00 level=WARN msg="fetch failed" url=https://go.dev/dl/go1.23.7.linux-mipsle.tar.gz status=302 error="unexpected status 302"
time=2026-09-24T20:43:19.646+03:00 level=WARN msg="fetch failed" url=https://go.dev/dl/go1.23.7.linux-ppc64le.tar.gz status=302 error="unexpected status 302"
time=2026-09-24T20:43:19.646+03:00 level=WARN msg="fetch failed" url=https://go.dev/dl/go1.23.7.linux-loong64.tar.gz status=302 error="unexpected status 302"
time=2026-09-24T20:43:19.658+03:00 level=WARN msg="fetch failed" url=https://go.dev/dl/go1.23.7.linux-armv6l.tar.gz status=302 error="unexpected status 302"
time=2026-09-24T20:43:19.659+03:00 level=WARN msg="fetch failed" url=https://go.dev/dl/go1.23.7.linux-riscv64.tar.gz status=302 error="unexpected status 302"
time=2026-09-24T20:43:19.667+03:00 level=WARN msg="fetch failed" url=https://go.dev/dl/go1.23.7.linux-s390x.tar.gz status=302 error="unexpected status 302"
time=2026-09-24T20:43:19.805+03:00 level=WARN msg="fetch failed" url=https://go.dev/dl/go1.23.7.netbsd-amd64.tar.gz status=302 error="unexpected status 302"
time=2026-09-24T20:43:19.805+03:00 level=WARN msg="fetch failed" url=https://go.dev/dl/go1.23.7.openbsd-386.tar.gz status=302 error="unexpected status 302"
time=2026-09-24T20:43:19.806+03:00 level=WARN msg="fetch failed" url=https://go.dev/dl/go1.23.7.openbsd-arm.tar.gz status=302 error="unexpected status 302"
time=2026-09-24T20:43:19.810+03:00 level=WARN msg="fetch failed" url=https://go.dev/dl/go1.23.7.netbsd-arm64.tar.gz status=302 error="unexpected status 302"
time=2026-09-24T20:43:19.810+03:00 level=WARN msg="fetch failed" url=https://go.dev/dl/go1.23.7.netbsd-arm.tar.gz status=302 error="unexpected status 302"
time=2026-09-24T20:43:19.810+03:00 level=WARN msg="fetch failed" url=https://go.dev/dl/go1.23.7.netbsd-386.tar.gz status=302 error="unexpected status 302"
time=2026-09-24T20:43:19.811+03:00 level=WARN msg="fetch failed" url=https://go.dev/dl/go1.23.7.openbsd-arm64.tar.gz status=302 error="unexpected status 302"
time=2026-09-24T20:43:19.815+03:00 level=WARN msg="fetch failed" url=https://go.dev/dl/go1.23.7.openbsd-ppc64.tar.gz status=302 error="unexpected status 302"
time=2026-09-24T20:43:19.815+03:00 level=WARN msg="fetch failed" url=https://go.dev/dl/go1.23.7.openbsd-amd64.tar.gz status=302 error="unexpected status 302"
time=2026-09-24T20:43:19.820+03:00 level=WARN msg="fetch failed" url=https://go.dev/dl/go1.23.7.openbsd-riscv64.tar.gz status=302 error="unexpected status 302"
time=2026-09-24T20:43:19.959+03:00 level=WARN msg="fetch failed" url=https://go.dev/dl/go1.23.7.plan9-amd64.tar.gz status=302 error="unexpected status 302"
time=2026-09-24T20:43:19.960+03:00 level=WARN msg="fetch failed" url=https://go.dev/dl/go1.23.7.plan9-386.tar.gz status=302 error="unexpected status 302"
time=2026-09-24T20:43:19.967+03:00 level=WARN msg="fetch failed" url=https://go.dev/dl/go1.23.7.windows-amd64.zip status=302 error="unexpected status 302"
time=2026-09-24T20:43:19.967+03:00 level=WARN msg="fetch failed" url=https://go.dev/dl/go1.23.7.windows-386.zip status=302 error="unexpected status 302"
time=2026-09-24T20:43:19.971+03:00 level=WARN msg="fetch failed" url=https://go.dev/dl/go1.23.7.windows-amd64.msi status=302 error="unexpected status 302"
time=2026-09-24T20:43:19.975+03:00 level=WARN msg="fetch failed" url=https://go.dev/dl/go1.23.7.plan9-arm.tar.gz status=302 error="unexpected status 302"
time=2026-09-24T20:43:19.975+03:00 level=WARN msg="fetch failed" url=https://go.dev/dl/go1.23.7.windows-arm.msi status=302 error="unexpected status 302"
time=2026-09-24T20:43:20.123+03:00 level=WARN msg="fetch failed" url=https://go.dev/dl/go1.23.7.windows-arm.zip status=302 error="unexpected status 302"
time=2026-09-24T20:43:20.123+03:00 level=WARN msg="fetch failed" url=https://go.dev/dl/go1.23.7.windows-arm64.zip status=302 error="unexpected status 302"
time=2026-09-24T20:43:20.123+03:00 level=WARN msg="fetch failed" url=https://go.dev/dl/go1.23.7.windows-arm64.msi status=302 error="unexpected status 302"
time=2026-09-24T20:43:20.123+03:00 level=WARN msg="fetch failed" url=https://go.dev/dl/go1.23.6.src.tar.gz status=302 error="unexpected status 302"
time=2026-09-24T20:43:20.125+03:00 level=WARN msg="fetch failed" url=https://go.dev/dl/go1.23.6.darwin-amd64.tar.gz status=302 error="unexpected status 302"
time=2026-09-24T20:43:20.128+03:00 level=WARN msg="fetch failed" url=https://go.dev/dl/go1.23.6.darwin-arm64.tar.gz status=302 error="unexpected status 302"
time=2026-09-24T20:43:20.137+03:00 level=WARN msg="fetch failed" url=https://go.dev/dl/go1.23.6.darwin-amd64.pkg status=302 error="unexpected status 302"
time=2026-09-24T20:43:20.278+03:00 level=WARN msg="fetch failed" url=https://go.dev/dl/go1.23.6.aix-ppc64.tar.gz status=302 error="unexpected status 302"
time=2026-09-24T20:43:20.278+03:00 level=WARN msg="fetch failed" url=https://go.dev/dl/go1.23.7.solaris-amd64.tar.gz status=302 error="unexpected status 302"
time=2026-09-24T20:43:20.278+03:00 level=WARN msg="fetch failed" url=https://go.dev/dl/go1.23.6.darwin-arm64.pkg status=302 error="unexpected status 302"
time=2026-09-24T20:43:20.278+03:00 level=WARN msg="fetch failed" url=https://go.dev/dl/go1.23.6.dragonfly-amd64.tar.gz status=302 error="unexpected status 302"
time=2026-09-24T20:43:20.278+03:00 level=WARN msg="fetch failed" url=https://go.dev/dl/go1.23.6.freebsd-386.tar.gz status=302 error="unexpected status 302"
time=2026-09-24T20:43:20.278+03:00 level=WARN msg="fetch failed" url=https://go.dev/dl/go1.23.6.freebsd-amd64.tar.gz status=302 error="unexpected status 302"
time=2026-09-24T20:43:20.286+03:00 level=WARN msg="fetch failed" url=https://go.dev/dl/go1.23.6.freebsd-arm.tar.gz status=302 error="unexpected status 302"
time=2026-09-24T20:43:20.295+03:00 level=WARN msg="fetch failed" url=https://go.dev/dl/go1.23.6.freebsd-riscv64.tar.gz status=302 error="unexpected status 302"
time=2026-09-24T20:43:20.422+03:00 level=WARN msg="fetch failed" url=https://go.dev/dl/go1.23.6.freebsd-arm64.tar.gz status=302 error="unexpected status 302"
time=2026-09-24T20:43:20.423+03:00 level=WARN msg="fetch failed" url=https://go.dev/dl/go1.23.7.windows-386.msi status=302 error="unexpected status 302"
time=2026-09-24T20:43:20.428+03:00 level=WARN msg="fetch failed" url=https://go.dev/dl/go1.23.6.illumos-amd64.tar.gz status=302 error="unexpected status 302"
time=2026-09-24T20:43:20.438+03:00 level=WARN msg="fetch failed" url=https://go.dev/dl/go1.23.6.linux-loong64.tar.gz status=302 error="unexpected status 302"
time=2026-09-24T20:43:20.438+03:00 level=WARN msg="fetch failed" url=https://go.dev/dl/go1.23.6.linux-386.tar.gz status=302 error="unexpected status 302"
time=2026-09-24T20:43:20.442+03:00 level=WARN msg="fetch failed" url=https://go.dev/dl/go1.23.6.linux-arm64.tar.gz status=302 error="unexpected status 302"
time=2026-09-24T20:43:20.448+03:00 level=WARN msg="fetch failed" url=https://go.dev/dl/go1.23.6.linux-mips64.tar.gz status=302 error="unexpected status 302"
time=2026-09-24T20:43:20.454+03:00 level=WARN msg="fetch failed" url=https://go.dev/dl/go1.23.6.linux-amd64.tar.gz status=302 error="unexpected status 302"
time=2026-09-24T20:43:20.607+03:00 level=WARN msg="fetch failed" url=https://go.dev/dl/go1.23.6.linux-mips64le.tar.gz status=302 error="unexpected status 302"
time=2026-09-24T20:43:20.607+03:00 level=WARN msg="fetch failed" url=https://go.dev/dl/go1.23.6.linux-riscv64.tar.gz status=302 error="unexpected status 302"
time=2026-09-24T20:43:20.607+03:00 level=WARN msg="fetch failed" url=https://go.dev/dl/go1.23.6.linux-s390x.tar.gz status=302 error="unexpected status 302"
time=2026-09-24T20:43:20.608+03:00 level=WARN msg="fetch failed" url=https://go.dev/dl/go1.23.6.netbsd-386.tar.gz status=302 error="unexpected status 302"
time=2026-09-24T20:43:20.608+03:00 level=WARN msg="fetch failed" url=https://go.dev/dl/go1.23.6.netbsd-amd64.tar.gz status=302 error="unexpected status 302"
time=2026-09-24T20:43:20.608+03:00 level=WARN msg="fetch failed" url=https://go.dev/dl/go1.23.6.linux-ppc64le.tar.gz status=302 error="unexpected status 302"
time=2026-09-24T20:43:20.608+03:00 level=WARN msg="fetch failed" url=https://go.dev/dl/go1.23.6.linux-mipsle.tar.gz status=302 error="unexpected status 302"
time=2026-09-24T20:43:20.734+03:00 level=WARN msg="fetch failed" url=https://go.dev/dl/go1.23.6.linux-ppc64.tar.gz status=302 error="unexpected status 302"
time=2026-09-24T20:43:20.770+03:00 level=WARN msg="fetch failed" url=https://go.dev/dl/go1.23.6.openbsd-ppc64.tar.gz status=302 error="unexpected status 302"
time=2026-09-24T20:43:20.770+03:00 level=WARN msg="fetch failed" url=https://go.dev/dl/go1.23.6.netbsd-arm.tar.gz status=302 error="unexpected status 302"
time=2026-09-24T20:43:20.772+03:00 level=WARN msg="fetch failed" url=https://go.dev/dl/go1.23.6.openbsd-amd64.tar.gz status=302 error="unexpected status 302"
time=2026-09-24T20:43:20.775+03:00 level=WARN msg="fetch failed" url=https://go.dev/dl/go1.23.6.netbsd-arm64.tar.gz status=302 error="unexpected status 302"
time=2026-09-24T20:43:20.891+03:00 level=WARN msg="fetch failed" url=https://go.dev/dl/go1.23.6.linux-armv6l.tar.gz status=302 error="unexpected status 302"
time=2026-09-24T20:43:20.891+03:00 level=WARN msg="fetch failed" url=https://go.dev/dl/go1.23.6.openbsd-arm64.tar.gz status=302 error="unexpected status 302"
time=2026-09-24T20:43:20.891+03:00 level=WARN msg="fetch failed" url=https://go.dev/dl/go1.23.6.linux-mips.tar.gz status=302 error="unexpected status 302"
time=2026-09-24T20:43:20.891+03:00 level=WARN msg="fetch failed" url=https://go.dev/dl/go1.23.6.openbsd-386.tar.gz status=302 error="unexpected status 302"
time=2026-09-24T20:43:20.891+03:00 level=WARN msg="fetch failed" url=https://go.dev/dl/go1.23.6.openbsd-arm.tar.gz status=302 error="unexpected status 302"
time=2026-09-24T20:43:20.891+03:00 level=WARN msg="fetch failed" url=https://go.dev/dl/go1.23.6.openbsd-riscv64.tar.gz status=302 error="unexpected status 302"
time=2026-09-24T20:43:20.924+03:00 level=WARN msg="fetch failed" url=https://go.dev/dl/go1.23.6.plan9-amd64.tar.gz status=302 error="unexpected status 302"
time=2026-09-24T20:43:21.048+03:00 level=WARN msg="fetch failed" url=https://go.dev/dl/go1.23.6.solaris-amd64.tar.gz status=302 error="unexpected status 302"
time=2026-09-24T20:43:21.048+03:00 level=WARN msg="fetch failed" url=https://go.dev/dl/go1.23.6.plan9-arm.tar.gz status=302 error="unexpected status 302"
time=2026-09-24T20:43:21.048+03:00 level=WARN msg="fetch failed" url=https://go.dev/dl/go1.23.6.windows-amd64.zip status=302 error="unexpected status 302"
time=2026-09-24T20:43:21.048+03:00 level=WARN msg="fetch failed" url=https://go.dev/dl/go1.23.6.windows-386.msi status=302 error="unexpected status 302"
time=2026-09-24T20:43:21.052+03:00 level=WARN msg="fetch failed" url=https://go.dev/dl/go1.23.6.windows-386.zip status=302 error="unexpected status 302"
time=2026-09-24T20:43:21.063+03:00 level=WARN msg="fetch failed" url=https://go.dev/dl/go1.23.6.windows-arm.zip status=302 error="unexpected status 302"
time=2026-09-24T20:43:21.069+03:00 level=WARN msg="fetch failed" url=https://go.dev/dl/go1.23.6.windows-arm.msi status=302 error="unexpected status 302"
time=2026-09-24T20:43:21.080+03:00 level=WARN msg="fetch failed" url=https://go.dev/dl/go1.23.6.windows-arm64.zip status=302 error="unexpected status 302"
time=2026-09-24T20:43:21.208+03:00 level=WARN msg="fetch failed" url=https://go.dev/dl/go1.23.5.src.tar.gz status=302 error="unexpected status 302"
time=2026-09-24T20:43:21.213+03:00 level=WARN msg="fetch failed" url=https://go.dev/dl/go1.23.5.darwin-amd64.pkg status=302 error="unexpected status 302"
time=2026-09-24T20:43:21.213+03:00 level=WARN msg="fetch failed" url=https://go.dev/dl/go1.23.6.windows-arm64.msi status=302 error="unexpected status 302"
time=2026-09-24T20:43:21.229+03:00 level=WARN msg="fetch failed" url=https://go.dev/dl/go1.23.5.darwin-arm64.pkg status=302 error="unexpected status 302"
time=2026-09-24T20:43:21.230+03:00 level=WARN msg="fetch failed" url=https://go.dev/dl/go1.23.5.dragonfly-amd64.tar.gz status=302 error="unexpected status 302"
time=2026-09-24T20:43:21.240+03:00 level=WARN msg="fetch failed" url=https://go.dev/dl/go1.23.5.aix-ppc64.tar.gz status=302 error="unexpected status 302"
time=2026-09-24T20:43:21.330+03:00 level=WARN msg="fetch failed" url=https://go.dev/dl/go1.23.5.freebsd-386.tar.gz status=0 error="execute http request: Get \"https://go.dev/dl/go1.23.5.freebsd-386.tar.gz\": context deadline exceeded"
time=2026-09-24T20:43:21.330+03:00 level=WARN msg="fetch failed" url=https://go.dev/dl/go1.23.5.freebsd-riscv64.tar.gz status=0 error="execute http request: Get \"https://go.dev/dl/go1.23.5.freebsd-riscv64.tar.gz\": context deadline exceeded"
time=2026-09-24T20:43:21.330+03:00 level=WARN msg="fetch failed" url=https://go.dev/dl/go1.23.5.darwin-arm64.tar.gz status=0 error="execute http request: Get \"https://go.dev/dl/go1.23.5.darwin-arm64.tar.gz\": context deadline exceeded"
time=2026-09-24T20:43:21.330+03:00 level=WARN msg="fetch failed" url=https://go.dev/dl/go1.23.6.plan9-386.tar.gz status=0 error="execute http request: Get \"https://go.dev/dl/go1.23.6.plan9-386.tar.gz\": context deadline exceeded"
time=2026-09-24T20:43:21.330+03:00 level=WARN msg="fetch failed" url=https://go.dev/dl/go1.23.5.darwin-amd64.tar.gz status=0 error="execute http request: Get \"https://go.dev/dl/go1.23.5.darwin-amd64.tar.gz\": context deadline exceeded"
time=2026-09-24T20:43:21.330+03:00 level=WARN msg="fetch failed" url=https://go.dev/dl/go1.23.5.freebsd-arm64.tar.gz status=0 error="execute http request: Get \"https://go.dev/dl/go1.23.5.freebsd-arm64.tar.gz\": context deadline exceeded"
time=2026-09-24T20:43:21.330+03:00 level=WARN msg="fetch failed" url=https://go.dev/dl/go1.23.5.freebsd-amd64.tar.gz status=0 error="execute http request: Get \"https://go.dev/dl/go1.23.5.freebsd-amd64.tar.gz\": context deadline exceeded"
time=2026-09-24T20:43:21.330+03:00 level=WARN msg="fetch failed" url=https://go.dev/dl/go1.23.5.freebsd-arm.tar.gz status=0 error="execute http request: Get \"https://go.dev/dl/go1.23.5.freebsd-arm.tar.gz\": context deadline exceeded"
time=2026-09-24T20:43:21.330+03:00 level=WARN msg="fetch failed" url=https://go.dev/dl/go1.23.6.windows-amd64.msi status=0 error="execute http request: Get \"https://go.dev/dl/go1.23.6.windows-amd64.msi\": context deadline exceeded"
time=2026-09-24T20:43:21.330+03:00 level=WARN msg="fetch failed" url=https://go.dev/dl/go1.23.5.illumos-amd64.tar.gz status=0 error="execute http request: Get \"https://go.dev/dl/go1.23.5.illumos-amd64.tar.gz\": context deadline exceeded"
